,rcf,unconditional,buyhold_ew,spy
2007-01-04,0.0,0.0,0.003989859199423819,0.002121850652316848
2007-01-05,0.0,0.0,-0.0061120029689234,-0.00797600682766686
2007-01-08,0.0,0.0,0.002522288569218853,0.004624766205473918
2007-01-09,0.0,0.0,0.0010760071660177875,-0.0008496210940879267
2007-01-10,0.0,0.0,0.005803076963751059,0.0033312939765379745
2007-01-11,0.0,0.0,0.008796904779976798,0.004381391364117304
2007-01-12,0.0,0.0,0.006341860494051763,0.007596254222384857
2007-01-16,0.0,0.0,0.0003104576140852452,
2007-01-17,0.0,0.0,0.0007136209552363982,0.00041974209154860276
2007-01-18,0.0,0.0,-0.00840173902947765,-0.0033561455290643805
2007-01-19,0.0,0.0,0.0039950485309782355,0.00196456795885247
2007-01-22,0.0,0.0,-0.0061000083651999645,-0.0030811251413241925
2007-01-23,0.0,0.0,0.0036045739308667663,0.0029500102040995735
2007-01-24,0.0,0.0,0.007240176413651431,0.008053112634675452
2007-01-25,0.0,0.0,-0.011601885489418599,-0.01174024843728616
2007-01-26,0.0,0.0,-0.0009225477407557563,-0.0009135702855652683
2007-01-29,0.0,0.0,9.903994008254425e-05,-0.0005632320285124948
2007-01-30,0.0,0.0,0.005616343884574637,0.005209598817470074
2007-01-31,0.0,0.0,0.007676475013100867,0.006723103297845423
2007-02-01,0.0,0.0,0.007635162150271839,0.005982403353480992
2007-02-02,0.0,0.0,0.00397185213606207,0.0013832521148837706
2007-02-05,0.0,0.0,-3.853268509093208e-05,0.0002763286905229645
2007-02-06,0.0,0.0,0.00033681188881107033,0.00027610135524458457
2007-02-07,0.0,0.0,0.00506002312920794,0.0022087295046422373
2007-02-08,0.0,0.0,-0.0012165831932548995,-0.0013090771721401273
2007-02-09,0.0,0.0,-0.009059965041523404,-0.007446529490130138
2007-02-12,0.0,0.0,-0.00414377808454666,-0.0034045164203905243
2007-02-13,0.0,0.0,0.006262453436468091,0.00843523706960636
2007-02-14,0.0,0.0,0.010863318188398063,0.006567323094061939
2007-02-15,0.0,0.0,0.0016930083664557576,0.0013043541937123315
2007-02-16,0.0,0.0,-0.0005652461387293274,-0.0004799729252965568
2007-02-20,0.0,0.0,0.0029703584073586045,
2007-02-21,0.0,0.0,-0.001194329832663085,-0.00041006627332973444
2007-02-22,0.0,0.0,-0.0008215480547844234,-0.0007537197353731928
2007-02-23,0.0,0.0,-0.0018405929398649626,-0.003907439586841033
2007-02-26,0.0,0.0,-0.0030981707599346607,-0.0008945316007494819
2007-02-27,0.0,0.0,-0.03467185639752789,-0.039057515075259897
2007-02-28,0.0,0.0,0.004124874684233185,0.010250367417263817
2007-03-01,0.0,0.0,-0.003560705430171193,-0.002979897236574214
2007-03-02,0.0,0.0,-0.012893031798253993,-0.013095210761591924
2007-03-05,0.0,0.0,-0.00914429077762204,-0.009519059649209183
2007-03-06,0.0,0.0,0.015946483425807356,0.017109429068361326
2007-03-07,0.0,0.0,-0.0023935509676928732,-0.001002175084731216
2007-03-08,0.0,0.0,0.007164697811090188,0.008455489999422472
2007-03-09,0.0,0.0,0.0020954474066592083,0.00028416426450594834
2007-03-12,0.0,0.0,0.003088553201693273,0.0014920406115945806
2007-03-13,0.0,0.0,-0.020153217913665256,-0.019434260192282338
2007-03-14,0.0,0.0,0.0066066181722433,0.0074502253704447075
2007-03-15,0.0,0.0,0.0032154513689242343,0.0013639489395806947
2007-03-16,0.0,0.0,-0.0027653885963822697,-0.0028000848415512536
2007-03-19,0.0,0.0,0.010575679632645,0.012055065962386147
2007-03-20,0.0,0.0,0.00602691789968381,0.005492438883875517
2007-03-21,0.0,0.0,0.017946211883063362,0.016457086003398347
2007-03-22,0.0,0.0,-0.0010610832376000512,-0.000767800660095852
2007-03-23,0.0,0.0,0.0014580574984035225,0.0014669414005523684
2007-03-26,0.0,0.0,-0.001268092716794426,-0.001325013647442863
2007-03-27,0.0,0.0,-0.004901959541720643,-0.002374222931105119
2007-03-28,0.0,0.0,-0.008066063140189367,-0.007280146129038045
2007-03-29,0.0,0.0,0.0024105634818521295,0.0010576438965996804
2007-03-30,0.0,0.0,-4.636687571681212e-05,0.00021138202025206
2007-04-02,0.0,0.0,0.0034960800575381474,0.0011272603699132855
2007-04-03,0.0,0.0,0.009080862678306328,0.010762237346967352
2007-04-04,0.0,0.0,0.0012744183771088223,0.001113243849299339
2007-04-05,0.0,0.0,0.0037602921576006462,0.002711446770052417
2007-04-09,0.0,0.0,0.0008608642843838772,0.0013863808135408107
2007-04-10,0.0,0.0,0.0018688769261082448,0.0011769204142071388
2007-04-11,0.0,0.0,-0.007585714405191842,-0.004079653886261969
2007-04-12,0.0,0.0,0.006853175506506849,0.004443906262810549
2007-04-13,0.0,0.0,0.0038898838254293766,0.004562044139141852
2007-04-16,0.0,0.0,0.010527633550129164,0.009496720440488549
2007-04-17,0.0,0.0,0.0038822522680091536,0.002658397877558727
2007-04-18,0.0,0.0,-3.414754166820648e-06,0.0012238478974639921
2007-04-19,0.0,0.0,-0.0005936842667656295,-0.0002721186452084856
2007-04-20,0.0,0.0,0.011112101317982098,0.009440921788504975
2007-04-23,0.0,0.0,-0.0006826739007676024,-0.0037675087314614775
2007-04-24,0.0,0.0,0.0025911758150107336,0.00040463904688814445
2007-04-25,0.0,0.0,0.010985675771579478,0.009181958838967441
2007-04-26,0.0,0.0,0.0010320046581427649,0.0011371655581884355
2007-04-27,0.0,0.0,0.0005517740713554182,-0.0008019174977789145
2007-04-30,0.0,0.0,-0.010199708690462729,-0.008292451307262971
2007-05-01,0.0,0.0,0.0038045998977187605,0.00256246184386022
2007-05-02,0.0,0.0,0.007273813657524903,0.005851620946260461
2007-05-03,0.0,0.0,0.004258106490725963,0.005417599659679029
2007-05-04,0.0,0.0,0.0020859767819076946,0.0037903020258365228
2007-05-07,0.0,0.0,0.001190958295404901,0.00019935170997120721
2007-05-08,0.0,0.0,-0.00033897830066155043,-0.001325402996982361
2007-05-09,0.0,0.0,0.005226242666419311,0.002719283952481888
2007-05-10,0.0,0.0,-0.013887928440463765,-0.010452017584859141
2007-05-11,0.0,0.0,0.011304588215689476,0.008556793613933467
2007-05-14,0.0,0.0,-0.0016261275197218762,-0.002186954421192544
2007-05-15,0.0,0.0,-0.0034317789286690318,0.00026608083053680787
2007-05-16,0.0,0.0,0.007310964569387193,0.006840444466115647
2007-05-17,0.0,0.0,-0.0029439179696743424,-0.0019789701192899356
2007-05-18,0.0,0.0,0.007752557145919987,0.008724172950535403
2007-05-21,0.0,0.0,0.0028525019678005575,-0.0005243746420218187
2007-05-22,0.0,0.0,-0.0009022533933414191,-0.0007864390570786473
2007-05-23,0.0,0.0,-0.0015046676407672438,0.00013156940286007668
2007-05-24,0.0,0.0,-0.008923829334503525,-0.009053156478537105
2007-05-25,0.0,0.0,0.004903905908002854,0.004170824391130923
2007-05-29,0.0,0.0,0.0044699934309236,0.003626342329760668
2007-05-30,0.0,0.0,0.007819821587221566,0.008144403077796847
2007-05-31,0.0,0.0,0.0021477863782026385,-0.001042659692796044
2007-06-01,0.0,0.0,0.0034844493099181048,0.004957429846474293
2007-06-04,0.0,0.0,0.0020600769511759267,0.00012965699433054034
2007-06-05,0.0,0.0,-0.004298271717102231,-0.0039588323844294004
2007-06-06,0.0,0.0,-0.008409132262639434,-0.010749605257825978
2007-06-07,0.0,0.0,-0.019334292860344722,-0.01804528927128124
2007-06-08,0.0,0.0,0.010818521740231448,0.013011483484016928
2007-06-11,0.0,0.0,-0.0006061111975051519,0.0017212692029118237
2007-06-12,0.0,0.0,-0.009106319366291462,-0.010905630161072155
2007-06-13,0.0,0.0,0.014309857596387393,0.014968568575446595
2007-06-14,0.0,0.0,0.005487046422114186,0.006386132379573084
2007-06-15,0.0,0.0,0.00901324293005185,0.005689512700480792
2007-06-18,0.0,0.0,-0.0016969148602546,-0.0011754533261277844
2007-06-19,0.0,0.0,0.001977058435524975,0.002485126555518802
2007-06-20,0.0,0.0,-0.011916923502183836,-0.013896957072936589
2007-06-21,0.0,0.0,0.006634489354967572,0.00555798231391913
2007-06-22,0.0,0.0,-0.012350639924484109,-0.009409405108902757
2007-06-25,0.0,0.0,-0.004398616776406477,-0.004782531483882302
2007-06-26,0.0,0.0,-0.0033220940808688683,-0.010278677681571091
2007-06-27,0.0,0.0,0.012016545408848988,0.014229228196902532
2007-06-28,0.0,0.0,-0.001710274027838828,-0.00013254791123817888
2007-06-29,0.0,0.0,-0.0017883492655945805,0.0003319907051257953
2007-07-02,0.0,0.0,0.012090517898259207,0.009041094566914598
2007-07-03,0.0,0.0,0.003104734907740683,0.0036229056929824033
2007-07-05,0.0,0.0,0.0013552473036406967,
2007-07-06,0.0,0.0,0.004632443165672808,0.005257149308257381
2007-07-09,0.0,0.0,0.0021248095003687825,0.000784214466810651
2007-07-10,0.0,0.0,-0.013238609001443573,-0.014238905960991644
2007-07-11,0.0,0.0,0.005828228611658985,0.0070900915080027715
2007-07-12,0.0,0.0,0.019145680353859818,0.0157903720797532
2007-07-13,0.0,0.0,0.0047498361294000015,0.002979298061949631
2007-07-16,0.0,0.0,-0.0021295400116533372,-0.00012936918687944665
2007-07-17,0.0,0.0,0.0007836966232753183,-0.0005162827668805381
2007-07-18,0.0,0.0,-0.0019360857576571804,-0.0018091846697935177
2007-07-19,0.0,0.0,0.005744932296998217,0.003883670342663903
2007-07-20,0.0,0.0,-0.00914120837246817,-0.01012446378677967
2007-07-23,0.0,0.0,0.004030304744933753,0.0030624273494030962
2007-07-24,0.0,0.0,-0.01972697350317491,-0.01734120700148778
2007-07-25,0.0,0.0,0.006832479286846337,0.0020485793675217856
2007-07-26,0.0,0.0,-0.020550071860735642,-0.023678725310561144
2007-07-27,0.0,0.0,-0.014811732751259842,-0.019659555029996167
2007-07-30,0.0,0.0,0.013020757382120808,0.01564299701067906
2007-07-31,0.0,0.0,-0.012627843776205577,-0.011263117496041475
2007-08-01,0.0,0.0,0.005849267134642846,0.004872052881389921
2007-08-02,0.0,0.0,0.0055431271743060255,0.00799027839832367
2007-08-03,0.0,0.0,-0.026105817301273735,-0.02574517600358006
2007-08-06,0.0,0.0,0.023471594798399623,0.016759394354095125
2007-08-07,0.0,0.0,0.007510506654609394,0.010669361942824418
2007-08-08,0.0,0.0,0.013555771205443028,0.01394055960121543
2007-08-09,0.0,0.0,-0.026154971821698646,-0.029633713477887125
2007-08-10,0.0,0.0,-0.0007826399050373948,-0.004676918293320842
2007-08-13,0.0,0.0,-0.0017138208977136476,0.0035932944158458824
2007-08-14,0.0,0.0,-0.017348921928223335,-0.015285792040875879
2007-08-15,0.0,0.0,-0.015300893636066118,-0.01377514829159876
2007-08-16,0.0,0.0,0.0027800814847970777,0.007515086657199133
2007-08-17,0.0,0.0,0.02294640492761467,0.018367532772941564
2007-08-20,0.0,0.0,0.0014513585180159227,-0.00048388279063649176
2007-08-21,0.0,0.0,0.0024651222184488954,0.002005456365051783
2007-08-22,0.0,0.0,0.013107957915821873,0.011867063622434726
2007-08-23,0.0,0.0,-0.004760012459225818,-0.0008858115866848815
2007-08-24,0.0,0.0,0.011306720912193544,0.012352841155686578
2007-08-27,0.0,0.0,-0.006311622817020789,-0.009303346904476872
2007-08-28,0.0,0.0,-0.022237277819839456,-0.021980130788421093
2007-08-29,0.0,0.0,0.023106119602583592,0.01962130588341826
2007-08-30,0.0,0.0,-0.0026409388855760706,-0.002661574838140668
2007-08-31,0.0,0.0,0.012653354659852362,0.009853402319196958
2007-09-04,0.0,0.0,0.01123694232253106,
2007-09-05,0.0,0.0,-0.012147081391814158,-0.008653411309900494
2007-09-06,0.0,0.0,0.005315389943802113,0.0023010348638998757
2007-09-07,0.0,0.0,-0.01751105477465797,-0.013907115682439186
2007-09-10,0.0,0.0,3.769970234747783e-05,-0.0019162482136576564
2007-09-11,0.0,0.0,0.0121640494016937,0.011659873728346648
2007-09-12,0.0,0.0,-0.0003131201768670837,0.0025768504975924866
2007-09-13,0.0,0.0,0.00891206614915595,0.007032789415190255
2007-09-14,0.0,0.0,-0.0007039418133067043,-6.686427317337262e-05
2007-09-17,0.0,0.0,-0.007022518905963993,-0.005372808910471427
2007-09-18,0.0,0.0,0.030344401794449503,0.029439983970268813
2007-09-19,0.0,0.0,0.004619503499005193,0.005902486223749781
2007-09-20,0.0,0.0,-0.006506915509879533,-0.007042284400365806
2007-09-21,0.0,0.0,0.00400921220730539,0.0026989291249230885
2007-09-24,0.0,0.0,-0.0038741831785255444,-0.001842532547098874
2007-09-25,0.0,0.0,3.961097719250856e-05,-0.0019775879063764767
2007-09-26,0.0,0.0,0.006687740188399002,0.005284445191725329
2007-09-27,0.0,0.0,0.004811513931813886,0.005913625824639057
2007-09-28,0.0,0.0,-0.0022468080905553747,-0.003331344849615614
2007-10-01,0.0,0.0,0.015082707482541863,0.01127340528253895
2007-10-02,0.0,0.0,-0.001968339680326249,-0.0013612234542363932
2007-10-03,0.0,0.0,-0.003960486358526668,-0.002012567759880568
2007-10-04,0.0,0.0,0.0029161419304145346,0.0015609760617576462
2007-10-05,0.0,0.0,0.010893187927633413,0.011882060955251017
2007-10-08,0.0,0.0,-0.0009371716203746231,-0.005326395952939267
2007-10-09,0.0,0.0,0.007521115081585495,0.00941837239979293
2007-10-10,0.0,0.0,3.061808272272346e-05,-0.0016615967706272716
2007-10-11,0.0,0.0,-0.00788009372957248,-0.004800433732005893
2007-10-12,0.0,0.0,0.007696346905377016,0.005531053408108555
2007-10-15,0.0,0.0,-0.006142140532538541,-0.008443564811496551
2007-10-16,0.0,0.0,-0.006344955503004006,-0.007935223461508323
2007-10-17,0.0,0.0,0.0037365203432442448,0.003056458097090209
2007-10-18,0.0,0.0,0.0006133110729680837,-0.003630875670046607
2007-10-19,0.0,0.0,-0.023031953509733877,-0.026155714386356
2007-10-22,0.0,0.0,0.006101499130787403,0.005812252683909502
2007-10-23,0.0,0.0,0.010057325382712427,0.008104731627570638
2007-10-24,0.0,0.0,-0.001309747737472997,-0.0018457216289295975
2007-10-25,0.0,0.0,-0.0008780885947382719,0.0023769090490581846
2007-10-26,0.0,0.0,0.007987590634820192,0.011723062301754128
2007-10-29,0.0,0.0,0.004333327485048998,0.0033194996837484503
2007-10-30,0.0,0.0,-0.0022307775690666052,-0.006941589430114692
2007-10-31,0.0,0.0,0.014010985055765141,0.010387699005408368
2007-11-01,0.0,0.0,-0.024611989583898007,-0.023408067416753164
2007-11-02,0.0,0.0,0.0018971218536686682,0.0011256663653265164
2007-11-05,0.0,0.0,-0.003809565036690812,-0.0076052864608636694
2007-11-06,0.0,0.0,0.009954631083045866,0.013462254701404053
2007-11-07,0.0,0.0,-0.02550410605780396,-0.027356088073016815
2007-11-08,0.0,0.0,0.00019249135857397223,-0.005070864751031023
2007-11-09,0.0,0.0,-0.013623444534853308,-0.013725905155576923
2007-11-12,0.0,0.0,-0.006609495379545935,-0.009921898573685084
2007-11-13,0.0,0.0,0.026917705346019824,0.030480159455436917
2007-11-14,0.0,0.0,-0.005465620302157722,-0.002769079878896852
2007-11-15,0.0,0.0,-0.008091107706523864,-0.014424139709675043
2007-11-16,0.0,0.0,0.0028604084640710082,0.0017184814525050829
2007-11-19,0.0,0.0,-0.014116247702378425,-0.013924408576378444
2007-11-20,0.0,0.0,0.002469912277049219,0.006121105329687682
2007-11-21,0.0,0.0,-0.012225533164339502,-0.020464317809178567
2007-11-23,0.0,0.0,0.015262288864303938,
2007-11-26,0.0,0.0,-0.021153411252227868,-0.02206291919497816
2007-11-27,0.0,0.0,0.015198849139296216,0.011493325027224666
2007-11-28,0.0,0.0,0.02917422198989787,0.0319845513702226
2007-11-29,0.0,0.0,0.0020628324099662516,0.0003395563316470618
2007-11-30,0.0,0.0,0.006093633134468483,0.010056051783979836
2007-12-03,0.0,0.0,-0.00219872714574776,-0.006592776679356871
2007-12-04,0.0,0.0,-0.006447966618619491,-0.008937689599344156
2007-12-05,0.0,0.0,0.017113831159400534,0.01673958552526922
2007-12-06,0.0,0.0,0.01396674688374123,0.014313342299483889
2007-12-07,0.0,0.0,-0.0008383598827754922,-0.00019874854925727714
2007-12-10,0.0,0.0,0.00864428150507547,0.00775323499130498
2007-12-11,0.0,0.0,-0.02418617857845199,-0.027420019206279123
2007-12-12,0.0,0.0,0.004739724595773313,0.009870889273347672
2007-12-13,0.0,0.0,-0.0021186891318293417,-0.002075514050895677
2007-12-14,0.0,0.0,-0.01262636989858893,-0.012679443249312694
2007-12-17,0.0,0.0,-0.01813364103074934,-0.014269228334572781
2007-12-18,0.0,0.0,0.0067465211397134215,0.0055837919646644085
2007-12-19,0.0,0.0,-0.00047492412362788993,0.0
2007-12-20,0.0,0.0,0.006238851431730301,0.006306092843470168
2007-12-21,0.0,0.0,0.017052630936044293,0.014415865901657776
2007-12-24,0.0,0.0,0.008348958593815512,0.007425362899180499
2007-12-26,0.0,0.0,0.0005816732212294651,0.002144638199427673
2007-12-27,0.0,0.0,-0.014145159612912848,-0.012571035180373502
2007-12-28,0.0,0.0,0.0008036470832229742,-0.002505712914918079
2007-12-31,0.0,0.0,-0.006026842043106102,-0.007399555975612593
2008-01-02,0.0,0.0,-0.01605390261982704,-0.008754491888712246
2008-01-03,0.0,0.0,-0.00265237074661035,-0.0004833664233854229
2008-01-04,0.0,0.0,-0.025421981810200583,-0.024506683711769228
2008-01-07,0.0,0.0,0.005610438847513555,-0.0008487162037089657
2008-01-08,0.0,0.0,-0.01621824652754704,-0.016148355880163723
2008-01-09,0.0,0.0,0.011070198769527749,0.010510593499246212
2008-01-10,0.0,0.0,0.009305277148303901,0.00655368210113183
2008-01-11,0.0,0.0,-0.017112360152040634,-0.008068464414625387
2008-01-14,0.0,0.0,0.012182664884995054,0.008062839812860378
2008-01-15,0.0,0.0,-0.02192060972031163,-0.022013077665817837
2008-01-16,0.0,0.0,-0.001295308761488157,-0.008612500058286399
2008-01-17,0.0,0.0,-0.022432374484473213,-0.0259164659280553
2008-01-18,0.0,0.0,-0.002955803194164608,-0.010267477180164963
2008-01-22,0.0,0.0,-0.007451929146042457,
2008-01-23,0.0,0.0,0.02219423224726326,0.024020873916164254
2008-01-24,0.0,0.0,0.006931845332577997,0.008441303620286833
2008-01-25,0.0,0.0,-0.015448900822353676,-0.0144452680125563
2008-01-28,0.0,0.0,0.012543835934717452,0.016536050295898663
2008-01-29,0.0,0.0,0.004334754106743704,0.0049541092825931
2008-01-30,0.0,0.0,-0.005861490916049626,-0.007357831522344704
2008-01-31,0.0,0.0,0.015717553755882577,0.018234440970459787
2008-02-01,0.0,0.0,0.016015012191427584,0.016088305463701547
2008-02-04,0.0,0.0,-0.008112261189536162,-0.012609343004193918
2008-02-05,0.0,0.0,-0.029959681413280755,-0.026773941111042254
2008-02-06,0.0,0.0,-0.007068801582118406,-0.008052130663214196
2008-02-07,0.0,0.0,0.008373374796083079,0.0066140210434531
2008-02-08,0.0,0.0,-0.004564585977778795,-0.006421195774834132
2008-02-11,0.0,0.0,0.006875639361403301,0.005110264183769253
2008-02-12,0.0,0.0,0.0065004422354526595,0.009270752455936337
2008-02-13,0.0,0.0,0.01582470768500565,0.010222877258494911
2008-02-14,0.0,0.0,-0.017224074162792372,-0.008799409818825099
2008-02-15,0.0,0.0,-0.0006026554941556601,-0.00022195604444141814
2008-02-19,0.0,0.0,-0.0038183387526315566,
2008-02-20,0.0,0.0,0.009270270837938438,0.0029514269244712565
2008-02-21,0.0,0.0,-0.012557200945112073,-0.008313922567397491
2008-02-22,0.0,0.0,0.006024285747272529,0.006157884762043375
2008-02-25,0.0,0.0,0.013983584584571692,0.01260888275005878
2008-02-26,0.0,0.0,0.009583932184937442,0.007499823093406244
2008-02-27,0.0,0.0,-0.0001889269799954908,-0.001011551900978902
2008-02-28,0.0,0.0,-0.007730654814454154,-0.009767312574356146
2008-02-29,0.0,0.0,-0.025349028665978324,-0.022283717619856813
2008-03-03,0.0,0.0,0.00035073204736153215,-0.00239104085864994
2008-03-04,0.0,0.0,-0.0020663002850395,-0.003820131289162809
2008-03-05,0.0,0.0,0.004919363983144044,0.00631615680921449
2008-03-06,0.0,0.0,-0.023780331342253987,-0.0206979875055453
2008-03-07,0.0,0.0,-0.006631426554902992,-0.010300586858652871
2008-03-10,0.0,0.0,-0.016490938057842235,-0.013183298588811287
2008-03-11,0.0,0.0,0.029379199641250638,0.03593777801714437
2008-03-12,0.0,0.0,-0.006534699818215423,-0.009351963244196959
2008-03-13,0.0,0.0,0.00976982288102352,0.0022080788120317774
2008-03-14,0.0,0.0,-0.02150788632917867,-0.015495823868819758
2008-03-17,0.0,0.0,-0.008068794989516443,-0.010107298185428548
2008-03-18,0.0,0.0,0.0390026038808067,0.04154343424875018
2008-03-19,0.0,0.0,-0.022489684670244398,-0.024770136403050813
2008-03-20,0.0,0.0,0.024314652962835026,0.01852269786271976
2008-03-24,0.0,0.0,0.0198894634830652,0.01998769375738907
2008-03-25,0.0,0.0,0.0031162375953505926,0.0009653974952013034
2008-03-26,0.0,0.0,-0.006973298580952258,-0.012235934534822412
2008-03-27,0.0,0.0,-0.010939388863658236,-0.0031529692659898467
2008-03-28,0.0,0.0,-0.006965232485402979,-0.009565112987962587
2008-03-31,0.0,0.0,0.007840936111178936,0.0034982526205411535
2008-04-01,0.0,0.0,0.036281506987623356,0.03515909550021212
2008-04-02,0.0,0.0,-0.001327420267519604,0.000658967011915701
2008-04-03,0.0,0.0,0.002628711027008295,0.002487105453693239
2008-04-04,0.0,0.0,0.0007375900130033886,-0.0010947021872054208
2008-04-07,0.0,0.0,0.0022283962248560254,0.000511811152690278
2008-04-08,0.0,0.0,-0.0038115381040415633,-0.0010221624829545028
2008-04-09,0.0,0.0,-0.009259684569858262,-0.007235946523578729
2008-04-10,0.0,0.0,0.009350299149043407,0.0013987388144551804
2008-04-11,0.0,0.0,-0.021616299175797094,-0.01940880036656889
2008-04-14,0.0,0.0,-0.003321363715377553,-0.00337406273587304
2008-04-15,0.0,0.0,0.005981359639765537,0.0023324145252909823
2008-04-16,0.0,0.0,0.024233587729550376,0.027093596651678986
2008-04-17,0.0,0.0,-0.0015863186046381611,0.0014620198094510428
2008-04-18,0.0,0.0,0.017718421798817607,0.010433990218104983
2008-04-21,0.0,0.0,0.001093094337551337,0.000505162775915613
2008-04-22,0.0,0.0,-0.0140810202082041,-0.004402499135094273
2008-04-23,0.0,0.0,0.007640155104754405,-0.0015946997747418035
2008-04-24,0.0,0.0,0.0064140086544702294,0.004356254877685872
2008-04-25,0.0,0.0,0.006826924449770834,0.009253931244481928
2008-04-28,0.0,0.0,-0.0022263747346789576,0.00021500199579094215
2008-04-29,0.0,0.0,-0.0008192282886675418,-0.003938687785644768
2008-04-30,0.0,0.0,-0.00354360745500339,-0.005896437506904828
2008-05-01,0.0,0.0,0.02151922783524335,0.020685981867732295
2008-05-02,0.0,0.0,0.0017311068019034437,0.0027635574758473336
2008-05-05,0.0,0.0,-0.004825625670325957,-0.004805134134581501
2008-05-06,0.0,0.0,0.005769081793264911,0.008662520571712795
2008-05-07,0.0,0.0,-0.015283528840370276,-0.01781043374574609
2008-05-08,0.0,0.0,0.002844000728932422,-0.002580507507212726
2008-05-09,0.0,0.0,-0.0057769505062667285,-0.001867809230076678
2008-05-12,0.0,0.0,0.012606692069344923,0.011230826937183913
2008-05-13,0.0,0.0,-0.00027368437886929445,0.00014248240251046873
2008-05-14,0.0,0.0,0.004007975644741365,0.0020639891397176147
2008-05-15,0.0,0.0,0.009335792515212443,0.012503024784561001
2008-05-16,0.0,0.0,0.001544048677424123,0.0009120478097170981
2008-05-19,0.0,0.0,0.0009177530497885706,0.002733500412204659
2008-05-20,0.0,0.0,-0.010031266432930492,-0.008108755123572675
2008-05-21,0.0,0.0,-0.0175058693344371,-0.016914274801503315
2008-05-22,0.0,0.0,0.0021333706777177746,0.00014293696081701945
2008-05-23,0.0,0.0,-0.011400692210302871,-0.01340390111585188
2008-05-27,0.0,0.0,0.011237527495624016,
2008-05-28,0.0,0.0,0.005677958555566986,0.004616082179717429
2008-05-29,0.0,0.0,0.011077230670123497,0.005024574429936424
2008-05-30,0.0,0.0,0.0013218189340483005,0.0025001469193119963
2008-06-02,0.0,0.0,-0.011475239300997286,-0.010331028379647056
2008-06-03,0.0,0.0,-0.003902676187380732,-0.0058319219956970425
2008-06-04,0.0,0.0,0.0032670700887246413,-0.0005068217432870892
2008-06-05,0.0,0.0,0.016178606851816952,0.019997095329100212
2008-06-06,0.0,0.0,-0.032817893427231924,-0.0318933779092313
2008-06-09,0.0,0.0,-0.00263417345936528,0.002420812432743391
2008-06-10,0.0,0.0,-0.0034141840495688115,-0.00497712359515412
2008-06-11,0.0,0.0,-0.020757713073530616,-0.014712561137930735
2008-06-12,0.0,0.0,0.005555051808459559,0.0038076526718744397
2008-06-13,0.0,0.0,0.01824134037082854,0.012644110964846744
2008-06-16,0.0,0.0,0.0021188600716769528,0.0005878145955857672
2008-06-17,0.0,0.0,-0.008928468174242732,-0.004844699870262592
2008-06-18,0.0,0.0,-0.010167413424905755,-0.009736964580639551
2008-06-19,0.0,0.0,0.007330883865154489,0.0012664460096205588
2008-06-20,0.0,0.0,-0.018929699883976473,-0.016231451217889492
2008-06-23,0.0,0.0,-0.0048217839605684204,-0.0009886061025640158
2008-06-24,0.0,0.0,-0.0003550000143795057,-0.001977793839034292
2008-06-25,0.0,0.0,0.006754821527766655,0.004726434343278019
2008-06-26,0.0,0.0,-0.03303041052225241,-0.027160725053889223
2008-06-27,0.0,0.0,-0.0032396660311651768,-0.005458872730634501
2008-06-30,0.0,0.0,-0.0006467162307922611,0.003528614574846989
2008-07-01,0.0,0.0,0.003715219665870486,0.003125757534724105
2008-07-02,0.0,0.0,-0.016811662088722493,-0.01713668904121779
2008-07-03,0.0,0.0,-0.0024076120215913654,0.0010303248152063738
2008-07-07,0.0,0.0,-0.008272219588081971,
2008-07-08,0.0,0.0,0.024742175378444354,0.017757132774889772
2008-07-09,0.0,0.0,-0.02385310506811257,-0.019254835412927607
2008-07-10,0.0,0.0,0.004294724095253465,0.004087119753750423
2008-07-11,0.0,0.0,-0.010992541257595282,-0.011652110296756168
2008-07-14,0.0,0.0,-0.010208544374025718,-0.009044034907596643
2008-07-15,0.0,0.0,-0.0062633756492622575,-0.01409700568257033
2008-07-16,0.0,0.0,0.03075020571853387,0.02454739024707231
2008-07-17,0.0,0.0,0.017997415854059343,0.010003435027589491
2008-07-18,0.0,0.0,-0.0013313042475586675,0.00622974257315434
2008-07-21,0.0,0.0,-0.00502649101221252,0.0005558139395536177
2008-07-22,0.0,0.0,0.013255135757861991,0.011344502198277429
2008-07-23,0.0,0.0,0.009639914632936656,0.0054125918007226215
2008-07-24,0.0,0.0,-0.020610281877848025,-0.020753822829229995
2008-07-25,0.0,0.0,0.006647545546019616,-0.00023871079230297632
2008-07-28,0.0,0.0,-0.017799678953353982,-0.014663799193747828
2008-07-29,0.0,0.0,0.02599090250508244,0.021352550941612813
2008-07-30,0.0,0.0,0.013365262791512782,0.01781720392718711
2008-07-31,0.0,0.0,-0.012380560588161671,-0.01322634137617662
2008-08-01,0.0,0.0,-0.009490558258373407,-0.005282483256684012
2008-08-04,0.0,0.0,-0.0037921277890184692,-0.0092740553817382
2008-08-05,0.0,0.0,0.027913744322347236,0.026962428422716345
2008-08-06,0.0,0.0,0.004036855745635167,0.00444010092147451
2008-08-07,0.0,0.0,-0.015302617059375178,-0.01489161774934833
2008-08-08,0.0,0.0,0.029461078427559653,0.018581523380551745
2008-08-11,0.0,0.0,0.012678870655019154,0.010357617339568304
2008-08-12,0.0,0.0,-0.010308024977174857,-0.010404517454967732
2008-08-13,0.0,0.0,-0.005216390413614081,-0.006030199574824424
2008-08-14,0.0,0.0,0.00769514021383332,0.007544344825835436
2008-08-15,0.0,0.0,0.006062049812182922,0.0048634568305727655
2008-08-18,0.0,0.0,-0.014061001139833641,-0.013674726826044648
2008-08-19,0.0,0.0,-0.012375073610192739,-0.010904305445097351
2008-08-20,0.0,0.0,0.0022530244769161287,0.004646322877118525
2008-08-21,0.0,0.0,0.0005242801455531652,0.0017245314726994643
2008-08-22,0.0,0.0,0.014698507489233924,0.01447563428233889
2008-08-25,0.0,0.0,-0.020138215123910817,-0.020285655500329125
2008-08-26,0.0,0.0,0.0023560085129134592,0.00291283931020625
2008-08-27,0.0,0.0,0.006053007151799217,0.009734094058157394
2008-08-28,0.0,0.0,0.016635823963763494,0.01212807596024601
2008-08-29,0.0,0.0,-0.01377844956887487,-0.010753620724278101
2008-09-02,0.0,0.0,-7.844296121250806e-05,
2008-09-03,0.0,0.0,-0.0030452024345115464,-0.0008593375350743893
2008-09-04,0.0,0.0,-0.02962339641686347,-0.0301065065025784
2008-09-05,0.0,0.0,0.0027352884813201784,0.0031445556986413603
2008-09-08,0.0,0.0,0.02112428913088348,0.020655564196589093
2008-09-09,0.0,0.0,-0.029805541064947677,-0.029686919701507386
2008-09-10,0.0,0.0,0.0073531804643500185,0.004057397541522789
2008-09-11,0.0,0.0,0.015305988583565584,0.014468081595851778
2008-09-12,0.0,0.0,0.0009777872962664289,0.004621315569229623
2008-09-15,0.0,0.0,-0.03729895112735702,-0.04758502264192788
2008-09-16,0.0,0.0,0.014533804109437885,0.016737501476278505
2008-09-17,0.0,0.0,-0.04868848475198221,-0.04496345417576564
2008-09-18,0.0,0.0,0.04430304312197526,0.029671663123167713
2008-09-19,0.0,0.0,0.03551665672525167,0.03971413065547691
2008-09-22,0.0,0.0,-0.042869534188978535,-0.022639399914102576
2008-09-23,0.0,0.0,-0.014557291294019772,-0.02275165345964114
2008-09-24,0.0,0.0,-0.0013525114008585103,0.00320526395523002
2008-09-25,0.0,0.0,0.020712418995546673,0.01563905438623059
2008-09-26,0.0,0.0,0.007853354726994935,0.0004972481576352994
2008-09-29,0.0,0.0,-0.07691595335537894,-0.07836163201071467
2008-09-30,0.0,0.0,0.04561597085522661,0.04139001055074476
2008-10-01,0.0,0.0,-0.0069296967911683036,0.000603400532461551
2008-10-02,0.0,0.0,-0.03972306231725995,-0.03627428085533024
2008-10-03,0.0,0.0,-0.0102112351119049,-0.01350021987190253
2008-10-06,0.0,0.0,-0.03805563485661926,-0.05093399671000476
2008-10-07,0.0,0.0,-0.05271954324953223,-0.04478548142620997
2008-10-08,0.0,0.0,-0.011007503611415668,-0.025192291556544455
2008-10-09,0.0,0.0,-0.0690229246498212,-0.0698389520173276
2008-10-10,0.0,0.0,-0.014062081375108679,-0.02425613422304118
2008-10-13,0.0,0.0,0.12904185822663164,0.1451974679592114
2008-10-14,0.0,0.0,-0.009123839062745403,-0.014799990487955328
2008-10-15,0.0,0.0,-0.09040959177977625,-0.09844765118234877
2008-10-16,0.0,0.0,0.044125246605739354,0.04165705242582418
2008-10-17,0.0,0.0,-0.0036164336161977027,-0.00597208921665715
2008-10-20,0.0,0.0,0.04089820737453548,0.06007935323462066
2008-10-21,0.0,0.0,-0.03418294694276861,-0.029855186730647798
2008-10-22,0.0,0.0,-0.05191318529804855,-0.05445387662455525
2008-10-23,0.0,0.0,0.006682410395804664,0.011583888728986302
2008-10-24,0.0,0.0,-0.03761865327194799,-0.05071439968383662
2008-10-27,0.0,0.0,-0.03552515041383043,-0.035500724760491376
2008-10-28,0.0,0.0,0.103691836035323,0.11685549705903564
2008-10-29,0.0,0.0,-0.0042547574052675605,-0.0072526805492419966
2008-10-30,0.0,0.0,0.03654899908135372,0.034593970537030616
2008-10-31,0.0,0.0,0.023866158979007467,0.005503006494651963
2008-11-03,0.0,0.0,-0.0046477000268462555,0.0028920627005131205
2008-11-04,0.0,0.0,0.04101886406208869,0.03398214556290724
2008-11-05,0.0,0.0,-0.052915729785383475,-0.0420278261078284
2008-11-06,0.0,0.0,-0.055387893769620666,-0.05541093543502851
2008-11-07,0.0,0.0,0.02849092341453627,0.033017706168556815
2008-11-10,0.0,0.0,-0.020634157790039867,-0.013104888435799156
2008-11-11,0.0,0.0,-0.020990657649007028,-0.030875210546256304
2008-11-12,0.0,0.0,-0.057062947138467164,-0.04400118082564297
2008-11-13,0.0,0.0,0.07251805535491268,0.06233949840916431
2008-11-14,0.0,0.0,-0.04430149843248809,-0.04990693121837897
2008-11-17,0.0,0.0,-0.02797632253791953,-0.013276743235733912
2008-11-18,0.0,0.0,0.007813904234108203,0.01883756647025092
2008-11-19,0.0,0.0,-0.06598025647508045,-0.0640791941183445
2008-11-20,0.0,0.0,-0.06107461832729261,-0.07423287201730999
2008-11-21,0.0,0.0,0.06602980337985304,0.053942731883920514
2008-11-24,0.0,0.0,0.07071724468911682,0.06929084077160086
2008-11-25,0.0,0.0,0.013525932014629871,0.007409045629442446
2008-11-26,0.0,0.0,0.03893465917940447,0.03864134097294891
2008-11-28,0.0,0.0,0.007787686537930621,
2008-12-01,0.0,0.0,-0.09142919019292935,-0.08857807339843526
2008-12-02,0.0,0.0,0.039220705365879766,0.038485060375859526
2008-12-03,0.0,0.0,0.037454273334437446,0.02404087740689098
2008-12-04,0.0,0.0,-0.027895431629315806,-0.023133407242536985
2008-12-05,0.0,0.0,0.0434699904941841,0.03083304949674326
2008-12-08,0.0,0.0,0.036683422949301096,0.03491357456258326
2008-12-09,0.0,0.0,-0.01838040095944859,-0.01648340478995769
2008-12-10,0.0,0.0,0.009400460421934757,0.006816138010761641
2008-12-11,0.0,0.0,-0.033416006836566425,-0.024081682401455806
2008-12-12,0.0,0.0,0.01286234247900598,0.011939786836399957
2008-12-15,0.0,0.0,-0.014648250497096683,-0.01393442642423759
2008-12-16,0.0,0.0,0.05220114160519662,0.047065833091000764
2008-12-17,0.0,0.0,-0.00289390054565657,-0.00968698472567564
2008-12-18,0.0,0.0,-0.013707778329097272,-0.018683578203096185
2008-12-19,0.0,0.0,0.009160803627794638,-0.004300842825024742
2008-12-22,0.0,0.0,-0.01883868115755773,-0.012813026863655708
2008-12-23,0.0,0.0,-0.012489371404095005,-0.010338311962470259
2008-12-24,0.0,0.0,0.006422033208450205,0.005803809338595922
2008-12-26,0.0,0.0,0.004572015911112248,0.005769412031182641
2008-12-29,0.0,0.0,-0.006802714034936186,-0.002868008049911497
2008-12-30,0.0,0.0,0.02659428494445162,0.023702277461213228
2008-12-31,0.0,0.0,0.01685454566277385,0.014274119043154565
2009-01-02,0.0,0.0,0.03267765029168331,0.030142144145511196
2009-01-05,0.0,0.0,-0.0016471305260183043,-0.0011834599849078753
2009-01-06,0.0,0.0,0.011047639020101052,0.006677441700419617
2009-01-07,0.0,0.0,-0.02899213526868936,-0.029956360476531385
2009-01-08,0.0,0.0,0.003449015375040355,0.004081353688292655
2009-01-09,0.0,0.0,-0.02275654284598105,-0.021419481635483573
2009-01-12,0.0,0.0,-0.021546043891487298,-0.024020855769174232
2009-01-13,0.0,0.0,0.0031049836498055865,0.0018406103547385921
2009-01-14,0.0,0.0,-0.034561097503086995,-0.03145455239231543
2009-01-15,0.0,0.0,0.0028567244339885735,0.000355691060068164
2009-01-16,0.0,0.0,0.009316392860609193,0.007819625637200733
2009-01-20,0.0,0.0,-0.058158613211455636,
2009-01-21,0.0,0.0,0.04569792463967167,0.04319171327545779
2009-01-22,0.0,0.0,-0.014106840960289168,-0.015466606485415535
2009-01-23,0.0,0.0,0.004867580964514951,0.0043502069265872745
2009-01-26,0.0,0.0,0.0022502909480995362,0.006858382949227693
2009-01-27,0.0,0.0,0.017294812901112736,0.010158135455171857
2009-01-28,0.0,0.0,0.037411096618416385,0.03383405484318369
2009-01-29,0.0,0.0,-0.03502193655987496,-0.03249796249185222
2009-01-30,0.0,0.0,-0.014800819399826517,-0.020343216831851807
2009-02-02,0.0,0.0,7.5707048401859e-05,-0.0030180631860221574
2009-02-03,0.0,0.0,0.018178854221813815,0.014046428994072269
2009-02-04,0.0,0.0,-0.0032728501054259556,-0.004895369774436498
2009-02-05,0.0,0.0,0.023303926446629052,0.014880476579925306
2009-02-06,0.0,0.0,0.028833982704056117,0.028496730129876635
2009-02-09,0.0,0.0,0.0036350229248547617,0.0013800721463816945
2009-02-10,0.0,0.0,-0.050172979428586895,-0.045809832379812065
2009-02-11,0.0,0.0,0.007776681301844713,0.0058958084197231475
2009-02-12,0.0,0.0,0.0020989792990034548,0.0007179973636848302
2009-02-13,0.0,0.0,-0.011385085415585985,-0.01075759579224167
2009-02-17,0.0,0.0,-0.04792133172880567,
2009-02-18,0.0,0.0,-0.00032427914078195116,-0.002398759046222221
2009-02-19,0.0,0.0,-0.014632851792509232,-0.010754960821124149
2009-02-20,0.0,0.0,-0.009878402859546795,-0.009721333486588435
2009-02-23,0.0,0.0,-0.03888284525345172,-0.03577914566429352
2009-02-24,0.0,0.0,0.04622103062068134,0.03791080491440457
2009-02-25,0.0,0.0,-0.011996661071164497,-0.007873366792007008
2009-02-26,0.0,0.0,-0.01727310016567572,-0.01626120561115707
2009-02-27,0.0,0.0,-0.019232724457026867,-0.022348363808858074
2009-03-02,0.0,0.0,-0.05061166845245619,-0.04504306196887009
2009-03-03,0.0,0.0,-0.004912941717673856,-0.007506456935692074
2009-03-04,0.0,0.0,0.03019341470131469,0.02369013465486902
2009-03-05,0.0,0.0,-0.042022702416849946,-0.040847624161862606
2009-03-06,0.0,0.0,-0.002181209121451854,0.001744290648658886
2009-03-09,0.0,0.0,-0.006865198937417442,-0.01175288989869927
2009-03-10,0.0,0.0,0.07272399620337437,0.059609952981259706
2009-03-11,0.0,0.0,0.009179082165853992,0.006511953558462569
2009-03-12,0.0,0.0,0.0440984035764157,0.039371937667810775
2009-03-13,0.0,0.0,0.00856213249750214,0.007814519750593663
2009-03-16,0.0,0.0,-0.0057385783385903106,-0.0030225396140310945
2009-03-17,0.0,0.0,0.03441507340570838,0.030583177977010045
2009-03-18,0.0,0.0,0.023668747935432676,0.02238353062705567
2009-03-19,0.0,0.0,-0.01614381287417284,-0.012385830312596324
2009-03-20,0.0,0.0,-0.022686977294521283,-0.021293564005917198
2009-03-23,0.0,0.0,0.0749839803529585,0.07182822641423403
2009-03-24,0.0,0.0,-0.019582488461594577,-0.019702923051140298
2009-03-25,0.0,0.0,0.009322456661841963,0.010546734730255691
2009-03-26,0.0,0.0,0.031123775666484957,0.0203799343523281
2009-03-27,0.0,0.0,-0.02357955175060625,-0.018048016932253108
2009-03-30,0.0,0.0,-0.035980392022476645,-0.03455492179188491
2009-03-31,0.0,0.0,0.01638774968247138,0.009265218251628404
2009-04-01,0.0,0.0,0.011121514822859458,0.019366275091823315
2009-04-02,0.0,0.0,0.03360060720624166,0.029237924411824823
2009-04-03,0.0,0.0,0.012986047899516212,0.00994819814086334
2009-04-06,0.0,0.0,-0.00675049442265959,-0.007833422892645214
2009-04-07,0.0,0.0,-0.023049882213871886,-0.023325221395018803
2009-04-08,0.0,0.0,0.012519032619921744,0.010777947129883447
2009-04-09,0.0,0.0,0.042781499145933745,0.03974341637019663
2009-04-13,0.0,0.0,0.004014634431736165,0.00023294710420351805
2009-04-14,0.0,0.0,-0.02253772472032063,-0.017243471707066416
2009-04-15,0.0,0.0,0.013998410144164607,0.010669556331744712
2009-04-16,0.0,0.0,0.017594454913496423,0.01466344887106752
2009-04-17,0.0,0.0,0.004948736145813253,0.006704766641166593
2009-04-20,0.0,0.0,-0.042385529593105646,-0.04191513388879997
2009-04-21,0.0,0.0,0.0220192609482657,0.019537382144281468
2009-04-22,0.0,0.0,-0.00414231970132438,-0.006113331449245196
2009-04-23,0.0,0.0,0.0076346571258836754,0.009817394334889595
2009-04-24,0.0,0.0,0.01937540561256793,0.01511088574386954
2009-04-27,0.0,0.0,-0.009051165823428147,-0.009462799581636316
2009-04-28,0.0,0.0,-0.0035605974740224046,-0.003144962256935724
2009-04-29,0.0,0.0,0.023417009464931037,0.021269264665168652
2009-04-30,0.0,0.0,0.0025357158416651955,0.0003427457977005499
2009-05-01,0.0,0.0,0.0005782807439702031,0.005377133552296298
2009-05-04,0.0,0.0,0.03195310271098411,0.03401952901230554
2009-05-05,0.0,0.0,0.0012795804418971924,-0.0034113103416041346
2009-05-06,0.0,-0.001,0.0132151412102449,0.017334835809150073
2009-05-07,0.0,0.06566604734427284,-0.015254886398607628,-0.013891289958602115
2009-05-08,0.0,-0.01756989821552324,0.015544603572209091,0.02333200913319966
2009-05-11,0.0,0.0348309979786543,-0.019362744448610695,-0.018713666900088355
2009-05-12,0.0,0.04009914616304444,-0.0026640310315116677,-0.0029595690259540675
2009-05-13,0.0,0.04980694716041456,-0.027035203554567993,-0.025172700023426864
2009-05-14,0.0,-0.0016905255340204928,0.009655391603387789,0.008569733985576589
2009-05-15,0.0,0.019021702087783865,-0.01173806595475394,-0.00816132922354873
2009-05-18,0.0,-0.04813022477295292,0.03339077005585726,0.028406597668965805
2009-05-19,0.0,-0.003634002833024841,-0.0016069521957898364,-0.0012057771859332878
2009-05-20,0.0,0.02600366653933106,-0.0022290602228867335,-0.006694280908662642
2009-05-21,0.0,0.04055452386064251,-0.015967536183113067,-0.01436357565061519
2009-05-22,0.0,0.004226355484522659,-0.002082095291961313,-0.002129473431764284
2009-05-26,0.0,-0.047045516292156364,0.02751465627567935,
2009-05-27,-0.001,0.02263497513767332,-0.016580564508297962,-0.017853502008087108
2009-05-28,-0.010024836124936432,-0.010024836124936432,0.01284964984622986,0.013940018156332279
2009-05-29,-0.022560034057661826,-0.021560034057661825,0.014352042295866917,0.01770769805421657
2009-06-01,0.0,-0.1098826577817118,0.029029459834825716,0.024208454849859562
2009-06-02,0.0,-0.04105065429910826,0.0012979451089421255,0.0008440225832890835
2009-06-03,0.0,0.024934973354498235,-0.010659061135871643,-0.012651089070656818
2009-06-04,0.0,-0.028545970850308855,0.010125204338621978,0.00939650229198441
2009-06-05,-0.002,0.008274919004115481,-0.002548382517814913,0.00021167899772089882
2009-06-08,0.008131034849945042,0.010131034849945042,-0.0023994837039513633,-0.004124774767037209
2009-06-09,0.0,-0.0018278156440468818,0.006578613658652455,0.0050977151444764335
2009-06-10,0.0,-0.030776171366583616,-0.003963892399797993,-0.002536425153126576
2009-06-11,0.0,-0.02216259154657485,0.002412321831624253,0.004449286755390025
2009-06-12,0.0,-0.038532714288014414,0.0013751573981110727,0.002741874156408697
2009-06-15,0.0,-0.03737515158225779,-0.02413412691919654,-0.022928163698201942
2009-06-16,0.0,-0.022136192286612788,-0.010362879353955448,-0.013562037099400404
2009-06-17,0.0,-0.0008466644558473568,0.003298901549906502,-0.0009823680443525884
2009-06-18,0.0,-0.027567712640916175,0.007164028223059181,0.007318202323907119
2009-06-19,0.0,0.029969485875792623,0.0037342656711079718,0.003685972734413845
2009-06-22,0.0,-0.053538596518690085,-0.029260835421956927,-0.029986988440317996
2009-06-23,0.0,0.014261254722837569,0.00154162960264587,0.0007842109565738831
2009-06-24,0.0,0.008240680430428249,0.008764312490718051,0.008617475394283591
2009-06-25,0.0,0.020333427711627827,0.0230351503983926,0.021748417851480628
2009-06-26,-0.002,-0.02518467337542485,0.002182394444151146,-0.0026056800812644942
2009-06-29,0.038886206925699995,0.0408862069257,0.006155174557500473,0.009363742764680438
2009-06-30,0.0,0.010992374142387518,-0.00908968428015222,-0.008090408336457577
2009-07-01,0.0,0.004789550142395127,0.0046672185635024096,0.004132578942052989
2009-07-02,0.0,-0.03934194622455334,-0.02812010984057352,-0.027293731460028114
2009-07-06,0.0,-0.03156263633887779,0.003946093881205072,
2009-07-07,0.0,-0.020397304491740483,-0.02144290109297514,-0.019376464619203948
2009-07-08,0.0,0.01602971400334441,-0.0007944376406764942,-0.0006810400244153803
2009-07-09,0.0,-0.0018396217854774743,0.004464198762583928,0.001931575476908698
2009-07-10,0.0,-0.00655662127752521,-0.0027933284896946805,-0.002381546729062989
2009-07-13,0.0,-0.022146922004496528,0.025845683753166187,0.024329099290986367
2009-07-14,0.0,-0.003058816527946817,0.005427514082032619,0.005660241645507602
2009-07-15,0.0,-0.016010431575326667,0.02835784032156909,0.029246869210175275
2009-07-16,0.0,-0.018508609978607593,0.011607676545844395,-0.001608719856622809
2009-07-17,0.0,-0.003929717806464339,-0.0009207290699881666,0.010954408831839846
2009-07-20,0.0,-0.018836060223618167,0.01345278749679097,0.010623885612172534
2009-07-21,0.0,0.00048102184556853,0.0009309276536206579,0.004625078612733313
2009-07-22,0.0,-0.0045642415961619776,0.00470608047475972,-0.00020928268360198565
2009-07-23,0.0,-0.05045413307605395,0.02645815241041244,0.02208242804862315
2009-07-24,0.0,-0.010471101169399644,0.00433694348682672,0.0040956544571937314
2009-07-27,0.0,0.0015766552742016993,0.0026559423904871384,0.002958071690718711
2009-07-28,0.0,-0.0011278305470829864,-0.0015778201047119609,-0.004677334941181499
2009-07-29,0.0,-0.02298910636983864,-0.005380217167009451,-0.0024516602960372724
2009-07-30,0.0,-0.002643873998891877,0.010587248223687047,0.010445429295100395
2009-07-31,0.0,0.0050540480667095045,0.0014582508468363418,0.0014187422758442647
2009-08-03,0.0,-0.010158728799407601,0.014721148153621584,0.016496727591464033
2009-08-04,0.0,0.009619616628270267,0.00233128704684831,0.0025881389642001817
2009-08-05,0.0,-0.0005719152150706038,-0.0030292476989606833,-0.0028795950925366576
2009-08-06,0.0,-0.006824640191766984,-0.004598962971600464,-0.005178959758128987
2009-08-07,0.0,0.0017264686426865516,0.013815862461300024,0.01311465929360689
2009-08-10,0.0,0.00039200002160699743,-0.005221049980234723,-0.0020752172656112178
2009-08-11,0.0,-0.003923646012083393,-0.010210979742974184,-0.012476478912106903
2009-08-12,0.0,0.015601466254360208,0.01172423378318204,0.01072885523825673
2009-08-13,0.0,0.005802888761948233,0.006042342676369461,0.007638607736772274
2009-08-14,0.0,-0.012849137476218075,-0.010412856691730244,-0.007679365518453274
2009-08-17,0.0,-0.01318660635703306,-0.023394132416095267,-0.024605592951506328
2009-08-18,0.0,0.010562308670843623,0.012781008432213001,0.007934226322107829
2009-08-19,0.0,0.005826342079924496,0.00620920264869986,0.008779564845591725
2009-08-20,0.0,0.021926756471687847,0.01138351536516626,0.01030461249397896
2009-08-21,0.0,-0.0008573950970458544,0.015719183825879213,0.019605792922577026
2009-08-24,0.0,0.00031605842379711646,-0.0013101621342357795,-9.692015106677054e-05
2009-08-25,0.0,-0.007275707118841401,0.00460831293191893,0.0019422106854165566
2009-08-26,0.0,0.011993292046136084,-0.0003522919437949059,9.724342487937854e-05
2009-08-27,0.0,-0.0036779893880252157,0.002634648249881434,0.002229557862389875
2009-08-28,0.0,-0.0012686578015982386,-0.0014566090074903861,-0.00019383508318893128
2009-08-31,0.0,-0.00490855939739665,-0.00766173339819054,-0.008899115716343498
2009-09-01,0.0,-0.020486908125140202,-0.019683768261755896,-0.02205723512110147
2009-09-02,0.0,0.003150943469175438,-0.0042182073785480174,-0.0037924248210102762
2009-09-03,0.0,-0.014737986769916996,0.00815098746467889,0.008314715254890581
2009-09-04,0.0,-0.010086065322160387,0.012587051268742266,0.014009024469995746
2009-09-08,0.0,-0.0018380579912615769,0.0067569927464384595,
2009-09-09,0.0,0.0031766203031065032,0.00819983076990049,0.007674712008475915
2009-09-10,0.0,-0.005571259501958137,0.008990725243544342,0.010218720071602627
2009-09-11,0.0,-0.011229079189757019,-0.0012362660285423256,-0.00019136275274678205
2009-09-14,0.0,0.03756420312081743,0.005467489127811921,0.0048680856109561965
2009-09-15,0.0,-0.002416615827841251,0.001763819824932017,0.0041794721571417615
2009-09-16,0.0,0.034677352295346076,0.015822049819174077,0.015134593534312568
2009-09-17,0.0,0.02203860869917673,-0.003920919269020541,-0.0014911460670081755
2009-09-18,0.0,0.01221645258529569,0.0021640669685233658,0.0006372291160379184
2009-09-21,0.0,-0.018120159502051036,-0.00289384323972465,-0.00253001136067299
2009-09-22,0.0,0.0493381419015233,0.00450315808122532,0.005824251683402615
2009-09-23,0.0,-0.022268924948361968,-0.009430881952894791,-0.008311978805247922
2009-09-24,0.0,-0.02503489048395713,-0.01161527446403641,-0.011018748300624104
2009-09-25,0.0,-0.017122675487713956,-0.006820738514344658,-0.00533316169044562
2009-09-28,0.0,-0.0018372526813759116,0.017781472426060034,0.017903398610425558
2009-09-29,0.0,0.011786416509529274,-0.0021834868786850046,-0.0030100276755861133
2009-09-30,0.0,-0.012189469188001012,-0.0029644397197811606,-0.00386769470814996
2009-10-01,0.0,-0.005222238158360204,-0.02336398439489753,-0.02481305606015305
2009-10-02,0.0,0.04257752060005804,-0.0054073523317711165,-0.004661232847707808
2009-10-05,0.0,0.030279016535400997,0.011935500622932416,0.014928132500596991
2009-10-06,0.0,0.02036701943501873,0.012525799172280066,0.0143241369002014
2009-10-07,0.0,-0.005392313184173991,0.003358820921074809,0.002748571613835127
2009-10-08,0.0,0.0258168024451757,0.0063201429682422944,0.007656129393027511
2009-10-09,0.0,-0.01659336837323222,0.008872939463455192,0.006096362323728899
2009-10-12,0.0,-0.011630731589325594,0.0042872859286647354,0.003916016310746784
2009-10-13,0.0,0.014581086049751613,-0.002818259638841598,-0.0020430903368008346
2009-10-14,0.0,-0.04355314396084964,0.01839310133279664,0.01721561845395403
2009-10-15,0.0,0.019900391006383966,0.003941317293941943,0.0036594287151336946
2009-10-16,0.0,-0.010157226328204705,-0.0075033434726001925,-0.007473992886455227
2009-10-19,0.0,-0.00011094545178158555,0.011121897023590106,0.008265115003642132
2009-10-20,0.0,-0.01506909993606298,-0.0060907295786601845,-0.005283032750223349
2009-10-21,0.0,0.02362015531674766,-0.010664084271578061,-0.008973399068318288
2009-10-22,0.0,-0.005547945516682362,0.010524810983221085,0.010163538145064877
2009-10-23,0.0,0.009332160313547999,-0.009617495904884475,-0.011433444011182403
2009-10-26,0.0,0.018747705529667535,-0.009353089993299918,-0.010825140500317687
2009-10-27,0.0,-0.014562146824794064,-0.004193132554104895,-0.004583319519542162
2009-10-28,0.0,-0.01601159254409501,-0.01752179041290025,-0.018887361407175618
2009-10-29,0.0,0.01791795190506984,0.020189313498375647,0.021453563577641832
2009-10-30,0.0,0.016972787793655852,-0.02688106023177656,-0.028972935310636272
2009-11-02,0.0,-0.021096942192345258,0.005824958099304927,0.007338991691549834
2009-11-03,0.0,0.006062859781834854,0.003006510314175223,0.003162946668436639
2009-11-04,0.0,0.03480576249033007,0.003611377901638849,0.002580251970116354
2009-11-05,0.0,-0.04388382434631333,0.021104902497467975,0.018394540608842158
2009-11-06,0.0,-0.001140429283198019,0.0053383349305136,0.002620855487191376
2009-11-09,0.0,-0.002024866378133705,0.022254579640988658,0.022776146128808294
2009-11-10,-0.002,0.0023201144410194274,-0.00038215210268396715,0.00018224098295038793
2009-11-11,-0.002993649129605867,-0.000993649129605867,0.008090914585321185,0.00511009138688423
2009-11-12,0.0,-0.008890633352932387,-0.008010066730036711,-0.01016794160755452
2009-11-13,0.0,-0.014690477426046789,0.006263614589951674,0.00541105249927698
2009-11-16,0.0,0.01642919752079275,0.014449597490750893,0.014504866427379914
2009-11-17,0.0,-0.018727486905011692,-0.0007738409217029367,0.0011686730400453094
2009-11-18,0.0,0.013346717896522975,-0.001984362223491366,-0.00062835159408825
2009-11-19,0.0,0.004020390894157955,-0.013659529640405899,-0.013031446037701455
2009-11-20,0.0,-0.0071658007983093075,-0.0019821767542703246,-0.003551145692483715
2009-11-23,0.0,-0.005308252788774448,0.013377849571467981,0.012702197467168386
2009-11-24,0.0,-0.001209380654701775,0.0017468031108216246,0.001534086281475222
2009-11-25,0.0,0.008913291331188011,0.004267417143789446,0.00351352495449353
2009-11-27,0.0,-0.004220791840529592,-0.015235297945649947,
2009-11-30,0.0,-0.0022207549787207626,0.004709287868568021,0.0033766301423012735
2009-12-01,-0.002,0.012353516936863151,0.012100430538268885,0.012370270451882659
2009-12-02,0.002305303184129359,0.002305303184129359,0.0021369431620447223,-0.0004488912044725568
2009-12-03,-0.02284940428167337,-0.024849404281673367,-0.007775188552857185,-0.007820549593635429
2009-12-04,0.0,-0.000309887887778304,0.008318949860644067,0.005707614440259912
2009-12-07,0.0,-0.022798849769058327,0.00018433711049533515,-0.0015311823517798473
2009-12-08,0.0,0.004933645146461996,-0.008686077591439455,-0.011097528893714403
2009-12-09,0.0,-0.02264842892122887,0.0034548828493158163,0.003740688698822492
2009-12-10,0.0,-0.0030993933265681672,0.0076620742601305565,0.0056353555769455
2009-12-11,0.0,-0.01155971280650303,0.004111004415934058,0.004248231253974222
2009-12-14,0.0,-0.01393767458435724,0.009315689804233486,0.006840024058456962
2009-12-15,-0.002,-0.020460198633535653,-0.0048349121211079486,-0.0046483097620583225
2009-12-16,-0.020966989266063107,-0.020966989266063107,0.002368664687258726,0.0015269695844166709
2009-12-17,0.005836053533522678,0.005836053533522678,-0.010420135451297758,-0.012016322219520315
2009-12-18,0.022392337238752447,0.022392337238752447,0.006002128435161835,0.005657471864368713
2009-12-21,0.01700660677909127,0.01700660677909127,0.010274990274153668,0.01016294731051337
2009-12-22,-0.01715616212568072,-0.01715616212568072,0.003957646741039466,0.003592568307540178
2009-12-23,-0.014675591964383727,-0.014675591964383727,0.0015584050075262573,0.00196931175718551
2009-12-24,-0.0006617421085703956,-0.0006617421085703956,0.004641880902710428,0.004734269055442164
2009-12-28,0.010243452624894789,0.010243452624894789,0.0017053351880444978,0.0021332112186154273
2009-12-29,0.0028028097832030197,0.0028028097832030197,9.047078875719529e-05,-0.0014190529312744227
2009-12-30,0.004637281121592229,0.004637281121592229,0.0019568785882539343,-0.00035535842353784375
2009-12-31,0.009535000382869918,0.009535000382869918,-0.009528472824819613,-0.00959827035676164
2010-01-04,0.006565780058434889,0.006565780058434889,0.012579266686402142,0.0169594585833297
2010-01-05,0.02355000064697144,0.02355000064697144,2.1229328563964165e-05,0.002647126060098426
2010-01-06,0.010877117351310694,0.010877117351310694,-0.00019419101780619228,0.0007041147738648945
2010-01-07,-0.0039898797704504,-0.0039898797704504,0.0032214664761931865,0.004221175310180181
2010-01-08,0.05481422312289164,0.05481422312289164,0.004013710846346425,0.003328210524124131
2010-01-11,0.04665189553468663,0.04665189553468663,0.003248071883965398,0.001396675029661676
2010-01-12,-0.005639379500199659,-0.005639379500199659,-0.011875638719902494,-0.009326824011600898
2010-01-13,-0.005812672172538336,-0.005812672172538336,0.00811864598851143,0.00844642602100798
2010-01-14,-0.002093416437222384,-0.002093416437222384,0.002021404141238088,0.0027045092917883373
2010-01-15,0.005044037452818562,0.005044037452818562,-0.01018499058245044,-0.011224008277830988
2010-01-19,-0.010096585910469802,-0.010096585910469802,0.01324974186584886,
2010-01-20,-0.003512903315258664,-0.003512903315258664,-0.008323432548326931,-0.010168682051838851
2010-01-21,-0.030706493038329064,-0.030706493038329064,-0.016918613328104307,-0.019228922822364436
2010-01-22,0.0013193242204312394,0.0013193242204312394,-0.02071873049022385,-0.022291861383774925
2010-01-25,-0.0074393058997703765,-0.0074393058997703765,0.0034808210189470764,0.0051272513248386
2010-01-26,0.013532954257538867,0.015532954257538867,-0.003168910435179362,-0.00419016658528637
2010-01-27,0.0,0.006033566775717203,0.0075118892285161,0.00475701211374413
2010-01-28,0.0,0.010671418665656462,-0.013144358835759859,-0.011471800395786547
2010-01-29,0.0,-0.013125344396650918,-0.00795787246305756,-0.010868943451288082
2010-02-01,0.0,0.002530358854695658,0.01129650463731896,0.015551111238776283
2010-02-02,0.0,0.015327442204794317,0.012268120116667204,0.012103263389376062
2010-02-03,-0.002,0.007556133805433629,-0.004616427020538886,-0.00498302873444445
2010-02-04,0.001081307130283541,0.001081307130283541,-0.030422192809413585,-0.030865863299121887
2010-02-05,-0.017797128505991466,-0.017797128505991466,0.001889289831387554,0.0020673781174112005
2010-02-08,-0.01706315732194985,-0.01706315732194985,-0.006607879897480341,-0.007219357748501243
2010-02-09,0.022323205849848593,0.022323205849848593,0.011856414790192017,0.012560056010014309
2010-02-10,0.00804190839382768,0.00804190839382768,-0.003270649443257163,-0.0019586676395646485
2010-02-11,-0.025286065620930498,-0.025286065620930498,0.011065017647462986,0.01046656863685902
2010-02-12,0.006419158254868718,0.006419158254868718,-0.0013797375109885761,-0.0008323372992408151
2010-02-16,0.0020779229993632686,0.0020779229993632686,0.015232727884236472,
2010-02-17,0.008709468174702861,0.008709468174702861,0.005732262836724539,0.004738653128760539
2010-02-18,-0.012704285016124526,-0.010704285016124526,0.0035628236939478806,0.005894961988495373
2010-02-19,0.0,-0.07082760073699879,0.003693779612512143,0.0020741487623068267
2010-02-22,0.0,0.018983340412788263,-0.0021630344753849886,0.00018027209190685234
2010-02-23,0.0,0.004278754911587024,-0.011557585060244641,-0.012145291003056835
2010-02-24,0.0,0.0036904227859517746,0.010850269969534563,0.00919800088418632
2010-02-25,0.0,-0.006161670131383912,-0.002462335610400239,-0.0013537716258752441
2010-02-26,0.0,0.00537095170240387,0.0011665589650432266,0.0006324745199814963
2010-03-01,0.0,-0.020343798710767746,0.011422329346917308,0.010384997377306249
2010-03-02,0.0,-0.014284506312287837,0.0029389809766268457,0.002770495903928749
2010-03-03,0.0,-0.003939458868573498,-0.00031307690650249256,0.0008911095382424516
2010-03-04,0.0,-0.0030909420487785777,0.0030886045784208663,0.0030278597961928
2010-03-05,0.0,0.004127454306349643,0.013786024610787012,0.014293403635164736
2010-03-08,0.0,-0.013843416147655493,1.0385419689231747e-05,0.00017473697958347856
2010-03-09,0.0,0.01989342138513872,0.00033138549382502516,0.001662401844211292
2010-03-10,0.0,-0.008235958501485285,0.005033132980192513,0.004455858120234302
2010-03-11,0.0,-0.004566501685707713,0.0031805064364277182,0.004175181669741068
2010-03-12,0.0,0.039378786257094456,-0.0006457871936308618,8.654916751682507e-05
2010-03-15,0.0,0.0030630688145031337,-0.0015961057675956607,0.0002601575963887548
2010-03-16,0.0,0.004507000532146144,0.008829139163064197,0.00796597516110098
2010-03-17,0.0,0.003328779664852455,0.00455157351728784,0.005926868762242021
2010-03-18,0.0,-0.0055326265532607,0.001976166567674853,-0.0005122405628011917
2010-03-19,0.0,0.009348379748337132,-0.0033443632977759783,-0.005061460529600548
2010-03-22,0.0,0.01652168279250743,0.004073969065721635,0.005346128510030468
2010-03-23,0.0,-0.01897350457841207,0.007449225334068526,0.007033131492561573
2010-03-24,0.0,-0.012238024945597337,-0.007674942586505319,-0.004854610728388886
2010-03-25,0.0,0.008824370150076533,-0.0007356103241064106,-0.0016258938244948506
2010-03-26,0.0,0.0035148233988691047,0.0004718693996411797,-0.0006005646567699419
2010-03-29,0.0,0.008133891324622722,0.00710591997115884,0.006347188589418407
2010-03-30,0.0,0.00532974721408086,0.001015815225059561,0.0006821297829990858
2010-03-31,0.0,-0.01499257770062623,-0.0041515811689506795,-0.0034068460845047
2010-04-01,0.0,0.000567772668818689,0.004548453680427458,0.006837682588779481
2010-04-05,0.0,0.017676423045673628,0.006353176866664504,0.008149339490138408
2010-04-06,0.0,-0.012591325996239022,-0.0006219627881748724,0.002357859796204398
2010-04-07,0.0,0.0015254309468628637,-0.003892789584865362,-0.005712650809214348
2010-04-08,0.0,0.019397768525782344,0.002397831944292453,0.0034639778980083413
2010-04-09,-0.002,0.004096313178322375,0.006228976626882058,0.00656752617566414
2010-04-12,-0.002890681069376287,-0.0008906810693762868,0.0021861917067264253,0.0015892936112378298
2010-04-13,-0.002,-0.0008599936027544608,0.0016476460412489771,0.0007517902324549741
2010-04-14,-0.015066529649685467,-0.015066529649685467,0.010900849718858355,0.011349040816242884
2010-04-15,0.0030114052336758235,0.0030114052336758235,0.0019708723853361925,0.0008250756291254824
2010-04-16,-0.0025359804154125865,-0.0025359804154125865,-0.014991662096678869,-0.015912001656027575
2010-04-19,0.0008345947721428715,0.0008345947721428715,0.0032389397177020516,0.0037699777438859883
2010-04-20,0.009101262990968141,0.011101262990968142,0.0066895480164449175,0.008930855510329572
2010-04-21,0.0,0.012120449605183437,-0.0040131468274702585,-0.0018201251619957004
2010-04-22,0.0,0.0758419810354376,0.003992354968066663,0.002983471511996294
2010-04-23,0.0,0.032694594177615,0.007102789472244706,0.006527819535556256
2010-04-26,-0.002,-0.002327763282611195,-0.003937666123273789,-0.0037764327670793962
2010-04-27,-0.00706266498640673,-0.00706266498640673,-0.021478114703555807,-0.023650481082970964
2010-04-28,-0.029036692933005148,-0.029036692933005148,0.006722398322098816,0.007596477041598382
2010-04-29,0.01773336077684151,0.01773336077684151,0.01506476220733276,0.012397232968584415
2010-04-30,-0.00508365273696898,-0.00508365273696898,-0.017809802655713174,-0.016961626383982797
2010-05-03,0.01582938266029943,0.01582938266029943,0.01439603723033868,0.01296199813158383
2010-05-04,0.0037435401481902275,0.0037435401481902275,-0.023580790167577463,-0.02351505678030874
2010-05-05,-0.007727294006729002,-0.007727294006729002,-0.0073517725174323326,-0.005956586836748157
2010-05-06,0.0029935041259696628,0.0029935041259696628,-0.029969354832828452,-0.03321287382295113
2010-05-07,0.03872151412425562,0.03872151412425562,-0.014763120413672457,-0.01487555014385844
2010-05-10,-0.014053520581995604,-0.014053520581995604,0.04000390973220296,0.04404120195579675
2010-05-11,-0.01883184225419665,-0.01883184225419665,-0.0026784368534108825,-0.002841168688943352
2010-05-12,0.01706612168668642,0.01706612168668642,0.015654257080039525,0.013986294349688233
2010-05-13,-0.0031571840247899274,-0.0031571840247899274,-0.012101520518640989,-0.012431496507750328
2010-05-14,0.005540149432122332,0.005540149432122332,-0.02079375338694877,-0.01810469170495521
2010-05-17,-0.01259689357209215,-0.01259689357209215,0.0033445379751446506,0.000527027240166067
2010-05-18,0.008061934716491637,0.008061934716491637,-0.01419673428091902,-0.013602339588794976
2010-05-19,-0.0057228635240275105,-0.0057228635240275105,-0.0026958431805002565,-0.005693903774606213
2010-05-20,0.03633203314597677,0.03633203314597677,-0.03530506995813758,-0.037759842924167564
2010-05-21,-0.02335275689288574,-0.02335275689288574,0.01459513835839118,0.014599516924259648
2010-05-24,0.03595937624021028,0.03595937624021028,-0.011968677685520752,-0.01283066803361499
2010-05-25,-0.01008300926325778,-0.01008300926325778,-7.552737082986874e-05,0.001020816778501965
2010-05-26,-0.006276468408213276,-0.006276468408213276,-0.004115020657753071,-0.006028348687397211
2010-05-27,0.018348279018544966,0.018348279018544966,0.03232337894782274,0.03349785717748177
2010-05-28,0.041767793605082426,0.041767793605082426,-0.012438163396684535,-0.012549686034390994
2010-06-01,0.06027344477304175,0.06027344477304175,-0.01608966556926872,
2010-06-02,-0.059825962729770144,-0.059825962729770144,0.02653540795401992,0.02603944010405801
2010-06-03,0.002633867069851137,0.002633867069851137,0.005679138941073988,0.003443936016739979
2010-06-04,-0.033141320599646695,-0.033141320599646695,-0.03464694749169963,-0.03513685135136635
2010-06-07,-0.0051510332488186004,-0.0051510332488186004,-0.013740874997089867,-0.012450858036408219
2010-06-08,0.011396610548456532,0.011396610548456532,0.008932022427591144,0.010712094300641128
2010-06-09,0.005726218397316907,0.005726218397316907,-0.005825916313244061,-0.005346186363448413
2010-06-10,0.016928176788003846,0.016928176788003846,0.029730716420063634,0.02923162843410476
2010-06-11,0.004853145623296751,0.004853145623296751,0.0056253434898657795,0.004855812841843665
2010-06-14,-0.02647831880441953,-0.02647831880441953,-0.0018001326929033567,-0.0015503899052411452
2010-06-15,-0.012049205078095813,-0.010049205078095813,0.024969735214751317,0.022737702601795418
2010-06-16,0.0,0.013838421821232516,0.0004527956080255264,-0.00035685528479345585
2010-06-17,0.0,0.030953042428203514,0.0011042594966169878,0.0016073336420618922
2010-06-18,0.0,0.031884536826685794,0.0020873156964717997,0.0010845197277742358
2010-06-21,0.0,0.009325962089942963,-0.002244131036873378,-0.002864190598865335
2010-06-22,0.0,-0.004478462725507448,-0.0167713640489538,-0.016515399127844055
2010-06-23,0.0,-0.014258843115410036,-0.0016665850381067937,-0.003103008938753482
2010-06-24,0.0,0.008561260433991302,-0.01733613001030759,-0.016570670043287716
2010-06-25,0.0,0.005987155796723487,0.006551537051588995,0.004189043012797544
2010-06-28,0.0,-0.004081491405093729,-0.0030879418758012027,-0.003151817997248063
2010-06-29,0.0,0.010954562572126791,-0.031555476379723016,-0.030874951515228233
2010-06-30,0.0,-0.013303335528027427,-0.010936469695880255,-0.009499694023625382
2010-07-01,0.0,0.010231012704362996,-0.003617547744127523,-0.004457016947784775
2010-07-02,0.0,-0.024556049620304776,-0.003730261574938527,-0.0054494689960622456
2010-07-06,0.0,-0.0006848538433965601,0.00330717007817432,
2010-07-07,0.0,-0.003403811677477494,0.029721239167915435,0.03149595958149698
2010-07-08,0.0,0.0026639558601448954,0.00947849704809591,0.009895265233429873
2010-07-09,0.0,0.00878453987546668,0.00839109675610694,0.007465562879003684
2010-07-12,0.0,0.0035634991107550418,-0.0003117181740995993,0.0006485619434992707
2010-07-13,0.0,0.03608602517854265,0.017595698282891554,0.015088074100834126
2010-07-14,0.0,0.014854981427642189,-0.000780788265526332,-9.124185631692594e-05
2010-07-15,0.0,-0.022732194422077634,0.0020005950044139024,0.000274028465795384
2010-07-16,0.0,-0.014016217864894598,-0.029318558842249154,-0.02753481676287295
2010-07-19,0.0,-0.0021307105127090775,0.007380719440998717,0.005906676961121793
2010-07-20,0.0,0.011002867063715227,0.01178437742836089,0.011091184654065556
2010-07-21,0.0,-0.05025566701680062,-0.012638936970007914,-0.012997832539696552
2010-07-22,0.0,0.05400757165864878,0.022310463248358378,0.022322162559291536
2010-07-23,0.0,0.007107131906014863,0.006951049297694504,0.008678429198468729
2010-07-26,0.0,0.04976865962663024,0.011608053579591156,0.010415927774657385
2010-07-27,0.0,-0.01284037585306208,-0.003386221121301963,-8.932368856029438e-05
2010-07-28,0.0,0.006720344773828879,-0.007572884148886805,-0.006454190247130898
2010-07-29,0.0,-0.004418792304695884,-0.005069547373233687,-0.0048729358625148045
2010-07-30,0.0,0.0038069454297602334,0.000754382489788945,-0.00018144133310937782
2010-08-02,0.0,0.009552547502834852,0.019298569530805068,0.02258110932175228
2010-08-03,0.0,-0.014877269829838835,-0.0033461635722579082,-0.004788902717891452
2010-08-04,0.0,0.02426077781024638,0.009172134631661825,0.006683319598707493
2010-08-05,0.0,-0.002457435903676638,-0.00036336962314609597,-0.0010622822541676014
2010-08-06,0.0,-0.02194401026558468,-0.0025078400316151743,-0.004076052223299542
2010-08-09,0.0,0.019762958281902,0.0071586100176124975,0.00533836889489292
2010-08-10,0.0,-0.009299424928854494,-0.0059646221974321,-0.0053986647494908
2010-08-11,0.0,-0.006588434815639976,-0.028632392252816923,-0.02740685268485632
2010-08-12,0.0,-0.004673003999513314,-0.005046920902259764,-0.006129992381073479
2010-08-13,0.0,0.0002939675145618992,-0.004624085213804987,-0.002945833524638397
2010-08-16,0.0,0.009065326779382099,0.0005683289227848044,-0.0004616141828285292
2010-08-17,0.0,-0.00043072741997751685,0.014248508474121742,0.012285433709569693
2010-08-18,-0.002,0.015161958008816478,0.001967302517281711,0.001824797221065655
2010-08-19,-0.013405832117646009,-0.011405832117646009,-0.017143616221182007,-0.017397027816536625
2010-08-20,0.0,0.015710395045610115,-0.0021766853985717197,-0.00324408528574327
2010-08-23,0.0,-0.011493397216026269,-0.004605253755513034,-0.003813033273448063
2010-08-24,0.0,0.008341408651487914,-0.01351728783677062,-0.01484310650467302
2010-08-25,0.0,-0.026972003013082557,0.005632477793687641,0.003884720500433758
2010-08-26,0.0,0.011070498801108553,-0.00905063323796412,-0.006701047485129563
2010-08-27,0.0,0.018872731815755772,0.015684435220400916,0.015489250416385936
2010-08-30,0.0,-0.040784727208812654,-0.016438866834765982,-0.014504692420614473
2010-08-31,0.0,0.022544310222636144,-0.001479806546760022,0.0
2010-09-01,0.0,0.011171364086973279,0.02845334079950731,0.029911789529528
2010-09-02,0.0,0.01027659609659648,0.011410995998139467,0.00931185847278826
2010-09-03,0.0,-0.005379453347331694,0.013357868198194534,0.012971872207827584
2010-09-07,0.0,-0.02072521680788908,-0.011985730860587048,
2010-09-08,0.0,-0.002757821267048488,0.005226682681150596,0.007022362215696187
2010-09-09,0.0,0.004700146894650814,0.00425246882132578,0.004619242334958473
2010-09-10,0.0,-0.005872802027992785,0.0050905721348215105,0.005049121651192978
2010-09-13,0.0,0.021419726866449107,0.01131829829912331,0.011122807756087427
2010-09-14,0.0,-0.008748778958011627,0.002034569648864823,-0.000620813742720161
2010-09-15,0.0,-0.01539664772847349,0.0024959603682972223,0.003816918138652481
2010-09-16,0.0,0.00801912495686996,-0.00012198957183842302,-0.0002651775045395821
2010-09-17,0.0,0.024119443426105613,0.001860577884359259,0.0003733417292541841
2010-09-20,0.0,-0.00489796614651361,0.01579964323421662,0.015290609697747426
2010-09-21,0.0,-0.0017179991155193974,0.0001080884308887129,-0.0020138707960867253
2010-09-22,0.0,-0.01612150255302247,-0.003550038737047182,-0.004913197517809165
2010-09-23,0.0,0.015857498177796137,-0.007641674644122405,-0.008111770646183625
2010-09-24,0.0,0.029821331263144568,0.023115551892421413,0.020622383436925684
2010-09-27,0.0,-0.005245814893314882,-0.006907854478643518,-0.004790137253909865
2010-09-28,0.0,0.012931052935118093,0.006794911401244408,0.0035004076204689927
2010-09-29,0.0,-0.0005836525990866592,-0.002558650646469635,-0.0017440987536663233
2010-09-30,0.0,0.011540085227802033,-0.00198713410298281,-0.0029700774997012402
2010-10-01,0.0,0.0016374707839448277,0.0033809591177643063,0.004205499710730143
2010-10-04,0.0,0.009975409040650973,-0.007369678966641375,-0.007503445459649871
2010-10-05,0.0,0.011207893471296696,0.01877475840824477,0.020132036770759143
2010-10-06,0.0,-0.005940284617864555,-0.001865353607652911,-8.62014620464091e-05
2010-10-07,0.0,0.006305189643117104,-0.0006354832494759768,-0.00120683742761718
2010-10-08,0.0,0.002600453349205667,0.00415626554845875,0.005608866705173243
2010-10-11,0.0,-0.00040909004471112453,0.00013553658809411774,0.0009441480507375033
2010-10-12,0.0,0.012728117251720183,0.0029375267411643935,0.0030859850648301546
2010-10-13,0.0,-0.029049533907735903,0.0062499705715692395,0.007777146268722612
2010-10-14,0.0,0.005193821095357709,-0.0023455603240500156,-0.003901020933371191
2010-10-15,0.0,0.005231113626442463,0.0027858687066187058,0.002043222592039484
2010-10-18,0.0,-0.003401805618126863,0.005044100018350799,0.004927798193426813
2010-10-19,0.0,0.000773063993891987,-0.014461701641855453,-0.013104604140292242
2010-10-20,0.0,-0.010870551722379718,0.010505509064427366,0.009766111209786654
2010-10-21,0.0,0.006744188893788694,0.0022284438823656095,0.002205842013948356
2010-10-22,0.0,-0.0004104569817460213,0.00457745848366552,0.0018621959594316007
2010-10-25,0.0,0.016105758270932635,0.0026444034820725048,0.00295782289346036
2010-10-26,0.0,0.010388120969534675,-0.0016144421449296594,0.00016794360840077793
2010-10-27,0.0,0.012553656946651337,-0.0006619628848512002,-0.0028637534549041943
2010-10-28,0.0,0.02555319018641322,0.0001367333038975812,0.00016908046599972693
2010-10-29,0.0,-0.021922760118207818,0.0006059440867994802,0.000760008110394228
2010-11-01,0.0,-0.007321482513300226,0.00019810815198205791,0.00033759118330189963
2010-11-02,0.0,-0.007654878044477176,0.008163324454459065,0.00793058760339238
2010-11-03,-0.002,0.001210449333607368,0.002137690459929496,0.0040176938880240876
2010-11-04,0.027235513361550723,0.027235513361550723,0.01937863679375046,0.01925772732502895
2010-11-05,0.005315773200549101,0.005315773200549101,0.004108305801543141,0.0037627918062361765
2010-11-08,-0.009823951665488106,-0.009823951665488106,-0.004079936588123649,-0.0018740549759569403
2010-11-09,0.001801159909821659,0.001801159909821659,-0.008794141811261607,-0.007184387680602589
2010-11-10,-0.0032289283070017216,-0.0032289283070017216,0.0040151051061862045,0.004029413103826318
2010-11-11,0.016058446782899805,0.016058446782899805,-0.004252649015819805,-0.0037673898468566502
2010-11-12,0.014002422540741577,0.014002422540741577,-0.009361697629610397,-0.011837975799750877
2010-11-15,-0.0017745068783747708,-0.0017745068783747708,-0.0026342720782006703,-0.0014147077489503612
2010-11-16,0.01668888855629924,0.01668888855629924,-0.014517220830010249,-0.015579370383901114
2010-11-17,0.02293811878965335,0.02293811878965335,0.000971857566342273,0.0005079292110858891
2010-11-18,-0.022525485293572012,-0.022525485293572012,0.013601141198611019,0.014718110354931424
2010-11-19,-0.003502049124754601,-0.0015020491247546008,0.0033179818959687257,0.0027507662120773713
2010-11-22,0.0,0.015730054568267038,0.0008777501351974422,-0.0008311388719240975
2010-11-23,0.0,0.01806700669680772,-0.013083169709828299,-0.01447704064476385
2010-11-24,0.0,-0.013743686277007505,0.015565063181745858,0.014774492898510516
2010-11-26,0.0,-0.0017883567780266896,-0.008119657711882505,
2010-11-29,-0.002,-0.004869760338077511,-0.0007718177998910497,0.0030306476089274614
2010-11-30,0.019705699975080093,0.021705699975080095,-0.006070859243644034,-0.005623004571070678
2010-12-01,-0.002,-0.012082785350085778,0.02237735673648959,0.021267562373360693
2010-12-02,-0.007519848572828723,-0.005519848572828723,0.014093676857258134,0.012808965741644363
2010-12-03,0.0,-0.019224936093440444,0.0006374328082243079,0.0026927410418728925
2010-12-06,-0.002,0.0028862597324774697,-0.0009840442525944225,-0.001058072553405398
2010-12-07,-0.007935986537205507,-0.0059359865372055065,-0.0005521994307589853,0.0005702145374582024
2010-12-08,0.0,0.02105061781126838,0.003897605557117739,0.0036638108848414674
2010-12-09,0.0,0.0010030291260457735,0.004286069840150484,0.0038936075646485158
2010-12-10,0.0,0.0015746479068716734,0.005796444888284211,0.005817881736543962
2010-12-13,0.0,-0.002244390710484878,0.00029754492811185496,0.0006424486913607641
2010-12-14,0.0,-0.006465051306163039,0.0020675231729195384,0.0008829518902755407
2010-12-15,0.0,0.007088422450830634,-0.005227269174250388,-0.0045722251263285996
2010-12-16,0.0,-0.006226095582932745,0.005205363197155127,0.005802351553446217
2010-12-17,0.0,0.008674156736627192,0.0012760115619471705,0.0010708531799499266
2010-12-20,0.0,0.006368382285916074,0.002546183105596778,0.0024135335123594004
2010-12-21,0.0,-0.0026508177670241384,0.0050049497017913315,0.0063401958153963545
2010-12-22,0.0,-0.006943233654968517,0.0020689437558000863,0.003110527490313819
2010-12-23,0.0,0.002993620244868711,-0.0027655485100174684,-0.001431256268388692
2010-12-27,0.0,0.0001462737632729194,0.0015259092462313016,0.00039819882252856154
2010-12-28,0.0,-0.0020467044481420338,-4.005634763409585e-05,0.0014327371847573378
2010-12-29,0.0,0.007541058278298984,0.0009901799129690995,0.000714744610998963
2010-12-30,0.0,-0.0020291800599646637,-0.0015702367197256179,-0.0015880294745295176
2010-12-31,0.0,-0.008419930946926613,-0.00011827987128481125,0.00023864325910749606
2011-01-03,0.0,-0.009001372738113078,0.008830534007421478,0.010337541697655661
2011-01-04,0.0,-0.0013707917544971658,-0.0014151463112960468,-0.0005510844877548715
2011-01-05,0.0,0.012952811829390898,0.004341520548714666,0.005197978970937989
2011-01-06,0.0,0.0354993602182907,0.0008310921148559547,-0.0019585434805391433
2011-01-07,0.0,0.004876970602812225,-0.0011889229470806242,-0.0019626235989332885
2011-01-10,0.0,0.011785581588362737,-0.0008702152598764343,-0.0012587072707934688
2011-01-11,0.0,0.017038340427029453,0.0029610368876360656,0.0035445263110234215
2011-01-12,0.0,0.007343711077263171,0.008573159869412143,0.009024049197592587
2011-01-13,0.0,0.002101644300305461,-0.00038460300577021646,-0.001632721148237537
2011-01-14,0.0,0.05653774886790608,0.008762236250573024,0.007244438107600004
2011-01-18,0.0,-0.04128928231671436,0.004187771828141364,
2011-01-19,0.0,-0.0032714050883564383,-0.01077983862456413,-0.009805389157663269
2011-01-20,0.0,-0.022731211450236155,0.002633306265347157,-0.0013253995360158477
2011-01-21,0.0,0.006748506919781128,0.001829792603752068,0.002264221007682865
2011-01-24,0.0,-0.023507187015862185,0.0073534222828741235,0.005686560938976015
2011-01-25,0.0,0.001285750544694153,0.0006677355890177931,0.0005420999424268214
2011-01-26,0.0,-0.002761754788159987,0.003512675996146348,0.003870844848888
2011-01-27,0.0,0.02389529099391008,0.005187812418672965,0.002467909196691931
2011-01-28,0.0,-0.007945469499117563,-0.019175247626523766,-0.017463175526440278
2011-01-31,0.0,0.011822928416826417,0.005502751225583308,0.007516767474416541
2011-02-01,0.0,0.0015772701711256332,0.012942139803879898,0.016008956855065426
2011-02-02,0.0,0.004740097141719968,-0.0020105152706773365,-0.0019124876053859818
2011-02-03,0.0,-0.016890322655179087,0.002015939497228357,0.0022226349053351413
2011-02-04,-0.002,0.00381855150008259,0.0035040063944638757,0.0028286969095761005
2011-02-07,0.005020371540844781,0.005020371540844781,0.0038747970007548473,0.006252772838707177
2011-02-08,-0.002201130096242787,-0.002201130096242787,0.005376024696919162,0.004546596963908467
2011-02-09,-0.011489016566640142,-0.011489016566640142,-0.000710577516584243,-0.0022631990311861028
2011-02-10,0.007392292528620614,0.007392292528620614,0.0021896570716243074,0.0003779668000163383
2011-02-11,0.0007135232688384452,0.0007135232688384452,0.005228576158144528,0.005970591407732595
2011-02-14,0.0055834957358651405,0.0055834957358651405,0.003064540171076643,0.0024035256038035246
2011-02-15,-0.010731234365765285,-0.010731234365765285,-0.0015365246454728174,-0.0031473504953901665
2011-02-16,0.013461321408581806,0.013461321408581806,0.005188729452165387,0.006315330829437471
2011-02-17,-0.0015596326590767706,-0.0015596326590767706,0.004127607903973624,0.002988341667865102
2011-02-18,0.01295123207666915,0.01295123207666915,0.003957724473135526,0.002085591688658406
2011-02-22,-0.03052862044412652,-0.03052862044412652,-0.020598211446634682,
2011-02-23,-0.019505803987787895,-0.019505803987787895,-0.010371993973178145,-0.006144123055987993
2011-02-24,-0.00026573997572132413,-0.00026573997572132413,0.002710877078855281,-0.000687352499216809
2011-02-25,0.02063381061526348,0.02063381061526348,0.010423136436596961,0.010692919483602958
2011-02-28,-0.0018883314924340588,-0.0018883314924340588,0.0036553813766633833,0.006196482780914447
2011-03-01,-0.007450381852931454,-0.007450381852931454,-0.013449074000692651,-0.01667295970737892
2011-03-02,-0.0025784504758380455,-0.0025784504758380455,0.0020298647379308845,0.0021385531902349264
2011-03-03,0.0037664114071367383,0.0037664114071367383,0.019402712417099996,0.01722466149784352
2011-03-04,0.00608652671582699,0.00608652671582699,-0.006511906815243577,-0.007492650203926754
2011-03-07,0.007073337570923769,0.007073337570923769,-0.007440523367194407,-0.007851039732596488
2011-03-08,0.008314178780173265,0.008314178780173265,0.008189415469104037,0.008749870376256075
2011-03-09,0.003003927933187045,0.003003927933187045,-0.0022255674170219095,-0.0014329008779201402
2011-03-10,-0.012113482555905941,-0.012113482555905941,-0.017200980526277932,-0.018505866651867264
2011-03-11,0.00021744842402193765,0.00021744842402193765,0.005605243270060144,0.006926248139029756
2011-03-14,0.019785914601539445,0.019785914601539445,-0.006322832386262888,-0.00603782107468287
2011-03-15,0.01413401670237524,0.01413401670237524,-0.01136673217258936,-0.011457134439631145
2011-03-16,-0.012320880626166875,-0.012320880626166875,-0.018116157406202243,-0.018512492760403454
2011-03-17,0.02150446784009996,0.02150446784009996,0.011527137874417762,0.013234847692512375
2011-03-18,0.003846343658333584,0.003846343658333584,0.003397855649044606,0.0036372272639688674
2011-03-21,0.00761828117724872,0.00761828117724872,0.012734586139345003,0.015497405493093641
2011-03-22,-0.004716268527338417,-0.002716268527338417,-0.003084248702493725,-0.0034681552124805615
2011-03-23,0.0,-0.005763894304458894,0.004500094382055628,0.002861769608040854
2011-03-24,0.0,0.002798204010344252,0.011969888192601455,0.009563568967597247
2011-03-25,0.0,0.004371050256857245,0.001266407891702811,0.0030557732516858227
2011-03-28,0.0,-0.006655607103313144,-0.0007077550486651653,-0.0024374760339626045
2011-03-29,0.0,0.0004227324172560998,0.008383090811309581,0.006718826321429949
2011-03-30,0.0,-0.005569157114080792,0.007571092290376306,0.006901442507281974
2011-03-31,-0.002,0.012186233888596965,-0.0013213442663225303,-0.0013560694112166871
2011-04-01,-0.0031020545691433626,-0.0011020545691433625,0.004540543765473924,0.004223630275094203
2011-04-04,0.0,-0.006193203198099795,-0.00012858819629611961,0.0008260060061686669
2011-04-05,0.0,-0.008606766840711263,-0.0014335632779898587,-0.0001498951109712987
2011-04-06,0.0,-0.007360157546532964,0.00554822117209998,0.003152174909054173
2011-04-07,0.0,0.0064315705810527035,-0.002627603105553734,-0.002543884935178875
2011-04-08,0.0,0.010895090570588684,-0.00443539700087488,-0.0034498641117299833
2011-04-11,0.0,-0.014521152848068763,-0.0005709500369752913,-0.003010993886342961
2011-04-12,0.0,-0.03650235905664778,-0.00696092437827491,-0.007473609367030565
2011-04-13,0.0,-0.0022956635941500103,0.000953241543013698,-7.642466537571835e-05
2011-04-14,0.0,0.005790966004365794,0.0011617611271145874,0.0007606510173936432
2011-04-15,0.0,0.00925118628995314,0.004412557505558715,0.003648456257928201
2011-04-18,0.0,-0.009635544052708389,-0.01228203388978017,-0.011208974091468815
2011-04-19,0.0,0.0076737950673686495,0.003668133728177486,0.005744517226078161
2011-04-20,-0.002,0.01570260469500928,0.015761609713195332,0.013632141090362593
2011-04-21,0.010338977227892676,0.010338977227892676,0.005393457434587949,0.005108724877428417
2011-04-25,0.0022983028670725547,0.0022983028670725547,-0.0011457534799918505,-0.0010466086841516287
2011-04-26,0.0017998477745835312,0.0037998477745835313,0.010258537953084224,0.008605545611346077
2011-04-27,0.0,-0.005342216124052834,0.010795683436979692,0.006529132187456099
2011-04-28,0.0,-0.00997362604961749,0.002541644689545524,0.003242873228610943
2011-04-29,0.0,0.002024878549812703,-0.0008132423642782672,0.0023507496047281418
2011-05-02,0.0,-0.012571461516568294,0.001014281458296394,-0.0015389422815956788
2011-05-03,0.0,-0.02315337502541459,-0.0032150620997303246,-0.003597477475359656
2011-05-04,0.0,-0.007837093998736333,-0.005793909652099114,-0.006630714383881853
2011-05-05,0.0,-0.024404348389256977,-0.005737838580371271,-0.009048115318639471
2011-05-06,0.0,-0.01053217711381671,0.006089976405841007,0.004415563618398233
2011-05-09,0.0,0.014168624964684962,0.0046941055294096425,0.003874746651897576
2011-05-10,0.0,-0.002232828185759539,0.006458110803559663,0.008536258969686683
2011-05-11,0.0,-0.016691275898271685,-0.00830598346813086,-0.01052465816092063
2011-05-12,0.0,0.0007580457789775341,0.005353671086668127,0.004760422370523765
2011-05-13,0.0,0.0029136620431980953,-0.008085729617585908,-0.007699156079975289
2011-05-16,0.0,0.0020914379600190935,-0.004669008542296661,-0.006341682917197944
2011-05-17,0.0,0.002929529150797805,-0.00048770095214485936,-0.00014959822994708993
2011-05-18,0.0,0.010886463177966155,0.008401069856597278,0.00893575481758102
2011-05-19,0.0,0.011550527046523373,0.0019905194568440652,0.0023812187460383605
2011-05-20,0.0,-0.00280194059081329,-0.006738125891497331,-0.007944126068111235
2011-05-23,0.0,-0.0020651792352879283,-0.011877385752446087,-0.011601490439973716
2011-05-24,0.0,0.00940950767920945,-0.0011822814953149172,-0.0008327481841936546
2011-05-25,0.0,0.0002035055472131564,0.003787260239830425,0.0033344515166653377
2011-05-26,0.0,0.0019417629759885813,0.0035236368886705834,0.004608043424459529
2011-05-27,-0.002,-0.0023286983180031973,0.004934464037203316,0.003834310935393326
2011-05-31,0.011562511960737654,0.011562511960737654,0.011212337990284751,
2011-06-01,-0.006574732559951555,-0.004574732559951555,-0.022205391667508994,-0.022460554839837443
2011-06-02,0.0,-0.01745515455724278,-0.0006422455329634838,-0.0010619948002170698
2011-06-03,0.0,0.00607145434407852,-0.010673610765145137,-0.009944697656592116
2011-06-06,0.0,-0.011542177194186706,-0.008811043187847393,-0.010580875419883284
2011-06-07,0.0,-0.002147846026601563,0.0016323482729445559,-0.0006201965209432503
2011-06-08,0.0,0.0025720577156883584,-0.005814420987561099,-0.004187391837674581
2011-06-09,0.0,-0.027346897623556465,0.007355881263853886,0.0076313421485072475
2011-06-10,0.0,-0.014215572986962965,-0.013367427881963418,-0.013910535981805916
2011-06-13,0.0,-0.004845081761523096,0.0010960743392674824,0.000783896729860345
2011-06-14,0.0,-0.016774531368470846,0.01243077528098109,0.01268596695134705
2011-06-15,0.0,0.012107343470090792,-0.015863608707344972,-0.017785487805283884
2011-06-16,0.0,-0.014962454997136887,0.0005493588037622993,0.0022043029051608265
2011-06-17,0.0,-0.007749997190198199,0.0008045476674582778,0.0029844126289479966
2011-06-20,0.0,-0.016340660474177815,0.007026682394397858,0.005115849657821192
2011-06-21,0.0,0.0007913194707982463,0.012204839131052699,0.013704044999948817
2011-06-22,0.0,0.007018543095745344,-0.005084308014353229,-0.006025357333937498
2011-06-23,0.0,-0.01020615818543269,-0.00011151343760703259,-0.002875536072131313
2011-06-24,0.0,0.002515902531864067,-0.011913202723963272,-0.011613629212365306
2011-06-27,0.0,-0.0034926927712206624,0.008248744657925336,0.008911218808123067
2011-06-28,-0.002,-0.019622988826320076,0.013032731618169298,0.013053167310137948
2011-06-29,-0.0028741234234932467,-0.0028741234234932467,0.008978669742641382,0.008564118367785145
2011-06-30,0.013481625946405229,0.013481625946405229,0.008512821114225244,0.0095621726720172
2011-07-01,-0.002784368477013908,-0.0007843684770139081,0.016510069692150044,0.014776130158525413
2011-07-05,0.0,-0.005755194400622221,-0.0022356392016858466,
2011-07-06,0.0,-0.008716251384009329,0.000849093473489367,0.0011957081022524463
2011-07-07,0.0,0.031360051743835715,0.01030729357819518,0.010375749639883747
2011-07-08,0.0,-0.009997881109819806,-0.008009351132141835,-0.0070923154554212164
2011-07-11,0.0,-0.012084599418218267,-0.016450969965511653,-0.018080349270431784
2011-07-12,0.0,-0.027117313973630708,-0.0060663524667873645,-0.004319275183352844
2011-07-13,0.0,0.013501716035665856,0.002103823073974426,0.0033486383775207518
2011-07-14,0.0,-0.009149623395229955,-0.0068637069782029264,-0.006902503134583182
2011-07-15,0.0,0.007646683200820625,0.0032130317293934466,0.005804830615115941
2011-07-18,0.0,-0.01413775207999235,-0.008507859855053618,-0.0082008648146219
2011-07-19,0.0,0.03462400228302931,0.015849197868176828,0.016231537846547406
2011-07-20,0.0,0.017281084865052976,1.9917527800858455e-05,-0.0006032811562530771
2011-07-21,0.0,0.00036916307812595583,0.014931056928426051,0.013871756035102045
2011-07-22,0.0,0.0511081811913896,0.00012287418882230564,0.0006689117736915495
2011-07-25,0.0,-0.018590123500864864,-0.005759061897359874,-0.005572733746557201
2011-07-26,0.0,-0.006649781319796322,-0.006997599923138895,-0.0037362978662704993
2011-07-27,0.0,-0.048555250843432596,-0.02152302922456583,-0.020475275796760672
2011-07-28,0.0,-0.04682204790807132,-0.001510473868769707,-0.002909976620453003
2011-07-29,0.0,0.004876066963023007,-0.006520856978676956,-0.006834283648236461
2011-08-01,0.0,-0.0012542527693470973,-0.005028341399548387,-0.004253139286019114
2011-08-02,0.0,-0.011937893132556332,-0.023968529001388968,-0.02554710518646164
2011-08-03,0.0,-0.04921495235067164,0.008393994779685962,0.005418857866612559
2011-08-04,0.0,-0.019000032419631104,-0.044824760060109776,-0.04684152037644773
2011-08-05,0.0,0.011465344284735446,-0.0005043405189412462,-0.0014972007289836275
2011-08-08,-0.002,-0.007557679401609563,-0.06526874765504113,-0.06512301409069299
2011-08-09,-0.03789885598287923,-0.03789885598287923,0.0470269754316542,0.046499242050130896
2011-08-10,0.015243170173187104,0.015243170173187104,-0.04504570598216036,-0.04417773898192712
2011-08-11,-0.00926688655080321,-0.00926688655080321,0.04879030416518761,0.044883527107481225
2011-08-12,0.016679606085424625,0.016679606085424625,0.005952252937394319,0.006733319747984634
2011-08-15,-0.01883856643620052,-0.01883856643620052,0.021752679591402757,0.021164957444736787
2011-08-16,0.002383730994021893,0.002383730994021893,-0.00892412413400175,-0.008539311594472077
2011-08-17,-0.026192914604463602,-0.026192914604463602,0.0007692828692791023,0.0006689842131717416
2011-08-18,-0.014819464657316872,-0.014819464657316872,-0.04326546888626533,-0.043118387962140736
2011-08-19,0.016400393012104164,0.016400393012104164,-0.010371508267672467,-0.016330553990218433
2011-08-22,0.01777505831959314,0.01777505831959314,0.0007500618879581864,0.0007990216537696604
2011-08-23,0.008020394189092173,0.008020394189092173,0.034958403651011834,0.03291049383452194
2011-08-24,0.010529088956124255,0.010529088956124255,0.015493260279235584,0.014084408270638837
2011-08-25,-0.006760522979283312,-0.006760522979283312,-0.01558032303659846,-0.015243618068991549
2011-08-26,0.01154866955808509,0.01154866955808509,0.014596481460175458,0.014533524195064373
2011-08-29,4.211313222013402e-05,4.211313222013402e-05,0.027895811019421585,0.028736078988595093
2011-08-30,0.007854250819683828,0.007854250819683828,0.0016325646878124114,0.0026366630986556228
2011-08-31,-0.0039613664418616246,-0.0039613664418616246,0.0038340256822217405,0.004438205410402185
2011-09-01,-0.015260905799669766,-0.015260905799669766,-0.011119998725152016,-0.01047300905970383
2011-09-02,-0.014522683305421499,-0.014522683305421499,-0.02385034419633728,-0.025549740547821997
2011-09-06,0.007661783880750117,0.007661783880750117,-0.004814132534171468,
2011-09-07,0.005757291313018942,0.005757291313018942,0.030263510968065146,0.028207826282213855
2011-09-08,0.0034012690829793857,0.0034012690829793857,-0.008385516101720076,-0.010391862344518166
2011-09-09,-0.0024440226294629164,-0.0024440226294629164,-0.02618136009399854,-0.02620951162951979
2011-09-12,0.0014998154814980236,0.0014998154814980236,0.00879345177284514,0.006469880273625828
2011-09-13,0.02219308398066394,0.02219308398066394,0.011135493110049877,0.009171114705808225
2011-09-14,0.004979631747669022,0.004979631747669022,0.016691944437486648,0.01384449391477438
2011-09-15,-0.0007001394901905433,-0.0007001394901905433,0.016867293603852872,0.017257044056212534
2011-09-16,-0.0013596523760060486,-0.0013596523760060486,0.005112126388321065,0.005918225859121495
2011-09-19,0.012386717767218447,0.012386717767218447,-0.008189994450098005,-0.009956715991669252
2011-09-20,0.0025958903306876335,0.0025958903306876335,-0.000567908822001352,-0.001163613953881315
2011-09-21,0.014428527970288207,0.014428527970288207,-0.029474377840074242,-0.029458535254652363
2011-09-22,-0.026096934607338862,-0.026096934607338862,-0.03136958037261568,-0.03232412276607355
2011-09-23,0.0007937086260567661,0.0007937086260567661,0.008613490885271418,0.006024896985286743
2011-09-26,-0.02645520618541486,-0.02645520618541486,0.020841786070126166,0.023779965234229206
2011-09-27,0.016583774740977553,0.016583774740977553,0.010001636570746566,0.011183874043922737
2011-09-28,-0.007032856577355195,-0.007032856577355195,-0.01980786740064548,-0.020418635291832854
2011-09-29,-0.011979326774512189,-0.011979326774512189,0.007498937878799449,0.007903495035363362
2011-09-30,0.024889723101703898,0.024889723101703898,-0.024365959778980803,-0.024989124176971633
2011-10-03,-0.01537571708080776,-0.01537571708080776,-0.02954335217127994,-0.028457801594420018
2011-10-04,-0.03689646667322932,-0.03689646667322932,0.02448786779708998,0.021923061602663108
2011-10-05,-0.007586074388709063,-0.007586074388709063,0.01871375294585383,0.018515250709219888
2011-10-06,-0.02501006863347932,-0.02501006863347932,0.017669668590716326,0.01809121863529284
2011-10-07,0.010016296393995816,0.010016296393995816,-0.006775907251102585,-0.006695938613107133
2011-10-10,-0.015261707941859326,-0.015261707941859326,0.032784578710463405,0.03344570173112649
2011-10-11,-0.02539707939697311,-0.02539707939697311,-0.0016000453920942221,0.0010035314564402764
2011-10-12,-0.010236834886404367,-0.010236834886404367,0.009469588693679032,0.008771704037422001
2011-10-13,-0.001362365590929615,-0.001362365590929615,-0.0011326104062744254,-0.001987287823058348
2011-10-14,-0.01199009974585219,-0.01199009974585219,0.015271264107311411,0.017093780306535855
2011-10-17,-0.002598736909993347,-0.0005987369099933471,-0.01857689781664252,-0.01909097360514067
2011-10-18,0.0,0.005667808823330178,0.0195273761160601,0.0195459206648656
2011-10-19,0.0,-0.016964603167097247,-0.01005267550532587,-0.011828958634286457
2011-10-20,-0.002,-0.008301716633394074,0.002881416580325621,0.004375213464943295
2011-10-21,-0.0033451520016134495,-0.0033451520016134495,0.01878569314363636,0.018987523703562603
2011-10-24,0.005548984046209515,0.005548984046209515,0.012407614274317134,0.012260918208334859
2011-10-25,-0.0034752732057115043,-0.0034752732057115043,-0.018978288460798447,-0.019443784589585178
2011-10-26,0.019125801355267202,0.019125801355267202,0.007430396353280155,0.010158499155518363
2011-10-27,-0.0266266258461052,-0.0266266258461052,0.0362166712569296,0.03483491300457353
2011-10-28,0.012394131896081073,0.012394131896081073,-0.0009280508774411557,-0.00023290425755762012
2011-10-31,-0.0012320096874377517,-0.0012320096874377517,-0.020986224238116215,-0.024105813701596812
2011-11-01,0.01529386317412751,0.01729386317412751,-0.0276612537927196,-0.027888753481426942
2011-11-02,0.0,-0.009724297815461466,0.015363145568214739,0.016311797863438393
2011-11-03,0.0,-0.004848114248096946,0.020100984870185964,0.018227370355156536
2011-11-04,0.0,0.016040494776782377,-0.004318136214308787,-0.006099040431449598
2011-11-07,0.0,0.012181401541582426,0.004970689831356791,0.0062158137742855946
2011-11-08,0.0,0.019358099809660967,0.010812398147523411,0.012830875138263975
2011-11-09,0.0,-0.006771223255207071,-0.033928743917555085,-0.036909635708350486
2011-11-10,0.0,0.009237668889514383,0.007951893956034859,0.00941887610565817
2011-11-11,0.0,0.01494105427431136,0.02148749698891261,0.0188220719523593
2011-11-14,0.0,0.004749176586658188,-0.009583448477000073,-0.009473895477412397
2011-11-15,0.0,-0.006875585492684078,0.004956249358178249,0.004941841779887435
2011-11-16,0.0,0.000898301665994139,-0.015563424232901532,-0.01586313895785052
2011-11-17,0.0,-0.013631477620365096,-0.015942547648688337,-0.01587691042981565
2011-11-18,0.0,-0.001340994339684265,-0.0016295034296957573,-0.0010649249688718943
2011-11-21,0.0,-0.01174833547970866,-0.016544895980386817,-0.019019015035380504
2011-11-22,0.0,0.012614444014172,-0.002214843575275903,-0.003927987123514276
2011-11-23,0.0,-0.009221544255026415,-0.02036390128698466,-0.02206565086363943
2011-11-25,0.0,0.004183532095741294,-0.0021259357736493844,
2011-11-28,0.0,0.0022438424368171894,0.02799800014540961,0.02896665103226237
2011-11-29,0.0,-0.022049315647975853,0.002347106737142106,0.0028401546340435235
2011-11-30,0.0,0.030079554496629246,0.04403464070822639,0.04114949426530323
2011-12-01,0.0,-0.011656752066910525,-0.0014375294175834482,-0.00016010832834378874
2011-12-02,0.0,-0.013963799508364124,-0.00014486408355714916,-0.000879944076779271
2011-12-05,0.0,-0.0019256561196180355,0.008056607037395308,0.010892035110063647
2011-12-06,0.0,0.004013510011057597,0.001223885110593919,0.00031670373186076795
2011-12-07,0.0,-0.008263202681444481,0.004087498458392558,0.0037228173172914047
2011-12-08,0.0,0.0033395162813005808,-0.021104731133999736,-0.021936672609138785
2011-12-09,0.0,-0.009644945716203668,0.016258511234734575,0.01694260127040126
2011-12-12,0.0,0.00799264456704446,-0.01479942123480288,-0.014597213209995963
2011-12-13,0.0,-0.004891237606639565,-0.009105513536049178,-0.009339410669986559
2011-12-14,0.0,-9.742793712130826e-06,-0.01075866259446217,-0.01064599439931957
2011-12-15,0.0,-0.00851981385417222,0.003698793472309885,0.003614301743334547
2011-12-16,0.0,-0.0031343195664609302,0.002868580568800536,0.0014830349397843001
2011-12-19,0.0,-0.003623268924560552,-0.011571758011679902,-0.010692158144840258
2011-12-20,0.0,-0.0021804878685866003,0.031672275239561266,0.030259886040221895
2011-12-21,0.0,-0.00611490420411126,0.0006029548220915979,0.0019368811709141731
2011-12-22,0.0,-0.00819600861791353,0.010262387445796939,0.008858750744657806
2011-12-23,0.0,0.0021513103622121665,0.008717907550581324,0.00894088487035094
2011-12-27,0.0,0.0020838267740813654,0.0006435154625077503,0.0007908908442115781
2011-12-28,0.0,-0.0040943046317464815,-0.012590442818767074,-0.013123751784304805
2011-12-29,0.0,-0.002031663069039402,0.011164253275999722,0.010334603132943432
2011-12-30,0.0,-0.006937912749399255,-0.004771781688196687,-0.004916065639440026
2012-01-03,0.0,-0.011164697986015104,0.013792295767087102,
2012-01-04,0.0,-0.003817446350848349,-0.0003999753053061117,0.0015687058736326698
2012-01-05,0.0,-0.012174094954598536,0.004624643173385972,0.0026621682783605216
2012-01-06,0.0,-0.03132143106097551,-0.001516755773237461,-0.0025773683348595533
2012-01-09,0.0,0.00531579591260356,0.0023142129249807517,0.002427546688571036
2012-01-10,0.0,-0.03674813463505988,0.012685212203785398,0.008670697140783279
2012-01-11,0.0,-0.005595418934745355,0.0016527307642722174,0.0005418915399659774
2012-01-12,0.0,0.007997668964756732,0.004403315917927513,0.0023996268246169183
2012-01-13,0.0,0.003937638950475497,-0.0053802311834490624,-0.0051733795533874805
2012-01-17,0.0,0.002781935721007045,0.004104131869737187,
2012-01-18,0.0,-0.01476353255547913,0.014441174589365249,0.011056720694784916
2012-01-19,0.0,9.644406426678742e-05,0.0060507125127638286,0.005275975034198188
2012-01-20,0.0,0.02007173210242985,-0.0013123648091636364,0.0037272829729897428
2012-01-23,0.0,-0.01801011260546581,-0.00105736686431227,-0.0025765719737608217
2012-01-24,0.0,-0.013045540903969033,5.193014458656738e-05,-0.001139806744487215
2012-01-25,0.0,-0.01969327953582023,0.007631224694090515,0.008367721443390597
2012-01-26,0.0,0.022973356407884227,-0.005736490762140194,-0.005129800856786382
2012-01-27,0.0,-0.016483055259817192,-4.5179912971254724e-05,-0.0004548996891693413
2012-01-30,0.0,0.0001906429425537759,-0.003346744494539224,-0.0034141965514350447
2012-01-31,0.0,-0.00397871366906033,0.001470073119773624,-0.0003803800338249008
2012-02-01,0.0,-0.026580871079236346,0.00992764905219494,0.008757167543275157
2012-02-02,0.0,-0.001645445146918556,0.002119120234316238,0.0015852810533425465
2012-02-03,0.0,-0.016543620505324205,0.014538095889670302,0.014019091351507917
2012-02-06,0.0,0.004050789654058917,-0.0013298595060055166,-0.0006690049767443806
2012-02-07,-0.002,0.02336008872302664,0.0021121371003601018,0.0025282223834042217
2012-02-08,0.002379317305712725,0.002379317305712725,0.0034774134050030063,0.002967582925180068
2012-02-09,-0.01042222172718632,-0.01042222172718632,0.0008413092530212337,0.001257811440134704
2012-02-10,0.0011627897355482864,0.0011627897355482864,-0.006114254976356045,-0.0073876410051130215
2012-02-13,-0.0031130367614988757,-0.0011130367614988756,0.008041301342603486,0.007442624442631107
2012-02-14,0.0,0.018362814991779164,-0.000521004382916746,-0.0012562313379863577
2012-02-15,0.0,-0.002007211901093764,-0.006060904327678308,-0.004659356509988055
2012-02-16,-0.002,-0.006458765729728588,0.009410715806703603,0.011072752304223332
2012-02-17,-0.00543494701310776,-0.00543494701310776,3.53504649266297e-05,0.002646102767253744
2012-02-21,0.00810165005394925,0.00810165005394925,-0.0024470699677030814,
2012-02-22,-0.011411438202700852,-0.011411438202700852,-0.002352180201640099,-0.0032242841392372545
2012-02-23,0.014117964406395678,0.014117964406395678,0.0051933185201547966,0.004411085174572227
2012-02-24,0.009973118728402564,0.009973118728402564,0.0020018877875350874,0.002195640321360548
2012-02-27,-0.0043075455396744955,-0.0043075455396744955,0.0028020554381356856,0.001679447047810978
2012-02-28,0.020736418853455896,0.022736418853455898,0.0034980470693261926,0.00291644835530791
2012-02-29,0.0,0.006486748628946493,-0.004701430115233536,-0.003925405347070199
2012-03-01,-0.002,0.00929673440526435,0.006272185930115015,0.005181311785199538
2012-03-02,-0.0028444529692913667,-0.0028444529692913667,-0.003970152388785416,-0.003049333341624716
2012-03-05,7.105651183570046e-05,0.0020710565118357005,-0.003942235053492342,-0.0040781658248097985
2012-03-06,-0.002,-0.0037889703862209433,-0.014092592236771007,-0.014625095070172733
2012-03-07,-0.001959434820930637,4.0565179069362856e-05,0.007148076224484772,0.0069755784982894475
2012-03-08,0.0,-0.0018125962935851003,0.00955893697444605,0.00994944780590079
2012-03-09,0.0,0.0020598627096302113,0.005302610854364124,0.0038670264713627223
2012-03-12,0.0,-0.008231281440713722,-0.00012146241273706448,7.313401285435894e-05
2012-03-13,0.0,-0.0008868363280765124,0.01759707968352516,0.018025786512383846
2012-03-14,-0.002,-0.01078431041016148,-0.0013670553932843045,-0.001071181184604142
2012-03-15,-0.012715467558966909,-0.012715467558966909,0.007960884086004896,0.005789314627134834
2012-03-16,-0.010003192601477638,-0.008003192601477638,0.000550965783247475,0.0013848854541764766
2012-03-19,0.0,0.007933643743423646,0.0030925401350225847,0.003920115516714784
2012-03-20,0.0,-0.0025608777035099894,-0.0034214168663120404,-0.0029109481322222575
2012-03-21,0.0,-0.0029182057935772665,-0.0012867342550771876,-0.0016377961504566718
2012-03-22,0.0,-0.0025891819558554463,-0.00570251841867844,-0.007203318798954417
2012-03-23,0.0,0.0018429896047114092,0.0033967574318575417,0.003232738513483824
2012-03-26,0.0,0.005440253709759313,0.014143390751653809,0.014035287688585418
2012-03-27,0.0,0.00407020443329853,-0.002048388827843494,-0.0031073298904038538
2012-03-28,0.0,0.005823639300480021,-0.005390372613807213,-0.0049583138927769
2012-03-29,0.0,-0.008937447027481338,-0.0006025433663667972,-0.0017088272755907408
2012-03-30,0.0,0.004699226015182578,0.005344280707141458,0.004136164064299619
2012-04-02,0.0,0.0018353933898049846,0.00542401554749338,0.00731476320172586
2012-04-03,0.0,0.0022886392364293018,-0.0039004977348524217,-0.004089076835656735
2012-04-04,0.0,0.0055217463581990235,-0.009634433419586651,-0.009910656094134551
2012-04-05,0.0,0.0009543483400553665,0.0011841796129023593,-0.0005007277897965956
2012-04-09,0.0,-0.0027408583828485433,-0.012434218067582556,-0.011230405652469466
2012-04-10,0.0,-0.010238375040285463,-0.017324589568629624,-0.01678559140474245
2012-04-11,0.0,-0.0013565549884209105,0.009335543254772202,0.008094433786671962
2012-04-12,0.0,0.019205445902793827,0.01378927771347595,0.013065699164610978
2012-04-13,0.0,-0.030127672340670708,-0.011985200823822371,-0.011888435807100528
2012-04-16,0.0,-0.034312388021348283,0.0013003318766773608,-0.0006565310545766367
2012-04-17,0.0,0.0091101625630019,0.013024384496805388,0.014812191436517796
2012-04-18,0.0,-0.003139730867475654,-0.0033541584339873386,-0.0033792945392304707
2012-04-19,0.0,0.058653000444504166,-0.003701363898878157,-0.006421082278880497
2012-04-20,0.0,0.00126443560134204,0.0010081700120985742,0.0016703565866136305
2012-04-23,0.0,-0.0007292583115313667,-0.008917761557938508,-0.008409262174725818
2012-04-24,0.0,0.0271720699386635,0.0032377382864287683,0.003801588806884526
2012-04-25,0.0,0.009725698483122658,0.011992233942600697,0.013691851745676997
2012-04-26,0.0,0.0051767303536873754,0.007445365102554898,0.006968867827271685
2012-04-27,0.0,0.05090252253299188,0.002909465354641497,0.0016407880481985604
2012-04-30,0.0,0.010819748133048201,-0.0029127892377024513,-0.0037038254943921878
2012-05-01,0.0,0.0011000131486087472,0.003406899062141605,0.006220284328625647
2012-05-02,0.0,-0.008047123209930285,-0.0011273601439832377,-0.0029841883979072614
2012-05-03,0.0,-0.013083919751889717,-0.008727984811177411,-0.0076255767694178855
2012-05-04,0.0,-0.005257828222164914,-0.014651118720612035,-0.01615795713012902
2012-05-07,0.0,0.05890395772592316,0.0005581738928942834,0.0007298905564812053
2012-05-08,0.0,0.025566829371644784,-0.003768656389030045,-0.004011827584925132
2012-05-09,0.0,0.018275060200776183,-0.007715985032059603,-0.005931727210892523
2012-05-10,0.0,0.01455606437109136,0.002352541044955755,0.0020626929848366338
2012-05-11,0.0,0.007717292124244102,-0.0014098366439549363,-0.0030144582737522407
2012-05-14,0.0,-0.011972544278608832,-0.009917421819624801,-0.011060798942208683
2012-05-15,0.0,-0.005582514274728445,-0.0051671925646491045,-0.005741677779331877
2012-05-16,0.0,-0.0016692509621187845,-0.004499290334355526,-0.0038248974108765488
2012-05-17,0.0,-0.004289428174764298,-0.015227999021785813,-0.014831252470578038
2012-05-18,0.0,0.0009436406087127702,-0.00807138093817725,-0.008558386421748887
2012-05-21,0.0,-0.011392493826792416,0.01241246585927322,0.01718799991085418
2012-05-22,0.0,0.0023700517313236524,6.880125846867432e-06,0.001742986314571704
2012-05-23,0.0,-0.0037157243688215047,0.003587012376341974,0.0005296671430508049
2012-05-24,0.0,0.020819555462414874,0.0029372842559377884,0.0019654890825098192
2012-05-25,0.0,0.010834381967105178,-0.001250151177476155,-0.003244564313830467
2012-05-29,0.0,0.005135426672025156,0.01065392502504609,
2012-05-30,0.0,0.00565641737149436,-0.014122975226468864,-0.014510268274026461
2012-05-31,0.0,0.02202488583064499,-0.0013773359437998444,-0.0022007282250163795
2012-06-01,0.0,0.0032149337546990564,-0.02597499932819467,-0.025176692967298964
2012-06-04,0.0,-0.014970183584136487,0.0001633162572407407,-0.00046827901077572953
2012-06-05,0.0,-0.005365513197342905,0.007141828935625249,0.007572029811586889
2012-06-06,0.0,0.02663304483647555,0.02427288727902048,0.022468296586587888
2012-06-07,0.0,-0.036465443847485846,-0.0008840103790830446,0.0006063465259997791
2012-06-08,0.0,0.0013808373569308419,0.008986953679994837,0.007951582834610393
2012-06-11,0.0,-0.015610789230974365,-0.01198299976716346,-0.012697117332186258
2012-06-12,0.0,0.005596878385760284,0.012474587168123684,0.011490687260304666
2012-06-13,0.0,-0.12374402063555501,-0.00920830778282661,-0.0063947261207085715
2012-06-14,0.0,-0.018787180433594064,0.00972635931380535,0.010600354522687594
2012-06-15,0.0,0.03595478794907825,0.011214451982020895,0.010227512980006459
2012-06-18,0.0,0.016828268450987505,0.002915470924045862,0.0019379844961240345
2012-06-19,0.0,-0.015268942381585715,0.009389830358867826,0.0096727760276627
2012-06-20,0.0,-0.004054568321001817,-0.0023597405855164608,-0.001621307936986116
2012-06-21,0.0,-0.0062992533146503105,-0.021375676933270166,-0.022438928402007785
2012-06-22,0.0,-0.005569232479012642,0.008169277953824277,0.007702058567333525
2012-06-25,0.0,0.017960083313218966,-0.016631763372074622,-0.016035275970524343
2012-06-26,0.0,0.007353285548675315,0.005562817115884861,0.005026155104581598
2012-06-27,0.0,-0.03709987895870459,0.0083613264470005,0.009016374608691535
2012-06-28,0.0,-0.026451578884280624,-0.0031173010981258792,-0.002853685100136172
2012-06-29,0.0,0.007369972810421732,0.02449655022449941,0.024926889607621572
2012-07-02,0.0,0.05447611312709033,0.0018698883092879046,0.003012202274294218
2012-07-03,0.0,0.03515538410448127,0.005860553779185637,0.006593043160860512
2012-07-05,0.0,-0.012418036807204876,-0.00471119193104291,
2012-07-06,0.0,0.01622490547526112,-0.009841002746415898,-0.009503419475990205
2012-07-09,0.0,0.005335360243092224,-0.0018949833234990535,-0.0012546957531922587
2012-07-10,0.0,0.045708107625853533,-0.00798969503131357,-0.008719683448857873
2012-07-11,0.0,0.017228073313289682,-0.0013176196868032522,0.0001488744279092291
2012-07-12,0.0,-0.0035153861035838174,-0.0032812072078777085,-0.004845112238098359
2012-07-13,0.0,-0.007096237554127027,0.015889780534399395,0.016777673531578108
2012-07-16,0.0,0.0010997873057136953,-0.0034592275006629716,-0.0023568301636334166
2012-07-17,0.0,-0.012160180153681366,0.006176242125624883,0.0068669452497664984
2012-07-18,0.0,0.006275739703508254,0.008229658576218908,0.007406558302682109
2012-07-19,0.0,0.005324408496203414,-5.3293064702892586e-05,0.002620635737169197
2012-07-20,0.0,-0.0025529311792540366,-0.009780839623022222,-0.009148286245916792
2012-07-23,0.0,-0.010253056015362194,-0.009807072401996186,-0.010112604011073834
2012-07-24,0.0,0.0030228612782585706,-0.007580575406350901,-0.008586417153662596
2012-07-25,0.0,-0.008451766019607287,0.0030338108246218396,0.00022409872342343817
2012-07-26,0.0,0.0243557036883697,0.0163250463558149,0.016497482620590143
2012-07-27,0.0,-0.029673799137967638,0.019295538632081128,0.01843278141948934
2012-07-30,0.0,-0.006706332985365715,-0.002051137686621418,0.0
2012-07-31,0.0,-0.008810732317167447,-0.006282567258771231,-0.006994371947586786
2012-08-01,0.0,0.01477533594284397,-0.003336659802708487,-0.0008713647288042248
2012-08-02,0.0,-0.010632532599575195,-0.006201878278851879,-0.006904568328763627
2012-08-03,0.0,-0.004921975774322181,0.019863490108546558,0.01983295156720133
2012-08-06,0.0,-0.0024675713709536584,0.0011884214003636336,0.0019373921513470282
2012-08-07,-0.002,-0.036930045016619895,0.005752514478092285,0.005014056244673437
2012-08-08,0.02858503467157747,0.02858503467157747,0.0014660732306097286,0.0012113680975316399
2012-08-09,-0.005393787934452332,-0.005393787934452332,0.000723142272841093,0.0008541222852413988
2012-08-10,-0.0029094554385619142,-0.0029094554385619142,0.003677945727264744,0.0016357053244993036
2012-08-13,-0.008102380501421645,-0.006102380501421645,-0.0014381886689157665,-0.0004971037131430434
2012-08-14,-0.002,-0.015949227649342035,-0.00032773019774466096,0.00014220912208129377
2012-08-15,0.003074948892718865,0.003074948892718865,0.002141620332798799,0.0011364030668199465
2012-08-16,0.011176531954093072,0.011176531954093072,0.005962781148560151,0.007378581187464706
2012-08-17,0.0157482391742646,0.0157482391742646,0.00043104000647630977,0.0013381080820491498
2012-08-20,0.0004890320231361045,0.0004890320231361045,-0.0018181229025837542,7.057086065409557e-05
2012-08-21,-0.021858723288111004,-0.021858723288111004,-0.003678380841620725,-0.0030247320725289573
2012-08-22,0.007054535339792611,0.007054535339792611,-1.7079698020569046e-05,0.00042364804924144295
2012-08-23,0.008202364641963444,0.008202364641963444,-0.00726729270553208,-0.008179497351860188
2012-08-24,0.006241998462383158,0.006241998462383158,0.007989337403779715,0.006043102608032314
2012-08-27,-0.004247872515556583,-0.004247872515556583,-0.0012092411787044755,0.00021209479162576095
2012-08-28,0.0009253247471949777,0.0009253247471949777,-0.0002572937754789478,-0.0009895658124988715
2012-08-29,-0.003035681431849735,-0.003035681431849735,0.0024591349883720036,0.0007782861609122449
2012-08-30,0.005661667075003263,0.005661667075003263,-0.006207514233632642,-0.007208053207540921
2012-08-31,0.0012387880551989472,0.0012387880551989472,0.004768786899043932,0.00476902294337922
2012-09-04,0.007843437483702757,0.007843437483702757,-0.0018438212750212367,
2012-09-05,0.0035836326510242378,0.0035836326510242378,-0.000831239051895693,-0.0008509211928883209
2012-09-06,-0.015159978206657154,-0.015159978206657154,0.02203164908598848,0.02029660278619083
2012-09-07,-0.011740725333958979,-0.011740725333958979,0.0021541643038292878,0.003895105480853367
2012-09-10,0.000985052791258434,0.000985052791258434,-0.005694799586410627,-0.005681489976573584
2012-09-11,-6.254080125278616e-05,-6.254080125278616e-05,0.0022101142123081537,0.0027877055039315923
2012-09-12,-0.002927259929093984,-0.002927259929093984,0.0032505510400008117,0.003335432009793804
2012-09-13,0.014986235127186665,0.014986235127186665,0.014722264191042314,0.01523636229554115
2012-09-14,-0.0061073682514753425,-0.0061073682514753425,0.0037780639685685135,0.0044343409818834445
2012-09-17,0.011507153738586462,0.011507153738586462,-0.002483791698422192,-0.003396156016554408
2012-09-18,-7.759238542415225e-05,-7.759238542415225e-05,-0.002150167910114439,-0.0008177433698561831
2012-09-19,0.009921008138641609,0.011921008138641609,0.0005133916601199928,0.0005457414245739756
2012-09-20,-0.002,-0.001757142195565442,-0.0022777323399766985,6.819708638916566e-05
2012-09-21,-0.003427341757805513,-0.003427341757805513,0.0007484171951501459,-0.00041766205357463004
2012-09-24,0.00313768671950887,0.00313768671950887,-0.002866632318367828,-0.0015088394974976937
2012-09-25,0.0009128386563510022,0.0029128386563510023,-0.010005216398567895,-0.010641898832371766
2012-09-26,0.0,0.00784596672756882,-0.004892706664230833,-0.005620966724159682
2012-09-27,0.0,-0.00966855999595606,0.009091724307467667,0.009421753270158817
2012-09-28,0.0,-0.0038227219855319072,-0.002112594290417357,-0.004632270953416673
2012-10-01,-0.002,-0.0020323676844730687,0.002361974327812504,0.0026394085428906866
2012-10-02,-0.0019188505211262807,-0.0019188505211262807,0.0016405317552693028,0.0010393306839402427
2012-10-03,0.00616543189186786,0.00616543189186786,0.004610881231508843,0.004082460589162729
2012-10-04,0.007511335888618409,0.007511335888618409,0.007798861814857653,0.007168153046097414
2012-10-05,-0.00035209242880390734,-0.00035209242880390734,0.00015679121156416417,6.843145027146669e-05
2012-10-08,-0.009504681864066,-0.009504681864066,-0.003215034176303534,-0.0034212056477901376
2012-10-09,0.0019213570953440229,0.0019213570953440229,-0.009618122785473504,-0.009887214377261477
2012-10-10,0.0060573160433672335,0.0060573160433672335,-0.006351118195569852,-0.0063802902390716065
2012-10-11,0.004468852145852353,0.004468852145852353,0.0006175966001750031,0.0005583409799467809
2012-10-12,-0.007897500568506632,-0.007897500568506632,-0.002720095832681294,-0.0032786934047189797
2012-10-15,0.015281315464683809,0.015281315464683809,0.010366298068126577,0.008328535427550854
2012-10-16,-0.021983675641952583,-0.01998367564195258,0.01066335434109406,0.010132940697560766
2012-10-17,0.0,0.004577078768485787,0.004199122399764632,0.004535051583629324
2012-10-18,0.0,-0.008580618833338938,-0.002706230220391047,-0.0025994149160322166
2012-10-19,-0.002,0.02818687429864042,-0.01568329302604711,-0.016664194527015397
2012-10-22,0.007062267127753654,0.009062267127753654,-9.667159285342676e-05,0.0001392752290243493
2012-10-23,0.0,-0.003186724338204272,-0.010847433902576848,-0.013876076239965118
2012-10-24,0.0,0.015560333410088834,-0.000247143710167679,-0.002828559216623283
2012-10-25,0.0,-0.0391972553770506,0.0029279560303837222,0.0029070811122882123
2012-10-26,0.0,0.0016831810652652157,-0.000722643799937663,-0.0005650274287588575
2012-10-31,0.0,0.019812872967696515,0.000544531201343736,
2012-11-01,0.0,0.009772577487265788,0.01359488531302411,0.010470685059870144
2012-11-02,0.0,-0.013293717153972096,-0.006492383366502304,-0.008892059709300848
2012-11-05,0.0,0.00633452461139983,0.0021588396851625205,0.0020484408259457965
2012-11-06,0.0,-0.016202737145494583,0.008598307200531462,0.007825284275448041
2012-11-07,0.0,0.009646029869596895,-0.022521244487550864,-0.022663966591728868
2012-11-08,0.0,-0.01201728506167471,-0.011750767662976495,-0.012024122801536974
2012-11-09,0.0,0.0072531417787080055,0.00023011276187697683,0.0008694441803696051
2012-11-12,0.0,0.03017157570297596,0.003166871807254861,0.0007960290513044921
2012-11-13,0.0,0.010897638424177847,-0.0024234404568716666,-0.003471150046079341
2012-11-14,0.0,0.0034397518455293596,-0.013109463521040568,-0.013498860717526373
2012-11-15,0.0,-0.00494587941556468,-0.001330095024651543,-0.0016918855922573028
2012-11-16,0.0,0.003203903108828454,0.006419294987073801,0.00493730536358461
2012-11-19,0.0,0.017467141025642507,0.016349084063384447,0.02023882519279807
2012-11-20,0.0,0.00015442041016155983,0.0023144273517511876,0.0004315253906683747
2012-11-21,0.0,-0.005080992689603769,0.003030939343505749,0.0018679986199932053
2012-11-23,0.0,-0.007159918112595642,0.011570644646714713,
2012-11-26,0.0,0.0030382370264765424,-0.0008906861995357063,-0.0021225724702770288
2012-11-27,0.0,0.008446362456975332,-0.004514864239030327,-0.005104720871442425
2012-11-28,0.0,-0.0009955000450847518,0.009029441720777973,0.008052564433440601
2012-11-29,0.0,-0.007959182768320083,0.006081309098925277,0.00466537106165843
2012-11-30,0.0,0.003439513386385984,0.0006076288477835827,0.00021156459869087207
2012-12-03,0.0,0.002782971692935954,-0.0049383882049387874,-0.004924523235967149
2012-12-04,0.0,-0.006823008524985075,-0.0003534013294965463,-0.001414185271161661
2012-12-05,0.0,-0.025020833915969484,0.0049412050366383084,0.0017703036962479768
2012-12-06,0.0,-0.011329286666793337,0.0031612347731961284,0.003391844123914245
2012-12-07,0.0,-0.00710281959624659,0.0034894336439015195,0.0030286982738845225
2012-12-10,0.0,0.00894782302374486,0.0028309799724365145,0.00042124585658553926
2012-12-11,0.0,0.002250299808657319,0.006131769543091989,0.006808170185464757
2012-12-12,0.0,-0.004365391107049921,-0.00031758371209080334,0.00048820643369529293
2012-12-13,0.0,0.02232238468129988,-0.005019394213783363,-0.006131705727327463
2012-12-14,0.0,0.011572760324262354,-0.0037854573833216863,-0.0037160018472225387
2012-12-17,0.0,0.02345636687146868,0.011193555954016339,0.011752085705806437
2012-12-18,0.0,0.025167575097724937,0.011122185327547569,0.011129504632441778
2012-12-19,0.0,0.007455532436512646,-0.006968182496401252,-0.007429698095580584
2012-12-20,0.0,0.006933444188253812,0.005007917284020008,0.005752440700306005
2012-12-21,0.0,-0.07148361454787755,-0.008950053133627076,-0.009077302539679755
2012-12-24,0.0,-0.011764974088135483,-0.002491591593410541,-0.003081498336495403
2012-12-26,0.0,0.02486184453372675,-0.005920305517953642,-0.004214933390128683
2012-12-27,0.0,-0.0122306110974012,-0.0018795108040176808,-0.0013399697232883145
2012-12-28,0.0,0.005797212969865462,-0.010602187206528816,-0.010808434399624312
2012-12-31,0.0,0.004289798848545079,0.015199893975695994,0.016996003962405526
2013-01-02,0.0,0.027490541375344124,0.026352502837173115,0.025630616127160666
2013-01-03,0.0,-0.015692476053649096,-0.0012061809083981168,-0.002259365387682677
2013-01-04,0.0,0.017525887785710292,0.005647739009178654,0.004391766102734618
2013-01-07,0.0,-0.007371301963684514,-0.002079893964488253,-0.0027331314113901994
2013-01-08,0.0,0.0022981282140817627,-0.0041786668295397235,-0.00287706577558533
2013-01-09,0.0,-0.003309995312004377,0.005227567962892327,0.0025420821861827925
2013-01-10,0.0,0.0052116894138570236,0.007131141599730488,0.007949389706153331
2013-01-11,0.0,-0.0013419537743658005,0.0017197381707383863,-6.809995685475023e-05
2013-01-14,0.0,0.002206867325151962,-0.00048764745412877453,-0.000679605273626871
2013-01-15,0.0,-0.016603718329372574,0.0006659744499084441,0.0006800674510529792
2013-01-16,0.0,-0.004441600368137011,-0.0005897935256307995,-0.00013581627842573774
2013-01-17,0.0,0.013982823476381578,0.007855668837844127,0.006460401786547498
2013-01-18,0.0,-5.970677143585235e-06,0.004011251377019107,0.002229684582665481
2013-01-22,0.0,0.003771501708110969,0.005716504493198403,
2013-01-23,0.0,0.033524830623332835,0.0023722933187199802,0.0016099305377195172
2013-01-24,0.0,0.001527113688690962,0.0042705309887908285,0.00026777226371943463
2013-01-25,0.0,0.0028232820677361326,0.006792611319280117,0.0056219700377753146
2013-01-28,0.0,0.0050752324701917595,-0.0014386305458310856,-0.0011976936081171674
2013-01-29,0.0,-0.011191109684917155,0.0035641386198316995,0.003931361643492615
2013-01-30,0.0,-0.0010880481705929368,-0.0031177903475675295,-0.003915966562750617
2013-01-31,0.0,0.00028227102241973334,-0.002772839012598929,-0.002465516113872246
2013-02-01,0.0,0.009690084781772468,0.010516931867166034,0.010286858707844404
2013-02-04,0.0,-0.004871147222579253,-0.012740745313361956,-0.011240599375519467
2013-02-05,0.0,-0.0004713877682611667,0.008991922323780018,0.010097833509466358
2013-02-06,0.0,-0.011501198173999302,0.0006966765201006925,0.0007285185690304452
2013-02-07,0.0,-0.03359473940601232,-0.001824692538664452,-0.0013232616191245494
2013-02-08,0.0,-0.022423670934848094,0.004783120767780509,0.005564565212121009
2013-02-11,0.0,0.04185896637577269,0.0001964557404884755,-0.00019807430159135553
2013-02-12,0.0,0.02154840864020713,0.0011071051564280436,0.0016477944797268496
2013-02-13,0.0,0.016132615330874622,0.0004472539308409676,0.0008546934364599412
2013-02-14,0.0,0.021899056871318878,0.00242170905691706,0.0009203639577370915
2013-02-15,0.0,-0.013736988623547663,-0.0007423428439344826,-0.0011819659692455797
2013-02-19,0.0,0.017122730596377034,0.007333040420077845,
2013-02-20,0.0,-0.004200289800896484,-0.012084902691015321,-0.012463115044109796
2013-02-21,0.0,-0.000558790269668985,-0.0071152526798299925,-0.006079229873850678
2013-02-22,0.0,-0.011166386211489243,0.009805545738648086,0.009773109628934185
2013-02-25,0.0,0.01012496589716938,-0.0173606289259514,-0.019027323950395636
2013-02-26,0.0,-0.0033132353594482744,0.005859160483500255,0.006845699383757786
2013-02-27,0.0,0.009608334171347765,0.013367450477753303,0.012598689973516652
2013-02-28,-0.002,-0.010660204744513124,-0.001061503453374105,-0.001975250909993731
2013-03-01,0.01376846019369349,0.01576846019369349,0.003700568900179113,0.003298049870315234
2013-03-04,0.0,-0.005639860547877573,0.004307678917338591,0.0053250776816538
2013-03-05,0.0,0.025881222208213428,0.010585672553471474,0.008958781593611187
2013-03-06,0.0,-0.014185990143204541,0.0015381088458424005,0.001361023201812861
2013-03-07,0.0,-0.006735268494978075,0.001302919770283339,0.0018124181217125113
2013-03-08,0.0,-0.010118324061234137,0.0034076186506560285,0.0042644662224220475
2013-03-11,0.0,-0.017072584058876905,0.002710543207261744,0.003795668250379025
2013-03-12,0.0,-0.00024423247328053677,-0.0022063096481255975,-0.0022436303987876105
2013-03-13,0.0,-0.02513827581249828,0.0027322399664625263,0.0014127144048987628
2013-03-14,0.0,0.0035671696910719586,0.003139828600910405,0.005324305935050289
2013-03-15,0.0,-0.020077587743705272,-0.004161048341954025,-0.001319863787156761
2013-03-18,0.0,-0.009104430659496288,-0.006547495681779982,-0.005519016845135116
2013-03-19,0.0,-0.01014368722537795,-0.001713584542503601,-0.002322911702750563
2013-03-20,0.0,0.012649352293915839,0.0063212341696529655,0.006985332649506182
2013-03-21,0.0,-0.00680548287395899,-0.00839989104875811,-0.008542843361764474
2013-03-22,-0.002,-0.008049075980263387,0.008095358388033831,0.008033367346108378
2013-03-25,0.008579838209326729,0.008579838209326729,-0.003231000654117355,-0.004177177959747924
2013-03-26,-0.009438323284755912,-0.009438323284755912,0.009075921499332998,0.008002404396972196
2013-03-27,-0.01677761854004567,-0.014777618540045667,0.0016077629984653846,0.0
2013-03-28,-0.002,-0.0077603560482606415,0.006045545252544762,0.003072920551403069
2013-04-01,-0.0001706283369249384,-0.0001706283369249384,-0.005909811326067416,-0.003957093158949765
2013-04-02,-0.002801861855470711,-0.002801861855470711,0.007102865795831414,0.00493415898653593
2013-04-03,-0.0062484054286782165,-0.0062484054286782165,-0.009167171441952997,-0.010138903206264538
2013-04-04,0.015519355575894345,0.015519355575894345,0.005392477774672766,0.004058286336060757
2013-04-05,-0.002037572132911003,-0.002037572132911003,-0.003769419891457315,-0.004491090717891666
2013-04-08,0.005848926072154592,0.005848926072154592,0.007161368742904432,0.006767398186535933
2013-04-09,-0.009546745359225724,-0.009546745359225724,0.0030512598617218763,0.003456769238909363
2013-04-10,0.005074129423249696,0.005074129423249696,0.013584350017202908,0.01224838160280095
2013-04-11,0.0006380828973476804,0.0006380828973476804,0.004618445259148854,0.003277666779850197
2013-04-12,-0.0073557599766158055,-0.0073557599766158055,-0.0014328325167565017,-0.0024496769993271883
2013-04-15,-0.00520168813605093,-0.00520168813605093,-0.02240593448917181,-0.023173874825910934
2013-04-16,-0.003705360220242815,-0.003705360220242815,0.014899301804573564,0.014763147415997935
2013-04-17,0.020797717243623004,0.020797717243623004,-0.012831794185416414,-0.014611960483310038
2013-04-18,0.021087292758012077,0.021087292758012077,-0.009041438784082322,-0.006253539730722513
2013-04-19,0.004128068167211618,0.004128068167211618,0.009864003185065572,0.008693191565966263
2013-04-22,-0.0052850084201035985,-0.0052850084201035985,0.004634974193172306,0.004438115858954816
2013-04-23,0.0063134714381092305,0.0063134714381092305,0.009588899810284986,0.010308926429575482
2013-04-24,0.00536549602635511,0.00536549602635511,5.119551780423516e-05,0.0006339506330390599
2013-04-25,-0.0003309400390084649,-0.0003309400390084649,0.006901652169918625,0.004053268158114243
2013-04-26,-0.04964528155055048,-0.04964528155055048,-0.0020220736599494294,-0.0017657114110674055
2013-04-29,0.006159715334874805,0.006159715334874805,0.008052842743389663,0.006698449379378024
2013-04-30,2.6924876980360946e-05,2.6924876980360946e-05,0.002594423729295413,0.0023854481403682293
2013-05-01,-0.00810638360524063,-0.00810638360524063,-0.007721109914928765,-0.008767660713975833
2013-05-02,0.001247937922064568,0.001247937922064568,0.010229521956902654,0.009287006713902368
2013-05-03,0.006292653563608808,0.006292653563608808,0.011910029791679665,0.01014153177175392
2013-05-06,-0.0049855527960580015,-0.0049855527960580015,0.00038834665613465466,0.0025405880298481343
2013-05-07,0.0038119093688445127,0.0038119093688445127,0.003984633957578459,0.00506818106387108
2013-05-08,-0.004749488947013433,-0.004749488947013433,0.005049024221010017,0.0045512993864809115
2013-05-09,-0.0020027059085342396,-2.705908534239576e-06,-0.0017302397517626898,-0.002816015763865143
2013-05-10,0.0,0.0036465111732838507,0.005229949872431495,0.0032536972601646674
2013-05-13,0.0,0.005230446957945611,0.00020112040038165705,0.0007954131254666041
2013-05-14,-0.002,0.0055329369413039675,0.010970783659005999,0.010334145703117414
2013-05-15,0.01872629471282683,0.02072629471282683,0.0061109975625392105,0.0053864393942295585
2013-05-16,-0.002,-0.001140671353382694,-0.005959131077525822,-0.0046956610877144644
2013-05-17,-0.00980187374717789,-0.00780187374717789,0.010640866982710856,0.009676871992939873
2013-05-20,0.0,0.04798207761886264,-0.002329804738572532,-5.9503057572629636e-05
2013-05-21,0.0,-0.004334837862118857,0.002428656210376419,0.0014378080801920046
2013-05-22,-0.002,0.036810411203216487,-0.009685280447522893,-0.007417206418449118
2013-05-23,0.0006849444786721798,0.00268494447867218,-0.004485703602208117,-0.0028932917928978785
2013-05-24,0.0,0.0028372444964910315,0.0004228634902395557,-0.0008463399275291383
2013-05-28,0.0,0.026476744047609246,0.006675160055006313,
2013-05-29,-0.002,-0.0001010361709261609,-0.007113185315596134,-0.00649441551759411
2013-05-30,-0.004685221068245871,-0.004685221068245871,0.005784312001658412,0.0036921933399614026
2013-05-31,-0.01638772061219973,-0.01638772061219973,-0.013246791681706957,-0.014352261569365754
2013-06-03,0.018696044513119348,0.018696044513119348,0.0052243691895614034,0.005505989655591126
2013-06-04,0.004704237183887905,0.004704237183887905,-0.0056476956847612055,-0.004806907515715442
2013-06-05,-0.012298592167017341,-0.012298592167017341,-0.01387155618639691,-0.014000645783216137
2013-06-06,-0.003248250243118589,-0.003248250243118589,0.010099014079196044,0.009053286156424756
2013-06-07,0.026840682299015373,0.024840682299015374,0.013553429573106339,0.012720277165651162
2013-06-10,0.0,0.010444236387419759,5.092329190697744e-05,0.0
2013-06-11,0.0,0.005503733302841929,-0.010305044143747753,-0.010315175643771934
2013-06-12,0.0,-0.016716720832879117,-0.009784083655153082,-0.008277410655792017
2013-06-13,-0.002,0.005899055235330408,0.014800087536047455,0.01520878693554506
2013-06-14,0.004397819089292265,0.004397819089292265,-0.005982398100346731,-0.006272861230506188
2013-06-17,0.0038791007414141782,0.005879100741414178,0.007696786881137795,0.007721847099483314
2013-06-18,0.0,-0.0028756262636348007,0.008855783217797616,0.007905590519308836
2013-06-19,0.0,-0.017976892345429873,-0.01299053299470455,-0.01381683521037358
2013-06-20,0.0,-0.027415578819987074,-0.025330881449930773,-0.02477877196368372
2013-06-21,0.0,0.004555056893663367,0.005494717442870892,0.003210685152488013
2013-06-24,0.0,0.02075171823388544,-0.010644963326098983,-0.012636029851542774
2013-06-25,0.0,-0.007822758548202358,0.009860474509024077,0.009614004826465461
2013-06-26,0.0,0.011422895474998196,0.011161212033276071,0.0099007316378672
2013-06-27,0.0,-0.011010546429509327,0.0059542674650885224,0.00587026524412515
2013-06-28,0.0,-0.014844845230519543,-0.005729796519647537,-0.004097200692253833
2013-07-01,0.0,-0.016962142783983725,0.004651472335489656,0.005859302539066746
2013-07-02,0.0,0.008375535417695146,-0.0013246968134185057,-0.0009295448067668799
2013-07-03,0.0,0.0008091611714383662,0.000472828678364247,0.00043438050075272905
2013-07-05,0.0,-0.00012857738771443472,0.010496037191287532,
2013-07-08,0.0,-0.009521296731619167,0.004197099834829583,0.005705006855837302
2013-07-09,0.0,-0.0015468763413265495,0.006578667184614112,0.007197178465895071
2013-07-10,0.0,-0.03952821354978986,0.0025330247124492242,0.0003634214990502205
2013-07-11,0.0,0.002582315427043458,0.01398285767400861,0.013620352801884561
2013-07-12,0.0,-0.00931309315558404,0.004093289244290623,0.0004179905692942576
2013-07-15,0.0,0.026112869863456956,0.0009361214597043246,0.0038209260755059926
2013-07-16,0.0,0.025239476924729165,-0.003924678502498164,-0.0037463703633788814
2013-07-17,0.0,0.014605294396564661,0.0023133775201136936,0.002566982027140341
2013-07-18,0.0,-0.01106677971086012,0.003933156540254613,0.005477570378891405
2013-07-19,0.0,-0.00450770875879436,0.0021692710096497475,0.0017765245725642753
2013-07-22,0.0,0.008830633425226275,0.0026042598469114293,0.001950519851089405
2013-07-23,0.0,0.018795169036774695,-0.0018083553489003082,-0.0021237486780730785
2013-07-24,0.0,0.00456548582780969,-0.0042991101815795015,-0.0036651196278445486
2013-07-25,0.0,0.02561180975859001,0.006715851254326143,0.0024322150373756735
2013-07-26,0.0,0.001733126271727281,0.00034784773479228987,0.0010660784584513028
2013-07-29,0.0,0.001117188580379902,-0.0028764103689181675,-0.0030750360226240447
2013-07-30,0.0,0.0003581816864375309,0.001774445234467516,0.0
2013-07-31,0.0,0.019091590307672046,0.0006120701890224366,0.0007116993989930709
2013-08-01,0.0,-0.0011885147983579092,0.01346026554587484,0.011558416610217837
2013-08-02,0.0,0.008499865473220458,0.0016472450888359756,0.0016993205288717839
2013-08-05,0.0,-0.014404603927045345,-0.001211156049824392,-0.001462330891837782
2013-08-06,0.0,-0.0001577626358897355,-0.005978370143144288,-0.0056826670942933255
2013-08-07,0.0,0.008082955178281174,-0.003148831443491796,-0.0032405897976828246
2013-08-08,0.0,0.0005109101287759099,0.0027982666230682114,0.0036647040471289305
2013-08-09,0.0,0.005592261909502572,-0.0036378980314856024,-0.0028854911081150902
2013-08-12,0.0,0.002525724498886106,-0.0021020842295668635,-0.0011811964875966252
2013-08-13,0.0,-0.025231857245544442,0.003018715644813615,0.002956709006456837
2013-08-14,0.0,-0.0022345273616592998,-0.006406213867453728,-0.005129745641723749
2013-08-15,0.0,-0.0079507697897373,-0.01425040753127639,-0.01398585983074796
2013-08-16,0.0,0.001900817233454699,-0.0015764245643152862,-0.0033057231557462874
2013-08-19,0.0,0.018781664793655284,-0.004064633386089243,-0.006392269552470964
2013-08-20,0.0,-5.6116405271922076e-05,0.003948604053850734,0.004916214802871632
2013-08-21,0.0,0.004636874303311833,-0.005764177286182112,-0.006160221045394265
2013-08-22,0.0,-0.016877636722042677,0.008647653257817028,0.009114919014561185
2013-08-23,0.0,0.008983420588053792,0.00486273854709808,0.003372516819507121
2013-08-26,0.0,-0.002472050827019512,-0.0018880441540739918,-0.0037214671963988755
2013-08-27,0.0,-0.006682495766294538,-0.01641123396125755,-0.01608405486369513
2013-08-28,0.0,-0.020933368549869824,0.0034597501035012364,0.0035511677182200607
2013-08-29,0.0,0.013880366819388312,0.002594119772970364,0.001586004799445151
2013-08-30,0.0,0.00275213084527981,-0.0036852277170502834,-0.0031668705486035398
2013-09-03,0.0,-0.013845378399676145,0.005822361961734562,
2013-09-04,0.0,0.0015253214410209104,0.009324693415818597,0.008272623871785623
2013-09-05,0.0,-0.013409022757930877,0.0019855292154999883,0.0012676781545275517
2013-09-06,0.0,-0.015499856162102695,0.0011381056277350282,0.00048183193605511043
2013-09-09,0.0,0.006695251001324953,0.011073024164850561,0.009575933608147125
2013-09-10,0.0,0.02876817765101014,0.009124175947530741,0.007397293913872227
2013-09-11,0.0,0.007321307125352949,0.0046441609600360026,0.003138485326135143
2013-09-12,0.0,0.00227062396924671,-0.003115052139203565,-0.0026566185407921328
2013-09-13,0.0,-0.004813973099458524,0.002811839032932332,0.0022493273583106266
2013-09-16,0.0,0.011263084476853091,0.0068384201340430835,0.005787676448879342
2013-09-17,0.0,0.007748737936737582,0.005636892996923685,0.004462617638915312
2013-09-18,0.0,0.015256890027420145,0.012777250659076774,0.011574138345726848
2013-09-19,0.0,0.010792502410795102,-0.0013129624293913339,-0.0016760716276181808
2013-09-20,0.0,-0.006500060546459574,-0.0061272450407359865,-0.006991473513854984
2013-09-23,0.0,-0.00886701465887374,-0.005401537442885634,-0.004627341914255179
2013-09-24,0.0,0.013612843711282463,-0.0010980892868254068,-0.002353974437616091
2013-09-25,0.0,-0.005400217850515254,-0.0028855692848775774,-0.0028907361960236466
2013-09-26,0.0,-0.0005162476031670415,0.004536003925655562,0.0038455746413077474
2013-09-27,0.0,-0.005593687217617327,-0.0039047330470725885,-0.00459625070966907
2013-09-30,0.0,-0.0356427738786389,-0.004588492848342481,-0.005328537316338089
2013-10-01,0.0,0.015835322446852262,0.006966526188493783,0.007915687722966913
2013-10-02,0.0,0.009884358787900727,-0.0011617551021252776,-0.0009444448928456195
2013-10-03,0.0,0.014340634528908769,-0.009436798810421561,-0.00922077355217743
2013-10-04,0.0,-0.005901826239357977,0.007196386866233556,0.00757657263627487
2013-10-07,0.0,-0.05769547588413104,-0.0072240386613145234,-0.008644488187604549
2013-10-08,0.0,-0.018206038212444375,-0.012737282931108596,-0.011646973108990988
2013-10-09,0.0,-0.0010519593583629416,0.0008367598540173106,0.000725343594675687
2013-10-10,0.0,0.016785346462535045,0.023988871881485917,0.021558029389569855
2013-10-11,0.0,0.0007966904534660868,0.005048238460143253,0.0064430383922857715
2013-10-14,0.0,0.011034398115644939,0.005052152171199173,0.003994067600455509
2013-10-15,0.0,0.03294362069959211,-0.007207566573592694,-0.007254181762656353
2013-10-16,0.0,-0.0023214715865222946,0.01620337655080675,0.01396602424819493
2013-10-17,0.0,-0.003270845903557751,0.0073872953139327195,0.006683397316226802
2013-10-18,0.0,-0.002367782764532367,0.003820734960588263,0.006754204363997207
2013-10-21,0.0,-0.0013582671275722547,-0.0006387244565683489,5.769263216093279e-05
2013-10-22,0.0,-0.01349296144215828,0.0065768399532533245,0.0057906999399703896
2013-10-23,0.0,-0.017982614897542104,-0.005584543535008427,-0.004788674015959393
2013-10-24,0.0,0.002939037206027173,0.004944825004574377,0.003322605592634087
2013-10-25,0.0,-0.006651721988661596,0.004601538384486765,0.004567421050172937
2013-10-28,0.0,-0.009712640321018706,3.6510533267973285e-05,0.001591469353129371
2013-10-29,0.0,-0.006136396835978997,0.005381578982618304,0.005333738925565434
2013-10-30,0.0,-0.009057631179802461,-0.005705393582602798,-0.004966859743749663
2013-10-31,0.0,0.006308989354433581,-0.002671803074168167,-0.002836528438938113
2013-11-01,0.0,0.008423403487833436,0.0035205542349746348,0.002389539415413866
2013-11-04,0.0,0.0013579264596906282,0.0021174913055337493,0.003518344754478653
2013-11-05,0.0,0.003602215654677058,0.00016296905318390132,-0.0031668843944417935
2013-11-06,0.0,-0.01233160464759997,0.003641872231074569,0.005105835897953881
2013-11-07,0.0,0.0008382882514400558,-0.013461014216041917,-0.012643334554797714
2013-11-08,0.0,0.02757523341945889,0.012266081720949938,0.013490743792307747
2013-11-11,0.0,-0.00022796001880498462,0.0008867997952029665,0.0001697115342917943
2013-11-12,0.0,0.004904330699724402,-0.002044523451013979,-0.002030090690873121
2013-11-13,0.0,0.00011078625054716795,0.00792202433478299,0.008024780950952604
2013-11-14,0.0,0.0015219279191465152,0.004816960532335602,0.004988716378735436
2013-11-15,0.0,-0.0021273380816528853,0.004716016022088298,0.004351373891799071
2013-11-18,0.0,0.02704998016341975,-0.0039031118375099745,-0.003498975252660186
2013-11-19,0.0,0.011074203081534728,-0.0012768929113226607,-0.0021738141413243373
2013-11-20,0.0,0.016157909863292907,-0.003995184486367144,-0.0031282856913826818
2013-11-21,0.0,-0.029808075399600953,0.007992856620183734,0.008068570886410997
2013-11-22,0.0,0.006108294853148122,0.00619275026222487,0.005002638909962442
2013-11-25,0.0,0.01565470421264692,-0.0018442129726683344,-0.0009955054221554294
2013-11-26,0.0,0.004350629121974148,0.0007718482246706112,0.00027702670890583647
2013-11-27,0.0,-0.008768193183001483,0.001999729672494056,0.002434869474185808
2013-11-29,0.0,0.011947215520999976,-0.0017972619250699413,
2013-12-02,0.0,0.0027637618648130857,-0.0026384779092108648,-0.002596692690927327
2013-12-03,0.0,0.006665700186378021,-0.0035017479105048663,-0.004320581716501959
2013-12-04,0.0,-0.013388357248452887,-0.001494876192744128,-0.00011173334214809039
2013-12-05,0.0,0.0036101642679933245,-0.003715010340534931,-0.004395159863602505
2013-12-06,0.0,-0.021947720286585815,0.011915479182190802,0.011177447953608866
2013-12-09,0.0,-0.006786087432976762,0.0004161724905948641,0.002541633863719861
2013-12-10,0.0,0.0076452697901776,-0.0031454088262002767,-0.00358292110938907
2013-12-11,0.0,-0.01916544297648959,-0.011728603273712081,-0.01123103427850547
2013-12-12,0.0,0.015264298408399157,-0.0028898830113493626,-0.003300790655988095
2013-12-13,0.0,0.0019910874996983963,0.0008534860123055065,-0.00011285601597166295
2013-12-16,0.0,-0.0028073147271036047,0.006402804968775166,0.0062319752383646065
2013-12-17,0.0,0.0030622481851136363,-0.0019825275596464936,-0.0031800484924824346
2013-12-18,0.0,-0.0004195835940129511,0.01797223321106434,0.0170724175934871
2013-12-19,0.0,0.0037538422270639304,-0.0011639463895698093,-0.0011558034066477818
2013-12-20,0.0,0.024404987025264002,0.006953972545512915,0.005816559864126214
2013-12-23,0.0,-0.010544030916353031,0.004808708813368671,0.005342626497414127
2013-12-24,0.0,0.002041676684739757,0.0025270863485420854,0.0021915424892580138
2013-12-26,0.0,-0.009236228966533921,0.004813410911340308,0.00508380443536538
2013-12-27,0.0,0.005382837328818113,-0.00036575653675968326,-5.45282978761108e-05
2013-12-30,0.0,-0.010070900894281976,0.0006108183102708335,-0.00016287494613620446
2013-12-31,0.0,-9.174644649312391e-05,0.0038150136764898094,0.004732873415690619
2014-01-02,0.0,-0.0038968397605918526,-0.00951269422310342,-0.009583598488043132
2014-01-03,0.0,-0.004943541504184135,-0.00013784044730398776,-0.00016411585216691282
2014-01-06,0.0,0.003865678399190109,-0.0028653147547797676,-0.0028976880436326624
2014-01-07,0.0,-0.003418689666313531,0.007068143652691663,0.006141354162536139
2014-01-08,0.0,-0.02133983683447538,0.0008691579604216547,0.0002182562223089768
2014-01-09,0.0,0.0007990908298974864,0.00104029131928624,0.0006536998702786345
2014-01-10,0.0,-0.019905265583151976,0.0038360816118802417,0.0027232038621440857
2014-01-13,0.0,0.005077208937582789,-0.01386173252505552,-0.013305481099053829
2014-01-14,0.0,0.006318863605110803,0.01278576822858465,0.010897804467173922
2014-01-15,0.0,0.020547059171280635,0.003979722655699361,0.005390007115541273
2014-01-16,0.0,-0.009454542743404404,-0.0008706064721084748,-0.001299533067850911
2014-01-17,0.0,0.0036303602022165204,-0.0015584340378613144,-0.004229746002293644
2014-01-21,0.0,-0.017986796004804573,0.0035393221081338306,
2014-01-22,0.0,-0.00471664010751327,0.0014037776929057579,0.000651562566151842
2014-01-23,0.0,0.003522640550343681,-0.0093477694491519,-0.008192909866005404
2014-01-24,0.0,-0.0028591265168913527,-0.022994062139839202,-0.021336392397251047
2014-01-27,0.0,-0.0062214413948284975,-0.004388433052207021,-0.004918612234292019
2014-01-28,0.0,-0.003565901061641119,0.007772095704028699,0.005954037579081639
2014-01-29,0.0,0.005891324405070453,-0.009496608924633094,-0.009604865272933583
2014-01-30,0.0,0.041928235386738066,0.015238357326451079,0.010600362131842456
2014-01-31,0.0,-0.0038283786968961175,-0.00699276483547658,-0.005857996493355611
2014-02-03,0.0,0.006628798885835341,-0.021899346498436414,-0.022505021867122665
2014-02-04,0.0,-0.004309008673322179,0.006714559894314229,0.007004239205397722
2014-02-05,0.0,0.013784933955692247,-0.001721934063358375,-0.0012545407669233288
2014-02-06,0.0,-0.004045113232802763,0.012579752546333095,0.013187176573414394
2014-02-07,-0.002,-0.014390124306167262,0.013656387315066824,0.012395973723395182
2014-02-10,0.015510044781897882,0.017510044781897882,0.0017577020310588366,0.0018365662033359431
2014-02-11,0.0,-0.009202083261073302,0.01074968915222549,0.010943816602023704
2014-02-12,0.0,-0.0029668422715274367,0.0009798408452461429,0.0004945794938233661
2014-02-13,0.0,0.006012430496607601,0.006636767472275172,0.0051626742746071486
2014-02-14,0.0,0.007761165011001436,0.006058834585370482,0.0055188035377538025
2014-02-18,0.0,0.0067145581424497,0.0007893759286904466,
2014-02-19,0.0,0.017471550240028888,-0.006369237551694387,-0.006621208773596066
2014-02-20,0.0,0.002512670942774742,0.005749641978108064,0.005900298723577446
2014-02-21,0.0,-0.009398077842077801,-0.0004525948010183114,-0.0011400122985133487
2014-02-24,0.0,-0.010920663828513089,0.006163577156409208,0.005546705140304642
2014-02-25,0.0,-0.039985366017323054,-0.0016459393001111873,-0.0003787136580645223
2014-02-26,0.0,0.008464608036909183,0.0014718353302260296,5.4341330974372326e-05
2014-02-27,0.0,0.0023601645874522514,0.004030808069451178,0.005247228385224734
2014-02-28,0.0,-0.0006188717621480322,0.002948214205249871,0.00252919286213249
2014-03-03,0.0,0.008877942247551118,-0.007110741090883331,-0.00703209065340249
2014-03-04,0.0,-0.009810190250253426,0.015439000364057515,0.014055794287107126
2014-03-05,0.0,-0.009709091497917433,-5.309751342678488e-05,0.0009060811005996428
2014-03-06,0.0,0.01291015097657744,0.0013415538581396916,0.0022904045063929512
2014-03-07,0.0,-0.014728233803595892,0.0002270191656640836,0.0004250080090331121
2014-03-10,0.0,-0.003608091617993133,5.506016685185693e-05,-0.0005310343174533827
2014-03-11,0.0,0.002611353447238507,-0.0036414682329626467,-0.004942497410145852
2014-03-12,0.0,0.007711992174239457,0.002171783116301745,0.000267028190028773
2014-03-13,-0.002,-0.022054502863321113,-0.01201187421203071,-0.011213198155819781
2014-03-14,-0.00401700982123776,-0.00401700982123776,-0.0028796720966403123,-0.002808122122623047
2014-03-17,0.015758892550906012,0.015758892550906012,0.010173435374140859,0.009043768600909052
2014-03-18,-0.019761306064078332,-0.01776130606407833,0.007007973838979606,0.007137480940101915
2014-03-19,0.0,-0.0018795143229953792,-0.005104492326687435,-0.005328429178353855
2014-03-20,0.0,-0.01001000756168946,0.004998795810503904,0.0058392537763622965
2014-03-21,0.0,-0.004923363011427373,-0.00483692293784325,-0.0038784826572956232
2014-03-24,0.0,0.006768064109408556,-0.005345470790992403,-0.004135368062698763
2014-03-25,0.0,-0.02765892210039944,0.0034842500722043587,0.004745876249573788
2014-03-26,0.0,-0.005292575586885784,-0.007127193968650676,-0.007192136715573394
2014-03-27,0.0,0.0041007907585927095,-0.0018306570840144374,-0.0021085160144779236
2014-03-28,0.0,-0.028161619353268552,0.0023130049668942066,0.004929858886761007
2014-03-31,0.0,-0.0020293597686440457,0.009376011192321737,0.00819436556801767
2014-04-01,0.0,-0.027859997015655336,0.007841408326828668,0.006631073106048158
2014-04-02,0.0,0.033978838275658285,0.0028850753478047208,0.0033461193503157016
2014-04-03,0.0,0.011619071773384504,-0.002119836757034184,-0.001323434807947721
2014-04-04,0.0,-0.03428816623801223,-0.015210004258305508,-0.011822061590078814
2014-04-07,0.0,-0.022741438626883603,-0.009666079879788224,-0.011051549560586182
2014-04-08,0.0,-0.017039383287074435,0.003149791968946222,0.00412335517275797
2014-04-09,0.0,0.0016611489121711731,0.012321917490031628,0.010750569741301286
2014-04-10,0.0,-0.023449101037097853,-0.022602136448265402,-0.02100619378884938
2014-04-11,0.0,-0.002317581761672405,-0.010092699161834626,-0.009008290603606306
2014-04-14,0.0,-0.01012904250825264,0.00863766418175457,0.007878395534726579
2014-04-15,0.0,-0.010417928099467288,0.007396832808427153,0.006887515861169202
2014-04-16,0.0,0.016391782830228463,0.009899086125421277,0.010477663784676405
2014-04-17,0.0,0.01242964168366889,0.0022117132991693986,0.0013968163171900194
2014-04-21,-0.002,0.014968534459914307,0.004867551485444103,0.003487220282636594
2014-04-22,0.0025230806143531365,0.004523080614353137,0.006092275868788864,0.004544526287480144
2014-04-23,0.0,0.004336843572209537,-0.003697460488651285,-0.0023414698175596715
2014-04-24,0.0,-0.013207707922109457,0.0017948622458934897,0.002026869762787431
2014-04-25,0.0,-0.021485562194172747,-0.010743159892145504,-0.008198763060010883
2014-04-28,0.0,0.012999128253681325,0.0009958176098634277,0.003166902363850088
2014-04-29,0.0,-0.014407210148997929,0.004910274068050668,0.004655642395163806
2014-04-30,0.0,0.006181222068393222,0.003646405792656592,0.0029827838147533647
2014-05-01,0.0,0.00018369215336511147,0.0002976320437848436,0.00010621118837050858
2014-05-02,0.0,-6.826799503878433e-05,-0.0021801712585992816,-0.0014335989562066498
2014-05-05,0.0,-0.003330326463444222,0.0027728017491468965,0.00191434275731317
2014-05-06,0.0,-0.003940507311506858,-0.008226466215928808,-0.008704032371506076
2014-05-07,0.0,0.004885047765675221,0.00602999689292562,0.005888862588241395
2014-05-08,-0.002,-0.0022830898638901385,-0.0013730965610066453,-0.0010643430278127752
2014-05-09,0.009089131611495162,0.011089131611495162,0.0017493892283391693,0.0014916478537216893
2014-05-12,0.0,0.016635518562389873,0.010883758651039918,0.009736424675169886
2014-05-13,0.0,0.0001271847460989628,-0.0010950939728684515,0.0008955570682895875
2014-05-14,-0.002,0.0005223616092198125,-0.004405724427609212,-0.004737495263741676
2014-05-15,-0.01050593241713571,-0.01050593241713571,-0.009903056452773123,-0.008780060125221811
2014-05-16,0.010389989184781845,0.010389989184781845,0.005180696565697074,0.0034680229009478314
2014-05-19,0.006353789273494281,0.006353789273494281,0.0032226520760551026,0.003669453134629075
2014-05-20,-0.032574839686218215,-0.032574839686218215,-0.007089550322479265,-0.006305367420362695
2014-05-21,0.007181406569856552,0.007181406569856552,0.007952009509487011,0.008424488205375669
2014-05-22,-0.023140994749289878,-0.023140994749289878,0.0032934284772285606,0.0024321674646341496
2014-05-23,-0.0037464610566444456,-0.0037464610566444456,0.004288380500780427,0.00400917442199078
2014-05-27,0.006901140151581275,0.006901140151581275,0.008129975645025466,
2014-05-28,-0.007960175649523893,-0.007960175649523893,-0.0012316275916661624,-0.0007308210989994679
2014-05-29,0.006012340335643129,0.006012340335643129,0.004827747804914952,0.00517321615928501
2014-05-30,0.01089774000746524,0.01089774000746524,0.0014197674214422615,0.0016113329964744239
2014-06-02,0.0005656408578100791,0.0005656408578100791,5.143749363727148e-05,0.0011416303578066778
2014-06-03,0.010661465680399385,0.010661465680399385,-0.0002803766028717269,-0.0005183222884918015
2014-06-04,0.007743176599269597,0.007743176599269597,0.0017107932665473698,0.002022787978436691
2014-06-05,0.002291385734087381,0.002291385734087381,0.006341750580432347,0.006522185657574564
2014-06-06,0.004303268407288896,0.004303268407288896,0.004564948418035827,0.004782871219191298
2014-06-09,-0.006137270947075498,-0.006137270947075498,0.0002893016097203433,0.001023389702988986
2014-06-10,-0.016991625912462727,-0.016991625912462727,0.00044598591568638943,0.00010245540234543604
2014-06-11,-0.012114144654019166,-0.012114144654019166,-0.0025337376412229258,-0.0034763996631427263
2014-06-12,0.02828949417957438,0.02828949417957438,-0.005617018401666318,-0.007079953081267187
2014-06-13,0.004637475972282257,0.004637475972282257,0.0036361102339993786,0.0030484642391359618
2014-06-16,-0.005564848692876212,-0.005564848692876212,0.0004027498301417181,0.0008239254231781068
2014-06-17,0.007248074624238265,0.007248074624238265,0.002020455860643838,0.0027794386555597406
2014-06-18,-0.021762408532516764,-0.021762408532516764,0.008386966856567132,0.007339867865976402
2014-06-19,0.026615922583411056,0.026615922583411056,0.0008142808905923832,0.0011209015331630212
2014-06-20,0.009411328101133654,0.009411328101133654,0.0019121199736381051,0.0020302502600837435
2014-06-23,-0.009376954708880447,-0.009376954708880447,-0.0007978574718102089,-0.0003063886082633749
2014-06-24,0.006586163398110023,0.006586163398110023,-0.005277112444339598,-0.006023923782221496
2014-06-25,-0.010968421086522517,-0.010968421086522517,0.005740369340048077,0.004519884754469183
2014-06-26,0.005344467378244899,0.005344467378244899,-0.0016782458406802412,-0.0007158718566420141
2014-06-27,0.007692732816733994,0.007692732816733994,0.002135084741926893,0.0019442129297482236
2014-06-30,-0.0020588818048405955,-0.0020588818048405955,0.0006051906054889892,-0.0005107377207990149
2014-07-01,-0.02003786960430487,-0.02003786960430487,0.007499223620621377,0.006693261030106923
2014-07-02,0.003971702456544657,0.003971702456544657,0.0004151302934487324,0.001015202399569315
2014-07-03,-0.00917466874259798,-0.00917466874259798,0.005723902883521146,0.004918055178513292
2014-07-07,0.016696615071584153,0.016696615071584153,-0.004760595955077326,
2014-07-08,0.033410086409977335,0.033410086409977335,-0.005896394591849509,-0.006429996813654082
2014-07-09,-0.020492515310046585,-0.020492515310046585,0.004152265781714862,0.004484224135703929
2014-07-10,0.0004467964703682714,0.0004467964703682714,-0.003619491126917309,-0.003957120924281687
2014-07-11,-0.001418161234756632,-0.001418161234756632,0.002820154313168043,0.0013756066456751537
2014-07-14,-0.004926525236025825,-0.004926525236025825,0.004665807712530593,0.00503480536504175
2014-07-15,-0.0049226172508752275,-0.0049226172508752275,-0.0017458351699627186,-0.001872120197425664
2014-07-16,-0.010795682044752841,-0.010795682044752841,0.0037429670717313845,0.003701180602626586
2014-07-17,0.01501695503103484,0.01501695503103484,-0.009944616463558336,-0.011365764843546344
2014-07-18,-0.026078016643874935,-0.026078016643874935,0.011361629392701023,0.010219060016628756
2014-07-21,0.005022834014363542,0.005022834014363542,-0.0012128433552177917,-0.001871456540678107
2014-07-22,-0.0045139225268496785,-0.0045139225268496785,0.004852672458730946,0.004357981699889768
2014-07-23,-0.008441428698090392,-0.008441428698090392,0.0030488538517841352,0.0022199398910616175
2014-07-24,0.0015413290138809321,0.0015413290138809321,0.0004642056342049358,5.029219387919781e-05
2014-07-25,0.0029389625786874207,0.0029389625786874207,-0.007175802452326145,-0.004681176710347734
2014-07-28,0.007242451693370677,0.007242451693370677,0.00021198443336272913,0.00040449334866266007
2014-07-29,0.005228015506541062,0.005228015506541062,-0.003794224746974413,-0.004297623808149242
2014-07-30,0.01971576296207206,0.01971576296207206,0.00246393362412971,0.0001525512003528462
2014-07-31,-0.0045797489098264865,-0.0045797489098264865,-0.020231220589694492,-0.019748283324717675
2014-08-01,0.0025860407521813844,0.0025860407521813844,-0.003201816569522484,-0.0030556272789676875
2014-08-04,0.00428256612030864,0.00428256612030864,0.006610627597159663,0.007220974432121663
2014-08-05,0.01027863244227889,0.01027863244227889,-0.009773373027063714,-0.009696306916341269
2014-08-06,0.006032175075363078,0.006032175075363078,0.0012749036723733555,0.00031226993841126927
2014-08-07,-0.008937352837169009,-0.010937352837169009,-0.006174903989558645,-0.0054143658355346735
2014-08-08,-0.002,0.0025521535254759975,0.01330350368835578,0.011568406489636418
2014-08-11,-0.005527995295208588,-0.005527995295208588,0.002189117903883258,0.0028983571006748754
2014-08-12,-0.009772083859036995,-0.009772083859036995,-0.0006663088117736229,-0.0013932491945836123
2014-08-13,0.0012052235555897184,0.0012052235555897184,0.0071286372172927005,0.006768518111264443
2014-08-14,-0.00025242959503734945,0.0017475704049626506,0.004478868711721264,0.0047224033742672145
2014-08-15,-0.002,-0.0008231538491678125,0.0004419118788126503,-0.00020460613223982627
2014-08-18,-0.0029152902641416123,-0.0029152902641416123,0.008688773454634738,0.00837938471014632
2014-08-19,-0.011450507988098711,-0.00945050798809871,0.005193128989126499,0.0052189054867846085
2014-08-20,0.0,0.004710868579837046,0.0027451510711856046,0.0026713911630882325
2014-08-21,0.0,-0.006909593857874763,0.0027032602382797903,0.0029156630222602065
2014-08-22,0.0,-0.005294648798238433,-0.00212964061906994,-0.001553369033782892
2014-08-25,0.0,0.0026463792846775913,0.004319900185223354,0.005070180353746068
2014-08-26,0.0,-0.0024309574938229384,0.0011952280572743994,0.0006491712203811062
2014-08-27,0.0,0.007007475746439673,0.00042823971633246,-0.00039922362910804754
2014-08-28,0.0,0.007836052578361619,-0.0010487733674201462,-0.000549233469441246
2014-08-29,0.0,-0.006552599403967518,0.0035196781051313438,0.002848348262733724
2014-09-02,0.0,-0.014385328287477739,-1.096797160198018e-05,
2014-09-03,0.0,0.0060621623546689984,0.0006832831805884748,-0.0005486207312984659
2014-09-04,-0.002,0.010260438223475998,-0.00011153492303893411,-0.0014462500695132663
2014-09-05,0.006752691818096346,0.006752691818096346,0.005789397154561919,0.004495288300962574
2014-09-08,-0.016469181113366645,-0.016469181113366645,-0.0014381366191499785,-0.002585493182312937
2014-09-09,-0.0008866748738981505,0.0011133251261018495,-0.00649607278517855,-0.0063316379700930625
2014-09-10,-0.002,-0.0007152378374613022,0.00375579450086554,0.0037628949146057966
2014-09-11,0.023730243678867113,0.023730243678867113,0.0005340196763368583,0.0011493878845614258
2014-09-12,-0.014899283037459798,-0.014899283037459798,-0.006085167532122901,-0.005840652751366471
2014-09-15,0.008870665985655779,0.008870665985655779,-0.0015813527059344167,-0.0007536536984742437
2014-09-16,0.014537133447116046,0.014537133447116046,0.008670524478644817,0.007538272400735346
2014-09-17,0.004545599103867315,0.004545599103867315,0.0033232584617738613,0.001347013176747014
2014-09-18,-0.022725632368245208,-0.022725632368245208,0.005919002892861419,0.005330109199396027
2014-09-19,0.000873557048113538,0.000873557048113538,-0.00010329479479586408,-0.0009012847966334281
2014-09-22,-0.010706192998825026,-0.010706192998825026,-0.008154484660915267,-0.0077229892533176026
2014-09-23,-0.0003121748752912268,-0.0003121748752912268,-0.006079892679472845,-0.005724373233398472
2014-09-24,-0.009502335038424457,-0.007502335038424457,0.009739000683025805,0.007828095982714611
2014-09-25,0.0,0.012812959498249454,-0.015790020858153335,-0.016135407423166437
2014-09-26,-0.002,0.010594606468440793,0.00989869783379593,0.007945036768070679
2014-09-29,0.005096813070210484,0.007096813070210484,-0.0008662112744221788,-0.0018186197759846312
2014-09-30,0.0,-0.019925289173489458,-0.0026013949509273164,-0.0026324144234365354
2014-10-01,0.0,-0.013798304626886804,-0.012985987131280349,-0.013552179435052047
2014-10-02,0.0,0.0008043320146695621,0.0007396336258399868,0.00015435180100098478
2014-10-03,0.0,-0.01744275924334826,0.01148345706442527,0.011009399828926902
2014-10-06,-0.002,-0.01774693251858761,-0.001983158884918597,-0.0011701074084503604
2014-10-07,5.888196047254893e-05,5.888196047254893e-05,-0.015997669056875597,-0.015436684161840963
2014-10-08,0.004591351245354813,0.004591351245354813,0.019057360720726186,0.01748944637259986
2014-10-09,-0.008670155386732603,-0.008670155386732603,-0.01957005132656882,-0.019833002783286924
2014-10-10,0.0021193558671521173,0.0021193558671521173,-0.014369345406379314,-0.011414647228950692
2014-10-13,0.00887865931377213,0.00887865931377213,-0.015977370024858956,-0.016427128000683355
2014-10-14,0.0019346834474949226,0.0019346834474949226,0.004281269839436389,0.0015479168649710218
2014-10-15,-0.011664686617811781,-0.011664686617811781,-0.00465557667233909,-0.006766121634238176
2014-10-16,-0.005747631152628496,-0.005747631152628496,0.0006434513334605485,-0.0008581813387509296
2014-10-17,0.0081808123193996,0.0081808123193996,0.015369212982038322,0.011810528508754858
2014-10-20,0.0008960236750095718,0.0008960236750095718,0.007885911991594852,0.009709801646448524
2014-10-21,3.8257594796475836e-05,3.8257594796475836e-05,0.02067158237552401,0.019810759592821636
2014-10-22,-0.008952477270581237,-0.0069524772705812365,-0.008022007670114573,-0.007110618826674964
2014-10-23,-0.002,0.009744971431776939,0.013838213053097483,0.011624604478659872
2014-10-24,-0.0009481905658251799,-0.0009481905658251799,0.007766818942887596,0.0076953917157662755
2014-10-27,-0.016994497579379375,-0.014994497579379373,-0.0007559745983728603,-0.001374740363948801
2014-10-28,0.0,0.0023528099161486127,0.010859007187772296,0.01147013702442834
2014-10-29,0.0,0.0027931148041486775,-0.0014068137743653134,-0.0015120274269068146
2014-10-30,0.0,-0.00916447729957709,0.00916124881939679,0.006410869170652145
2014-10-31,0.0,0.0037888560178840347,0.011739716666898948,0.011435162377157804
2014-11-03,0.0,0.0020970006377633577,0.0001699119194784395,0.0005456258746150411
2014-11-04,0.0,-0.0012409054778733664,-3.70840587317463e-05,-0.003469188903246767
2014-11-05,0.0,-0.009638864455755122,0.0063213724490726545,0.006316028502466597
2014-11-06,0.0,-0.03342546257270407,0.0034531445841841056,0.0040030244009818805
2014-11-07,0.0,-0.009430653702057867,-0.00037743857722524564,0.0009354907366618814
2014-11-10,0.0,0.003007615170571798,0.005835272245597698,0.003147530931352671
2014-11-11,0.0,0.003847087170328445,0.001193253344371559,0.000980157761855338
2014-11-12,0.0,0.006740022410067992,-0.0015690942717074632,-0.0010772363506894589
2014-11-13,0.0,0.011049256528662399,8.718188316202754e-05,0.001127150542248323
2014-11-14,0.0,-0.0020876283975104215,-0.0007125318645764575,0.0002456767189846776
2014-11-17,0.0,0.01255857389667403,-4.6588760555521525e-05,0.0006363779917515355
2014-11-18,0.0,0.008682709053336124,0.00618580149913073,0.005773416390106423
2014-11-19,0.0,0.02684929298033134,-0.001396321739033775,-0.001605084815932023
2014-11-20,0.0,0.01179854529979818,0.0007487898037760001,0.0017538413880979764
2014-11-21,0.0,-0.014263573455660872,0.0066851284739405025,0.005350588934338596
2014-11-24,0.0,-0.010336833411821011,0.0033102537777726917,0.002806650334181704
2014-11-25,0.0,0.0005290394685142363,-0.0012533587548431279,-0.0007237767490133606
2014-11-26,0.0,0.012852326875557374,0.0034041295473503114,0.0025588791244517406
2014-11-28,0.0,0.016446073161630936,0.0012382881983617187,
2014-12-01,0.0,-0.040418319111729106,-0.0050395512497756435,-0.006949317977917202
2014-12-02,0.0,0.01395250096868017,0.007181314502303188,0.006463738485017911
2014-12-03,0.0,-0.03778983118329904,0.006277623418670461,0.00386292127880572
2014-12-04,0.0,-8.514668303460926e-05,-0.0006045861512724648,-0.0011062905034128212
2014-12-05,0.0,-0.0050965785324110745,0.0026336697712143575,0.0016372868473830682
2014-12-08,0.0,-0.0268704203249015,-0.004756551978235845,-0.006682664525263338
2014-12-09,0.0,-0.03203281898655108,-0.0007491264909003422,-0.0006776561299355333
2014-12-10,0.0,0.007231569902023782,-0.015302972967579227,-0.016031361248418197
2014-12-11,0.0,0.002257719407954051,0.005164388065874291,0.005069327926343403
2014-12-12,0.0,-0.01150205768219037,-0.016695315055852922,-0.016160950168845778
2014-12-15,0.0,0.0055637555108727366,-0.005787397965651033,-0.006869220362768713
2014-12-16,-0.002,-0.026828232110012062,-0.006983819230876334,-0.008019837400589647
2014-12-17,0.0385210225152548,0.0405210225152548,0.019929055432463854,0.019604963315199564
2014-12-18,0.0,-0.015693515645686773,0.024211479636991256,0.02472844946394903
2014-12-19,0.0,0.004347432333530965,0.002950337582672258,0.004254765426428886
2014-12-22,0.0,0.0005039414492815641,0.00508095034687334,0.004600082873227995
2014-12-23,-0.002,-0.004460492792661808,-0.0006863742002947226,0.001349873380752209
2014-12-24,0.005518873626233378,0.005518873626233378,0.0008117956697585249,9.644872582503794e-05
2014-12-26,-0.0062820070300256825,-0.0062820070300256825,0.002682654638342014,0.0032240359132573726
2014-12-29,-0.000739631302899002,-0.000739631302899002,0.0006279966394924626,0.0013437695735030175
2014-12-30,-0.002963101273561586,-0.002963101273561586,-0.005318650562898439,-0.00536617934436634
2014-12-31,0.0009183695584639162,0.0009183695584639162,-0.009836960414374612,-0.00992257651761852
2015-01-02,0.0004871239620771739,0.0004871239620771739,0.00011463370407350121,-0.0005358111890386708
2015-01-05,-0.0029154221918340495,-0.0029154221918340495,-0.015911376759655035,-0.018059224498950366
2015-01-06,0.0036131545103503804,0.0036131545103503804,-0.007987690792043806,-0.009418808551977409
2015-01-07,0.0004153438748726347,0.0004153438748726347,0.012993001954996648,0.012460957563088293
2015-01-08,-0.031649080423917564,-0.029649080423917562,0.017739901288339438,0.017744844268523963
2015-01-09,0.0,-0.02206435388326755,-0.008329410187386048,-0.008013495352877875
2015-01-12,0.0,0.02814769060410105,-0.007142561803710952,-0.007833429863249086
2015-01-13,0.0,-0.016542106639985454,-0.0023529029240238965,-0.0028127575276902794
2015-01-14,0.0,-0.04616474599807163,-0.004268307074706812,-0.0060370861359257955
2015-01-15,0.0,0.013791460993435534,-0.007568473219233424,-0.009160878231735281
2015-01-16,0.0,-0.040742102480582076,0.013643060644873327,0.013114477390760548
2015-01-20,0.0,0.008418814830574828,0.002466984482207094,
2015-01-21,0.0,-0.015267349138304853,0.003971820618946562,0.005047777321872671
2015-01-22,-0.002,0.017296566837131877,0.013881244980866842,0.01487112783479727
2015-01-23,-0.0012375600667060543,0.0007624399332939458,-0.004940974557720592,-0.005482646880809017
2015-01-26,0.0,-0.010908223344214374,0.0026199833204457053,0.002341737350652018
2015-01-27,0.0,-0.020691167461904247,-0.01371282936295382,-0.013190589638889638
2015-01-28,0.0,0.04297073435359111,-0.014435677268052387,-0.01282433513478165
2015-01-29,0.0,-0.0018883733762893318,0.011714729292131748,0.009243430856411328
2015-01-30,0.0,0.015359860747423904,-0.013095495592570823,-0.012574723647534425
2015-02-02,0.0,-0.01814968930169303,0.0110426465412115,0.012384263987669675
2015-02-03,0.0,0.012117843902561543,0.01408806157522968,0.014460937191185241
2015-02-04,0.0,0.025742257459780427,-0.003484710126572336,-0.0038078854871557155
2015-02-05,0.0,-0.022630173204647108,0.01142213054996609,0.010094801434994416
2015-02-06,0.0,-0.002457385743371173,-0.005031530106076392,-0.0027652262866662003
2015-02-09,0.0,0.0024800415764403283,-0.006045309931166462,-0.004475838983314273
2015-02-10,0.0,0.002193600710768129,0.012707726151897976,0.0106535661134044
2015-02-11,0.0,-0.003301612203664872,-0.0007344925834057096,0.0005802481384600267
2015-02-12,0.0,0.0020211593468923983,0.010212036164763318,0.00961651015615006
2015-02-13,0.0,0.014225607444338761,0.0018759511516232283,0.004116890802097428
2015-02-17,0.0,-0.003794282495422241,0.0030772527468844344,
2015-02-18,0.0,-0.00381899716860723,0.002277066274303517,9.501283951340866e-05
2015-02-19,0.0,-0.015052340978558787,-0.0015506864105465591,-0.0007138505424338915
2015-02-20,0.0,-0.0018467647199824633,0.0067767891476072034,0.0060007163007274045
2015-02-23,0.0,0.016506631541400973,-0.0010775654980787579,-0.00014237054318400055
2015-02-24,0.0,-0.006996602182665179,0.002950415046267799,0.002840801982950003
2015-02-25,0.0,-0.0027135404333634705,0.0005523224959981683,-0.0008496515449442077
2015-02-26,0.0,0.004265320877472112,-0.0004631344628017027,-0.0011813181620579094
2015-02-27,0.0,-0.0016381643443420524,-0.004378922200135553,-0.0034058697022676387
2015-03-02,0.0,-0.01206045802311806,0.00722875793312663,0.006313284930046459
2015-03-03,0.0,-0.000583687388099885,-0.006320299957119407,-0.004103743459295761
2015-03-04,0.0,0.0033754082630941262,-0.004528691191070825,-0.004215562714773635
2015-03-05,0.0,0.0003858794577471514,0.0032879077314921577,0.0010936974363910945
2015-03-06,-0.002,-0.002868229489556451,-0.015110135116010658,-0.014064650704948334
2015-03-09,0.003180359078231554,0.003180359078231554,0.005089890565766998,0.004145242988508935
2015-03-10,-0.011504911662821523,-0.011504911662821523,-0.016105344169241823,-0.016222424726514806
2015-03-11,-0.0019373345399069097,-0.0019373345399069097,-0.000854316092730898,-0.0023415333981099407
2015-03-12,0.016745733306014476,0.016745733306014476,0.012848737108324014,0.012713692792751807
2015-03-13,0.004629688372833118,0.004629688372833118,-0.005577448816204684,-0.006132093650769943
2015-03-16,0.009145313361822338,0.009145313361822338,0.015648008148718993,0.013360485324141358
2015-03-17,-0.005065624594658369,-0.005065624594658369,-0.0029415865496798515,-0.002972419772899637
2015-03-18,-0.0035991547987569428,-0.0035991547987569428,0.011189929451186532,0.012021476909294782
2015-03-19,0.0022855008963026946,0.0022855008963026946,-0.0025457677199469796,-0.004561479798953494
2015-03-20,0.011366059398972284,0.011366059398972284,0.009733158630873264,0.008826831474495478
2015-03-23,0.007747893776473114,0.007747893776473114,-0.002824705585322314,-0.0019485224858163397
2015-03-24,-0.006950069797670599,-0.006950069797670599,-0.005679298579440403,-0.0056188870175458705
2015-03-25,0.008148372681210159,0.008148372681210159,-0.01845087121791973,-0.014653587027248505
2015-03-26,0.002018379213870436,0.002018379213870436,-0.002094814375031375,-0.002381874849021637
2015-03-27,-0.0044390164863569725,-0.0044390164863569725,0.0044669457140021525,0.002289842610257109
2015-03-30,0.009807388319669486,0.009807388319669486,0.012012875152560751,0.012199796979205368
2015-03-31,0.004274933179720497,0.004274933179720497,-0.009778285772242452,-0.00873933909257163
2015-04-01,-0.006590472394653657,-0.006590472394653657,-0.0037091688217327557,-0.0035364331565727047
2015-04-02,0.002489534003796756,0.002489534003796756,0.0024089647945569827,0.003597741312890035
2015-04-06,-0.008195156237077339,-0.008195156237077339,0.0074597941859570055,0.006732533631187643
2015-04-07,-0.012709226519256933,-0.012709226519256933,-0.0013321824447750706,-0.002646013778645706
2015-04-08,0.004856698498412859,0.004856698498412859,0.00366477946770778,0.0033769522630036075
2015-04-09,-0.018054922289284844,-0.018054922289284844,0.004574122016819916,0.004423476933891557
2015-04-10,0.003245151811518021,0.003245151811518021,0.005376541383805002,0.005457315367272564
2015-04-13,-0.015085665674339666,-0.015085665674339666,-0.004975017963910635,-0.004522815610933373
2015-04-14,-0.004078224402164543,-0.004078224402164543,0.0011853641372689366,0.0019128563184260816
2015-04-15,-0.03237512661150238,-0.03237512661150238,0.004247541107178059,0.004487254912918459
2015-04-16,0.0015458873638928283,0.0015458873638928283,0.0002871629704521947,-0.00028509255914555
2015-04-17,0.0033270533124544754,0.0033270533124544754,-0.013217174409050791,-0.011503619052593561
2015-04-20,0.005360569090068379,0.005360569090068379,0.0097543529287272,0.009136721008004
2015-04-21,0.016977916640135315,0.016977916640135315,0.0003738985379467049,-0.0011909639955665074
2015-04-22,-0.003172654565401556,-0.003172654565401556,0.00515823137367448,0.0049141423648189075
2015-04-23,-0.005067389611153494,-0.005067389611153494,0.0011059298844756725,0.0025159549214823773
2015-04-24,0.015199946923171337,0.015199946923171337,0.0002902946737470164,0.0023206144673491025
2015-04-27,-0.020761156703157035,-0.018761156703157034,-0.0051944820377695065,-0.004158009953126318
2015-04-28,0.0,-0.009956204601874796,0.003639475913934372,0.003179244169818407
2015-04-29,-0.002,-0.022055134792535847,-0.004978588287640495,-0.004114879353868339
2015-04-30,-0.0048140530863609015,-0.0028140530863609015,-0.010116843521147428,-0.010020373103860614
2015-05-01,0.0,0.015079023620172438,0.010184471727088348,0.010841352565812423
2015-05-04,0.0,0.007552760370309164,0.003573542763255829,0.0028472644676740266
2015-05-05,0.0,0.005365339825652571,-0.012136590074317919,-0.011451992695934665
2015-05-06,0.0,-0.002411778562384226,-0.002302281854814438,-0.004116727029914613
2015-05-07,0.0,0.017469667560046975,0.004833116939174139,0.003989472005104577
2015-05-08,0.0,-0.0034744900180534418,0.012464951535735833,0.013166310331392594
2015-05-11,0.0,-0.020268000239518247,-0.0031919362513631007,-0.004772536756487145
2015-05-12,0.0,-0.011816716322482046,-0.0026623043941600487,-0.0029916135901455476
2015-05-13,0.0,-0.01790529331887525,0.00021039957465516257,0.0001907032013728216
2015-05-14,0.0,0.002195184023743746,0.011268525848148565,0.010427685387072172
2015-05-15,0.0,0.017938985403155083,0.0011250185591706577,0.0010836300363863405
2015-05-18,0.0,-0.002672601375444228,0.002972992825743878,0.0031068678354910784
2015-05-19,0.0,0.009649407817006073,-0.0002586049032116826,-0.00032841179932718845
2015-05-20,0.0,-0.016818872149334863,-0.000996462360295011,-0.000704032579183278
2015-05-21,0.0,-0.03621480457705695,0.0019286257774239345,0.0029123401884931788
2015-05-22,0.0,-0.001216197820451459,-0.0010414384435948826,-0.0023888730191024
2015-05-26,0.0,0.013671500916391577,-0.008905624613918167,-0.010751606638522038
2015-05-27,0.0,-0.0016064171444101216,0.011117973525679878,0.00949224927685055
2015-05-28,0.0,0.0027565079877742704,-0.000585282015768691,-0.001128633148200886
2015-05-29,0.0,0.0028836605102834367,-0.0055712487419319785,-0.006212977624064919
2015-06-01,0.0,0.009866950912997163,0.0033806163909040794,0.0020364388254108245
2015-06-02,-0.002,9.7886137692349e-05,-0.002711864000262963,-0.000992534900150055
2015-06-03,-0.005277775083808556,-0.005277775083808556,0.001279044809981929,0.0026497964066989343
2015-06-04,0.04427248117260085,0.04427248117260085,-0.007933543331446209,-0.008446795488859848
2015-06-05,-0.015558586445665212,-0.015558586445665212,-0.0010973760486737143,-0.0017128224439577622
2015-06-08,-0.0007754709036358332,-0.0007754709036358332,-0.0070970201043824305,-0.006149916857384974
2015-06-09,-0.012400553935536626,-0.012400553935536626,0.0007522523617418702,-0.00014405646376669523
2015-06-10,0.015593101014254263,0.015593101014254263,0.01207567924496551,0.011993698810686348
2015-06-11,-0.011466120956769021,-0.011466120956769021,0.002805117987685212,0.0032233754059480813
2015-06-12,-0.00551016310735708,-0.00551016310735708,-0.007825344717107522,-0.007654897997852572
2015-06-15,0.001771799827894105,0.001771799827894105,-0.0032241792691503003,-0.004285380063567379
2015-06-16,-0.0022103868315344055,-0.0022103868315344055,0.005323356576094991,0.0054514804835728015
2015-06-17,-0.006408069383821546,-0.006408069383821546,0.002275436979380458,0.0016172293545673178
2015-06-18,-0.01159299704239558,-0.01159299704239558,0.011287613717369261,0.010399636157186087
2015-06-19,-0.0008633057119612486,-0.0008633057119612486,-0.005551128133474683,-0.0044394459725308755
2015-06-22,-0.0012296662384509993,-0.0012296662384509993,0.005731058743271043,0.005123033214424755
2015-06-23,0.01171865558108276,0.01171865558108276,-0.00048496492742018216,0.0007078576616434962
2015-06-24,0.0002883249310005071,0.002288324931000507,-0.008133019077915082,-0.0072627172180719235
2015-06-25,0.0,-0.008762795588019179,-0.0012621716678759471,-0.0030404846227777282
2015-06-26,0.0,0.006463240008475646,-0.0024643078478350255,-0.0001905005530985493
2015-06-29,0.0,-0.0022769397300339556,-0.02101051309505555,-0.020970333613498537
2015-06-30,0.0,0.004507718786942894,0.002176327305789645,0.0020934615031820147
2015-07-01,0.0,-0.034682473220424836,0.006462880697665347,0.008015167569124682
2015-07-02,0.0,0.012786378604021986,0.0006403506072386688,-0.0009155008781875917
2015-07-06,0.0,-0.027808220794346084,-0.004030074273612283,
2015-07-07,0.0,-0.0015535315781383119,0.006810682174613582,0.0062885501418992185
2015-07-08,0.0,-0.021047866812128224,-0.015490305311781557,-0.016777035945852115
2015-07-09,0.0,-0.009632445797825403,0.0011387000113080685,0.0018088803331246517
2015-07-10,0.0,0.005242260573377733,0.01158887933802597,0.012591663014099641
2015-07-13,0.0,0.005218548598822537,0.00897350013677015,0.011036941193615313
2015-07-14,0.0,0.004164805091127599,0.006363266932936055,0.004338174712989584
2015-07-15,0.0,0.006645382420868207,-0.0014715849655171068,-0.0003321437466581312
2015-07-16,0.0,0.008030106542674664,0.006345124838079373,0.008024363442431293
2015-07-17,0.0,0.012388094264464522,-0.00015777214924286056,0.0008478751571023846
2015-07-20,0.0,0.00029296853829413605,0.0006383753750320633,0.000517654210441254
2015-07-21,0.0,-0.0034232722166502305,-0.0046200925048377915,-0.003950864259647746
2015-07-22,0.0,-0.010033216868342965,-0.0016439604207829617,-0.0017948575317212612
2015-07-23,0.0,-0.004469241239980715,-0.00321447273129877,-0.005630353512246056
2015-07-24,0.0,-0.009393857994057675,-0.012016417672871779,-0.010371756447387082
2015-07-27,0.0,-0.008820753251506497,-0.0051711466580096265,-0.005817105366453523
2015-07-28,0.0,-0.0024120926596533643,0.013757994416263861,0.012282891203075685
2015-07-29,0.0,0.006272125200835754,0.006645340718403526,0.00687897577804697
2015-07-30,0.0,-0.013080136318377678,0.0016082273843912082,0.0002372063722424489
2015-07-31,0.0,-0.00666568637014231,-0.0025979522234631076,-0.0015178477873937224
2015-08-03,0.0,-0.01077467462514431,-0.0017871003972418486,-0.0033729994959544873
2015-08-04,0.0,0.0027243061810486857,-0.0020534161099564773,-0.001953916193069505
2015-08-05,0.0,-0.007087006135699125,0.006027015270141855,0.003295440903670066
2015-08-06,0.0,-0.00390812453898165,-0.007924367379816707,-0.008188134959944082
2015-08-07,0.0,-0.005077864998469014,-0.0007772089872080464,-0.0019198685169213858
2015-08-10,0.0,-0.004550885663793025,0.011702247186571724,0.012599142558476162
2015-08-11,0.0,0.0033871060959800303,-0.008492300617214949,-0.00902292718863007
2015-08-12,0.0,0.014048613708344426,0.0016584845405635776,0.0011980555732136189
2015-08-13,0.0,-0.014557378324563941,-0.0018086850697313327,-0.0012450102331111879
2015-08-14,0.0,-0.0032514169821080685,0.0041727217289230225,0.0036426135934986004
2015-08-17,0.0,0.0005530927880679215,0.005254328789016196,0.005586936742973059
2015-08-18,0.0,-0.006440863885708414,-0.003320283671637637,-0.002896652714270198
2015-08-19,0.0,-0.013952367206692684,-0.006866716123286839,-0.007905492332431763
2015-08-20,0.0,0.008938360331592676,-0.021394664347417908,-0.02088142246086988
2015-08-21,0.0,0.016991970737078144,-0.030164456803235436,-0.03010248212328659
2015-08-24,0.0,-0.003909795116694426,-0.0393149887625142,-0.04210654592645058
2015-08-25,-0.002,-0.015432313446563817,-0.014148741782044415,-0.011768121874631166
2015-08-26,0.008724942026741902,0.010724942026741902,0.037569774994786274,0.038393821201518685
2015-08-27,0.0,-0.00822939916561749,0.024721623738421378,0.02473506734648434
2015-08-28,0.0,0.005447094873607949,0.0005798394985633282,5.0271220600972555e-05
2015-08-31,-0.002,0.010265091709509289,-0.008453608658301456,-0.008078989242039203
2015-09-01,-0.008540084828643435,-0.008540084828643435,-0.02858765943048081,-0.029847928508578203
2015-09-02,-0.01626924029459942,-0.01626924029459942,0.017945239577542002,0.01898117754347317
2015-09-03,0.009683623334230564,0.011683623334230564,0.0020047939021656715,0.0007165726869193811
2015-09-04,0.0,-0.006710360362641499,-0.015834176628349416,-0.015137079154325384
2015-09-08,0.0,-0.014616200255338493,0.027512746504043114,
2015-09-09,0.0,-0.017933251075517798,-0.014773250749264603,-0.013371777817964836
2015-09-10,0.0,-0.004169358704391002,0.004802796939663543,0.005441980418590786
2015-09-11,0.0,0.0032982221803322664,0.005051401206286061,0.0045443031381537935
2015-09-14,0.0,0.0012635265017416075,-0.004090134722521601,-0.0037111147771003994
2015-09-15,0.0,-0.005924008044024487,0.01302129280274965,0.012499768332135508
2015-09-16,0.0,-0.0037632949848425135,0.007906941766157959,0.00866659307837403
2015-09-17,0.0,0.00926722670820923,-0.0008577710017893706,-0.002247888400030651
2015-09-18,0.0,0.00396874239488032,-0.016296324638268984,-0.016341394273351573
2015-09-21,0.0,0.0020054069717065914,0.003308924691639282,0.005167504757774388
2015-09-22,0.0,0.009086053648087844,-0.01204283284823236,-0.012979395923184756
2015-09-23,0.0,0.005126465780323497,-0.002265431906347779,-0.0015991313165522048
2015-09-24,0.0,0.012291538563121096,-0.004511973330591514,-0.0036156639109772293
2015-09-25,0.0,-0.0009464002067856025,-3.887015832194739e-05,-0.00025878660967115774
2015-09-28,0.0,0.007573362815639473,-0.024451802371621822,-0.025097157645531998
2015-09-29,0.0,-0.0009436113487543141,0.0037642766207897126,0.0005846235274953315
2015-09-30,0.0,1.7916422050734404e-05,0.019286628926860724,0.018658212333995783
2015-10-01,0.0,-0.014256961190899142,-0.000128024058305654,0.0026093030822447183
2015-10-02,0.0,0.006119428705263497,0.014580092594561745,0.014938107326107897
2015-10-05,0.0,0.005038636830752008,0.020401589939111568,0.01779445170738625
2015-10-06,0.0,0.006365590702135826,-0.005360273953606757,-0.0034261503882755395
2015-10-07,0.0,-0.024819078894556642,0.009582604522636581,0.008190678417731245
2015-10-08,0.0,-0.006970651075845102,0.008581707628480801,0.009026360377266451
2015-10-09,0.0,0.013262571836030468,0.00015346989833707757,0.0005963440319061153
2015-10-12,0.0,-0.04599633206754272,0.0018028551462202337,0.0009437544127997022
2015-10-13,0.0,0.000777821595510042,-0.007279649578088893,-0.0063017952829961255
2015-10-14,0.0,0.006429126610363045,-0.002198669774651834,-0.004794259903957987
2015-10-15,0.0,-0.014642349838758895,0.013385408346558245,0.015354834289892816
2015-10-16,0.0,0.0018896716505762967,0.004490710092639546,0.004546241757845237
2015-10-19,0.0,-0.02073353100972264,0.0007602403940538594,0.0004919769328457502
2015-10-20,0.0,-0.04638676431858607,-0.0016827813769790844,-0.0012782956297601178
2015-10-21,0.0,-0.0007703101632231535,-0.0015788003378920566,-0.006203396011318141
2015-10-22,0.0,-0.021048510804724252,0.0180167039266662,0.01689344316698227
2015-10-23,0.0,0.012900328472673916,0.009529605977912132,0.010962117262473647
2015-10-26,0.0,-0.002133048100898205,-0.0023757340279495958,-0.0024580864853093187
2015-10-27,0.0,-0.00860532329617203,-0.0010139527291432794,-0.0019321827060256869
2015-10-28,0.0,0.013556152946402444,0.012831578621461984,0.011374708712591053
2015-10-29,0.0,-0.015898618709929202,-0.00287408892979222,-0.0005745159002538136
2015-10-30,0.0,3.2175131523315414e-05,-0.004436532696117623,-0.004309816645314268
2015-11-02,0.0,-0.010749105791080349,0.011790927994503793,0.011830833745610558
2015-11-03,0.0,0.004698271779887131,0.0028658501210919113,0.002899419777702139
2015-11-04,0.0,0.010316690526695704,-0.002719830895862567,-0.0030327303742752054
2015-11-05,0.0,-0.005101513903337681,-0.002033590624310935,-0.0009986853968334541
2015-11-06,0.0,-0.00020221907928985594,0.0016604555648467212,-0.0005235528882653329
2015-11-09,0.0,0.015524619276945817,-0.00837586784509365,-0.009331474737636736
2015-11-10,0.0,-0.0011841702421875322,0.002206409598870074,0.002306620129593817
2015-11-11,-0.002,-0.0037025283165142975,-0.0029238076351405825,-0.003931291102825085
2015-11-12,0.010081827436835056,0.010081827436835056,-0.012377411588521734,-0.013959806196050528
2015-11-13,0.007375289894704706,0.007375289894704706,-0.009475588488039107,-0.011228383137064757
2015-11-16,-0.01417025991766585,-0.01417025991766585,0.015411160478655704,0.015206853708942702
2015-11-17,0.022321162491473534,0.022321162491473534,-8.464081828288366e-05,-0.000729131797895799
2015-11-18,-0.01526893089872394,-0.01326893089872394,0.014570361281288078,0.01586579089242046
2015-11-19,-0.002,-0.04607171605680471,-0.0013339140863288647,-0.0008625511155976318
2015-11-20,0.04383348351459426,0.04383348351459426,0.0058205177957243535,0.003644588910535429
2015-11-23,0.006658419994760578,0.006658419994760578,-0.0024015653185103622,-0.001146532284851065
2015-11-24,-0.004246867746725558,-0.004246867746725558,0.0015777647011788534,0.0013392145864388194
2015-11-25,0.005345780575456207,0.007345780575456207,0.00022113194438077473,-0.00014350710974853076
2015-11-27,0.0,0.011302770487781388,0.0011308048042620866,
2015-11-30,-0.002,-0.006530170182873052,-0.003928990543918751,-0.004151440117888927
2015-12-01,0.020932048672035686,0.020932048672035686,0.010798539800046443,0.00953571006571563
2015-12-02,0.03126532772781132,0.03126532772781132,-0.0103792359310317,-0.010205254741077918
2015-12-03,-0.00455652356010694,-0.00455652356010694,-0.013973044363455612,-0.014002591710988721
2015-12-04,0.024431539452684392,0.024431539452684392,0.020795186270244764,0.019502779738882925
2015-12-07,0.004766227384324308,0.002766227384324308,-0.006888752323654992,-0.006058284639156919
2015-12-08,0.0,0.001508458627317577,-0.005838350222148794,-0.006719651210636668
2015-12-09,0.0,-0.005144287644506196,-0.009148363942440597,-0.0077798990009280145
2015-12-10,0.0,0.003935725400780965,0.0034184880166446543,0.0025813078644290055
2015-12-11,0.0,0.004053622261113388,-0.018076055540629174,-0.0193814233003885
2015-12-14,0.0,-0.0026909023810351984,0.0074370730750529,0.005052463508805394
2015-12-15,0.0,0.011491165535179926,0.011728535785415816,0.01049806646523499
2015-12-16,0.0,0.005388947645665221,0.013536064811109427,0.014632165267575825
2015-12-17,0.0,0.0107795223705201,-0.013900331421226481,-0.015238086547797236
2015-12-18,0.0,-0.0027884123213667844,-0.01692821135318463,-0.017815060793038517
2015-12-21,0.0,-0.002861303152832173,0.008971759851976721,0.008248649634225336
2015-12-22,0.0,-0.01443191668200422,0.009420332581801688,0.009074479722841478
2015-12-23,0.0,-0.006129001932703937,0.011100112177429618,0.012383223525539
2015-12-24,0.0,-0.0015788734897213552,-0.0012424440607362685,-0.0016501763523044666
2015-12-28,0.0,0.023694862590362964,-0.0018595384440649046,-0.0022851482916037558
2015-12-29,0.0,0.010189790814295385,0.010686527792376468,0.01067188639902561
2015-12-30,0.0,-0.0005794841460032285,-0.006343116507593345,-0.007087641323496485
2015-12-31,0.0,-0.0022625549307888626,-0.009917689064761466,-0.010003449465332825
2016-01-04,0.0,-0.016833598650052684,-0.0156735670610308,-0.013979378874248494
2016-01-05,0.0,-0.01083569707592047,0.004500327327417601,0.0016910406078105567
2016-01-06,0.0,-0.005618066695007307,-0.013156166748267155,-0.01261377119896423
2016-01-07,0.0,-0.013631807853343943,-0.023435146702560427,-0.023992017323299142
2016-01-08,0.0,0.003937080693782957,-0.011372756302763482,-0.010976238051469744
2016-01-11,0.0,0.0067128071254720645,0.0005587572156325937,0.0009897478983811325
2016-01-12,0.0,0.010328273741234795,0.007892078842810594,0.008068636775340865
2016-01-13,0.0,0.01503177009429768,-0.023709472134733425,-0.02494092758218136
2016-01-14,0.0,-0.015341493249686033,0.016627414830077673,0.01641709915032341
2016-01-15,0.0,0.008322236445382658,-0.02184133486400532,-0.02146636147957004
2016-01-19,0.0,0.02796313751328372,0.0006767301670147244,
2016-01-20,0.0,-0.022247638456246777,-0.010949623914125788,-0.012814939168523942
2016-01-21,0.0,0.016410490111256337,0.004300835389647225,0.005602100181618663
2016-01-22,0.0,0.009752307212283151,0.018262860410062583,0.02051501200725392
2016-01-25,0.0,0.01403767665382094,-0.015127386764265224,-0.015116454037416127
2016-01-26,0.0,0.008121845353449675,0.012443234005113903,0.013642728514759783
2016-01-27,-0.002,-0.020984454935648156,-0.00747893954487972,-0.010882563934276113
2016-01-28,0.013586653301727536,0.013586653301727536,0.002288448701738863,0.0052091119289252585
2016-01-29,-0.007833322919835404,-0.005833322919835404,0.026294816369694357,0.024377185940554158
2016-02-01,0.0,-0.002432689062261628,-0.0006214839389551592,-0.00036153675976524635
2016-02-02,0.0,0.00863643572365641,-0.019631614923770396,-0.018021723662406397
2016-02-03,0.0,-0.025858233950728726,0.006893065661875988,0.005994497943025978
2016-02-04,0.0,-0.0026936627633753485,0.0029410824247466045,0.0015682991679335512
2016-02-05,0.0,0.01555227882663901,-0.019722218594863106,-0.019049974791198743
2016-02-08,0.0,0.005472176635549556,-0.014655713081929613,-0.013461226570283369
2016-02-09,0.0,-0.013662106227214033,0.0012505787061188867,5.411382495701389e-05
2016-02-10,0.0,-0.006332378019513252,-0.0009307310555253729,-0.0008629367069830085
2016-02-11,0.0,0.009595960887650523,-0.012105404708184221,-0.013008114634763035
2016-02-12,0.0,-0.0052118925184576614,0.020045205450189216,0.02061696296398452
2016-02-16,0.0,0.008780535070453954,0.01808031548070218,
2016-02-17,0.0,0.02161742867198102,0.017351397445065996,0.016334821486618578
2016-02-18,0.0,0.004219235177109704,-0.0037051646117099595,-0.0040960081276721905
2016-02-19,0.0,0.0011766670425791825,0.00027673445731521445,-0.0004680353133824644
2016-02-22,0.0,0.0033019617108803745,0.013993204347632926,0.014478749610299824
2016-02-23,0.0,-0.01002825973760163,-0.012695804176939048,-0.01262954625798729
2016-02-24,0.0,0.005061041806028843,0.0042329319576704,0.004575693576084783
2016-02-25,0.0,-0.002000838158031648,0.012109372587049588,0.012111680086731802
2016-02-26,0.0,0.014929977628156121,-0.0025015056317801336,-0.002301300247166349
2016-02-29,0.0,-0.005682269536799456,-0.007961610144256642,-0.007842338509042368
2016-03-01,0.0,0.0031305325757204905,0.02356061033555009,0.023506846942039195
2016-03-02,0.0,0.008754796846131452,0.004055753859007388,0.004492610999858426
2016-03-03,0.0,0.009736861675128328,0.003085776742563148,0.003919527687248792
2016-03-04,0.0,0.007970074171645747,0.0039569202421039585,0.003253490534061765
2016-03-07,0.0,-0.007008436383222905,0.0017112366628950484,0.000798355382480409
2016-03-08,0.0,0.0038234130172319913,-0.010515641283866043,-0.010917952492917826
2016-03-09,0.0,0.003053049883648188,0.0027195592564749405,0.004939468623248899
2016-03-10,0.0,0.0022128310410645113,0.0006555876373003872,0.0008027418991412016
2016-03-11,0.0,-0.04557007958710724,0.017536318758376673,0.016136800950114605
2016-03-14,0.0,0.020028876825966435,-0.0011551725457930018,-0.0012819833641047884
2016-03-15,0.0,0.032125168245101365,-0.0023296557842581904,-0.0016295797714556137
2016-03-16,0.0,0.0184714619635572,0.005065770682126987,0.005786925371907392
2016-03-17,0.0,-0.004964821134497033,0.007951092931996893,0.006344161810480253
2016-03-18,0.0,-0.03915367425090077,0.005910160540648311,0.003929708066289006
2016-03-21,0.0,-0.02567262236510226,0.0006348415709782112,0.0014187985150662108
2016-03-22,0.0,0.00035429451955093505,0.0006464698451706127,-0.0005373811993311106
2016-03-23,0.0,0.06672625438140833,-0.006118497195037508,-0.006599408924653605
2016-03-24,0.0,0.02290632036216611,0.00010109143763640106,-0.00044308471170317887
2016-03-28,0.0,0.016315030421830135,-6.798492263915928e-05,0.0005909822507146334
2016-03-29,0.0,0.0029824665537951933,0.010060434126809932,0.009249937583837742
2016-03-30,0.0,-0.004898654931013935,0.003811399146411566,0.004387829572334523
2016-03-31,0.0,-0.004125769839133597,-0.0012636522019809388,-0.002426770829929037
2016-04-01,0.0,-0.05654948908210722,0.008558320126811016,0.006811523377458828
2016-04-04,0.0,0.02879079062698653,-0.0017467362055059573,-0.003238080482499961
2016-04-05,0.0,0.032718108610459096,-0.008876658731136322,-0.009987444255768918
2016-04-06,0.0,-0.004512637644494832,0.010467903907576103,0.010920963378637571
2016-04-07,0.0,-0.005114829619301875,-0.010544662822877705,-0.011965703290155227
2016-04-08,-0.002,-0.02631283160812958,0.003268265432567302,0.002696922184355577
2016-04-11,0.016732457526307143,0.016732457526307143,-0.0029225734313927812,-0.0023471816254808653
2016-04-12,-0.02252388656284987,-0.02052388656284987,0.009454625771114014,0.009312516948961402
2016-04-13,-0.002,-0.013845801258436485,0.011354368682841036,0.01010092598176926
2016-04-14,0.00594853566288267,0.00594853566288267,-0.0002904654822668441,4.7905043871754316e-05
2016-04-15,0.007259213333723369,0.007259213333723369,-0.00032172256744988253,-0.001105841905133964
2016-04-18,-0.03560110903117453,-0.03560110903117453,0.007463717299872884,0.007027259386214624
2016-04-19,0.01432211901696856,0.01432211901696856,0.0034835458687977865,0.003154123731440306
2016-04-20,0.0014039204001004002,0.0014039204001004002,0.0011414393401883245,0.0009526960360430881
2016-04-21,-0.04717141913124123,-0.04717141913124123,-0.004265111954931738,-0.005378408405232293
2016-04-22,0.020381747936274675,0.020381747936274675,0.0021571208311899895,0.0
2016-04-25,-0.005165458744784912,-0.005165458744784912,-0.0016796357230393715,-0.0017227958876454563
2016-04-26,0.0020713924331471345,0.0020713924331471345,0.004515637458844671,0.0014860788916313261
2016-04-27,0.056654665207674704,0.056654665207674704,0.0030845761066756365,0.0020583628778925167
2016-04-28,-0.01622172930987964,-0.01622172930987964,-0.009445714487619506,-0.009075597124366563
2016-04-29,0.04426340507546078,0.04426340507546078,-0.006850770757943192,-0.005398731623502906
2016-05-02,-0.007188686870958749,-0.007188686870958749,0.007481200933716141,0.007948008295506126
2016-05-03,0.03650359877322773,0.03650359877322773,-0.0090594718660378,-0.008703137095978364
2016-05-04,0.040560725700853006,0.04256072570085301,-0.006052427057118708,-0.005578037316444462
2016-05-05,0.0,-0.05105873731687982,0.0004927897557874124,-0.00019555950490068863
2016-05-06,-0.002,0.02013263111738317,0.0019439750424740583,0.003659641938976943
2016-05-09,-0.005613759625662905,-0.007613759625662905,0.0010097672245321378,0.0008263947209716793
2016-05-10,-0.002,0.001521976984240725,0.01236266142800564,0.012433555273849706
2016-05-11,0.011796518870563488,0.011796518870563488,-0.009046332035991455,-0.009354916228088261
2016-05-12,-0.011089955371880733,-0.011089955371880733,-0.0001911761028551812,0.0002908293812327045
2016-05-13,0.00698942900101257,0.00698942900101257,-0.0069823778952509095,-0.008714479669010622
2016-05-16,0.013665559634252256,0.013665559634252256,0.011059555687517365,0.009865467768473746
2016-05-17,-0.015875113049934664,-0.015875113049934664,-0.00983463050009165,-0.00933356880113334
2016-05-18,0.007720229245271826,0.007720229245271826,0.0007946372943632781,0.00029273125041795467
2016-05-19,-0.009488120893926255,-0.009488120893926255,-0.004560350682880847,-0.0034645290559978115
2016-05-20,0.010073752974172567,0.010073752974172567,0.007300059173255517,0.006317025018901967
2016-05-23,0.006076299860069634,0.006076299860069634,-0.001863040430433552,-0.0013625566344719342
2016-05-24,0.008388856129516897,0.008388856129516897,0.01409756891799677,0.012962257293039903
2016-05-25,0.010169142901075234,0.010169142901075234,0.005959978420118227,0.006783149874856731
2016-05-26,0.006486133961360996,0.006486133961360996,0.0004257959163975689,0.000286621033861012
2016-05-27,-0.006424443258128576,-0.006424443258128576,0.003947395306400373,0.004299377021476758
2016-05-31,0.011293721846363902,0.011293721846363902,-0.0002650920510061952,
2016-06-01,-2.2697033798146915e-05,-2.2697033798146915e-05,0.0019432993963438012,0.0020490800258654573
2016-06-02,0.003532670584396491,0.003532670584396491,0.0029937677055132676,0.0030438984288945203
2016-06-03,0.009555627319685733,0.009555627319685733,-0.0022088666483136717,-0.0029870748097869937
2016-06-06,-0.01985717586969654,-0.01985717586969654,0.004610835792030552,0.005088545429026592
2016-06-07,0.012681414602270125,0.012681414602270125,0.0002743169309021095,0.0015610184225283152
2016-06-08,-0.017210625305701274,-0.017210625305701274,0.0036260551082618686,0.0032595814374751786
2016-06-09,0.0023606242224264995,0.0023606242224264995,-0.0018213587753996873,-0.0013650794487288787
2016-06-10,-0.005773539823268281,-0.005773539823268281,-0.00958393801463235,-0.00947797068693601
2016-06-13,0.001335750065199981,0.001335750065199981,-0.007232466564726755,-0.007711557187525697
2016-06-14,0.0011639247779409168,0.0011639247779409168,-0.0008117030706738125,-0.001966707728145556
2016-06-15,0.0022239676317935553,0.0022239676317935553,-0.0009439655910547116,-0.001394011321808386
2016-06-16,0.005252448875917581,0.005252448875917581,0.003335917159025846,0.0029841997722119817
2016-06-17,0.005854372780826289,0.005854372780826289,-0.0036921463624366765,-0.0037243271915561316
2016-06-20,-0.008395248801587984,-0.008395248801587984,0.006078087151997203,0.0064403526098706365
2016-06-21,-0.006969995573282817,-0.006969995573282817,0.0015794436324257975,0.002838427117575648
2016-06-22,-0.028716755237086666,-0.028716755237086666,-0.0011057216476469747,-0.0016310536346296756
2016-06-23,-0.007557908919410494,-0.007557908919410494,0.01467389400732077,0.01302288888376868
2016-06-24,0.02251372599829704,0.02251372599829704,-0.035018890414184975,-0.03590942552994658
2016-06-27,0.018889765292312788,0.018889765292312788,-0.018254482488703528,-0.017909807103132835
2016-06-28,-0.0016655061618393585,-0.0016655061618393585,0.018761160248800382,0.018035877241810327
2016-06-29,-0.00018436257313936277,-0.00018436257313936277,0.01715406421885738,0.01702755309676829
2016-06-30,-3.040121718617117e-05,-3.040121718617117e-05,0.01245710580938952,0.013645781114674183
2016-07-01,0.0016490011250859249,0.0016490011250859249,0.00028476990451168765,0.002100532732751681
2016-07-05,0.005643235537065749,0.005643235537065749,-0.006349636870396654,
2016-07-06,-0.011929862187486817,-0.011929862187486817,0.005878307352544707,0.0059982508368841
2016-07-07,-0.04822367341433054,-0.04822367341433054,0.00013117646221450503,-0.0006203767776090663
2016-07-08,-0.0021942674338121214,-0.0021942674338121214,0.016460924583734656,0.014890314640484403
2016-07-11,0.001994407997154779,0.001994407997154779,0.0030113958583911694,0.003527039581193714
2016-07-12,0.011854170641500517,0.011854170641500517,0.008062909970296604,0.007263141728920841
2016-07-13,0.0007678230762901989,0.002767823076290199,0.0005982482727447979,-0.00013951853240568024
2016-07-14,-0.002,0.0015600843572008971,0.005020194123626183,0.005583525358233032
2016-07-15,-0.001845301361516503,0.00015469863848349696,0.00010631567539703242,-0.0013418485752675346
2016-07-18,0.0,0.007045780735421392,0.002174795892999946,0.0026873031043765927
2016-07-19,-0.002,-0.000963527156994104,-0.0010828565410146776,-0.0010165098627593627
2016-07-20,-0.009618639542372964,-0.009618639542372964,0.006139302931880454,0.004162877179756386
2016-07-21,0.007050117628786157,0.007050117628786157,-0.003555368602219371,-0.0037771824660712827
2016-07-22,-0.004638043604687336,-0.004638043604687336,0.0053084471248538295,0.004484921544803067
2016-07-25,-0.0010412885097488278,-0.0010412885097488278,-0.001662675279244117,-0.0027158224972670952
2016-07-26,0.004947239048877061,0.004947239048877061,0.002552306313812673,0.00046160597102118395
2016-07-27,0.0014340106701180577,0.0014340106701180577,-0.002579886866100982,-0.0010610630298946155
2016-07-28,0.004257637767142164,0.004257637767142164,0.0010637247507840181,0.001154583283432098
2016-07-29,0.0017239198586135318,0.0017239198586135318,-4.902195122279308e-05,0.0016147678522686615
2016-08-01,-0.002634038570150321,-0.002634038570150321,-0.0006290121156700069,-0.0008286618579081972
2016-08-02,-0.013490978422192268,-0.013490978422192268,-0.00516958237647488,-0.006407651037311335
2016-08-03,0.002324473502725244,0.002324473502725244,0.002625111597024897,0.002922649471180483
2016-08-04,-0.0020875355487093294,-0.0020875355487093294,0.0013413274271425908,0.0010639436973753913
2016-08-05,0.01488350184244136,0.01488350184244136,0.007852251675966891,0.008178962826358882
2016-08-08,0.00853587587827154,0.00853587587827154,-0.0017105432498268022,-0.0005958218885159239
2016-08-09,0.025203874452318864,0.025203874452318864,0.0007600613716142025,0.0005961771038838215
2016-08-10,-0.007760390613080093,-0.007760390613080093,-0.0039620602682032486,-0.0024748131708655086
2016-08-11,0.0036799450658331345,0.0036799450658331345,0.005011797915611222,0.00464060670309463
2016-08-12,-0.003437651007629716,-0.003437651007629716,0.000841665907525046,-0.0008691025739789859
2016-08-15,-0.016020199628854925,-0.016020199628854925,0.0033792876083431336,0.002883800639134737
2016-08-16,-0.010175470364166106,-0.010175470364166106,-0.005107940555279673,-0.005157751323371373
2016-08-17,-0.021423325475759758,-0.021423325475759758,0.0009379428602967142,0.0018811351932448428
2016-08-18,0.00560720334765219,0.00560720334765219,0.001834137146555051,0.002243962755826834
2016-08-19,0.01176022376605601,0.01176022376605601,0.0006175944332351427,-0.0014624034797704466
2016-08-22,0.0004049508910587418,0.0004049508910587418,-0.00010548856826110716,-4.5605263192527445e-05
2016-08-23,0.010581423783801447,0.010581423783801447,0.0015888354830008167,0.0020137901814045733
2016-08-24,-0.02395348526746166,-0.02395348526746166,-0.005837504454607529,-0.005114978768778422
2016-08-25,0.0010821867477539548,0.0010821867477539548,-0.0007263687419183429,-0.0006888832120801602
2016-08-26,-0.002100653675646491,-0.002100653675646491,-0.0017970976442610981,-0.0018830521348406348
2016-08-29,-0.011193450877503786,-0.011193450877503786,0.004751338711311725,0.004924196969862349
2016-08-30,-0.0340834097364342,-0.0340834097364342,-0.0021550028753822,-0.0016483235875573987
2016-08-31,0.002620391411251033,0.002620391411251033,-0.002440226521304784,-0.002844578529215047
2016-09-01,-0.006680997446498416,-0.006680997446498416,0.0011070105689406917,4.634428666649981e-05
2016-09-02,-0.011389284569197189,-0.011389284569197189,0.003612749551863044,0.004507908851868914
2016-09-06,0.011565924847140807,0.011565924847140807,0.0029202117483424243,
2016-09-07,-0.006694967551660543,-0.006694967551660543,-0.0007803532484582621,-9.149835942456885e-05
2016-09-08,0.00616186825097309,0.00616186825097309,-0.0015597913867403952,-0.002283158563127885
2016-09-09,0.010556693416227891,0.010556693416227891,-0.024328589616559097,-0.02393478818462791
2016-09-12,-0.002275617982063771,-0.002275617982063771,0.014579055608552242,0.01434745440689511
2016-09-13,0.008147881570362614,0.008147881570362614,-0.015322631235151752,-0.014375442739863242
2016-09-14,-0.009251752915935274,-0.009251752915935274,-0.0006217172247388707,-0.00037527500305511996
2016-09-15,0.01091325123843312,0.01091325123843312,0.011112660134466492,0.009993004761867708
2016-09-16,0.007126634071882965,0.007126634071882965,-0.002485501734231738,-0.0038655785334057446
2016-09-19,0.00867294032765975,0.00867294032765975,0.00036974338775696343,0.0001875768206633932
2016-09-20,-0.011390122784375787,-0.009390122784375787,0.0013813778753546753,4.646679081243832e-05
2016-09-21,0.0,-0.0003708222163312236,0.0123755680728977,0.011245529244295005
2016-09-22,0.0,-0.02069438640892496,0.005544358876004718,0.00630173694739522
2016-09-23,-0.002,0.002327600180931144,-0.006225302451825925,-0.005479386689109744
2016-09-26,-0.017374233951148788,-0.015374233951148786,-0.007534845887439647,-0.008102390323026953
2016-09-27,0.0,0.01314272475607936,0.007621282072587272,0.0062082673538128574
2016-09-28,0.0,-0.0030074460132464287,0.00399378161320429,0.004963487895426999
2016-09-29,0.0,0.008344524676398679,-0.007880701634727922,-0.009047416668020447
2016-09-30,0.0,0.0012666095000692934,0.008413648678874772,0.007546344434069319
2016-10-03,0.0,0.005540921405992494,-0.0038084143244517853,-0.0024038971864546177
2016-10-04,0.0,0.005320825519619099,-0.006128950724014829,-0.005098181963917314
2016-10-05,0.0,-0.009893162401451772,0.0032776343326086452,0.004425185697750189
2016-10-06,0.0,0.009827891719135898,0.00019080111330577572,0.0006960408039009547
2016-10-07,0.0,-0.012343889807386599,-0.00248015729873563,-0.0034296740041822593
2016-10-10,0.0,-0.011422235533039282,0.003118401321352567,0.0052083718487019315
2016-10-11,0.0,-0.006761412409807044,-0.012858973780284527,-0.012629523266101117
2016-10-12,0.0,-0.008985174034152721,0.0005848219539626679,0.001311831464063884
2016-10-13,0.0,0.009946032122522042,-0.0020665446220532193,-0.003275365648557571
2016-10-14,0.0,0.0011294856499976524,0.0007035270737942229,0.0005163725149575082
2016-10-17,0.0,-0.007303659589404599,-0.0039921190036344145,-0.0034722297909202116
2016-10-18,0.0,0.0017546073622511371,0.006853948622630079,0.006262300857974301
2016-10-19,0.0,0.006373401076029794,0.0010321854666207355,0.002667045236598886
2016-10-20,0.0,-0.006977104373859899,0.000291465722497995,-0.0018667186093676014
2016-10-21,0.0,0.0059541938892528345,-0.001210466433096111,0.0004675733261823023
2016-10-24,0.0,-0.0017668817484259858,0.005217510734324539,0.004253037263466819
2016-10-25,0.0,-0.017226140557550007,-0.004178814071439515,-0.0033506706579596868
2016-10-26,0.0,-0.026939978417962474,0.0002298073176712473,-0.002007834115376528
2016-10-27,0.0,0.029022098174781352,-0.0013460793054286863,-0.0026667544968307366
2016-10-28,0.0,-0.0027329369574394247,-0.0029400594028822905,-0.002955514316990482
2016-10-31,0.0,-0.01696540055817891,-7.380889379221489e-05,4.7077341935874983e-05
2016-11-01,0.0,0.01050395071916177,-0.008966483166420408,-0.007245366231448669
2016-11-02,0.0,0.00569245555882969,-0.003294070618763857,-0.006018278720125503
2016-11-03,0.0,-0.0017371943211559326,-0.003817939499613148,-0.0045772009730279395
2016-11-04,0.0,-0.009159498399959162,-0.0008976129720137757,-0.0011021075517645418
2016-11-07,0.0,-0.012923538784571864,0.023899088864248744,0.022057389101977076
2016-11-08,0.0,0.005419506394794382,0.0036788752507849595,0.004503807841779173
2016-11-09,0.0,0.009410631775527367,0.012321797099315284,0.010601852311600934
2016-11-10,0.0,-0.026618527425309235,0.0019181713987024692,0.0024957405856684822
2016-11-11,0.0,-0.030284330384697578,0.00180511576440232,-0.002304937944263896
2016-11-14,0.0,-0.012864700616362024,-3.823952106107974e-05,0.0007857189208415605
2016-11-15,0.0,0.01995987395986254,0.006886201179948806,0.007802678619378556
2016-11-16,0.0,-0.004199196664975036,-0.0007482764927264376,-0.0018784315571260812
2016-11-17,0.0,0.004476232092742727,0.0036352498898688302,0.00514063617002547
2016-11-18,0.0,0.015381203662345855,-0.001284501749087384,-0.002237541315453062
2016-11-21,0.0,0.011001502994966494,0.007215368996038647,0.007551464622370441
2016-11-22,0.0,0.02064327859756454,0.002181793534606651,0.001953457251677504
2016-11-23,0.0,-0.0009595268346762609,0.0022921521257993497,0.0005438506521633357
2016-11-25,0.0,0.006694192535725563,0.004285693679689141,
2016-11-28,0.0,0.006898499097917066,-0.005279265704667002,-0.004695066296668715
2016-11-29,0.0,-0.008590381097870914,0.0017768213094768801,0.0019505338015133322
2016-11-30,0.0,-0.01601172248417182,-0.0028924236619402837,-0.0023991068095100543
2016-12-01,0.0,0.008287669858073499,-0.007072143454760651,-0.0036756616166588874
2016-12-02,0.0,-0.002497385582542422,0.0015391627937163665,0.0005010265470022368
2016-12-05,0.0,-0.014304407065225178,0.0055666979971405635,0.006008657066446821
2016-12-06,0.0,0.00763556011520539,0.0023632838593821907,0.0031675660126528893
2016-12-07,0.0,-0.01847689809976294,0.012994832224188462,0.013080853921290547
2016-12-08,0.0,-0.00022632092762031597,0.001805033032295755,0.002448790159080616
2016-12-09,0.0,0.02274471778722853,0.005137489467092817,0.006040042151972402
2016-12-12,0.0,0.009990830985370902,0.00015355213171500758,-0.0011475736484652943
2016-12-13,0.0,0.0032317041749596598,0.0070967787601978576,0.006673966885562432
2016-12-14,0.0,-0.009532646794863986,-0.007559484956316575,-0.008254162657925557
2016-12-15,0.0,0.0010063775687889631,0.003970309189972235,0.00411717295947045
2016-12-16,0.0,0.006151828767066325,-0.0007823673233701365,-0.001955809590312718
2016-12-19,-0.002,0.0009374578239387255,0.0027065955173121038,0.002177573252946763
2016-12-20,0.011480808058204284,0.011480808058204284,0.004516215902383047,0.003857211502451774
2016-12-21,0.0089111585918763,0.0089111585918763,-0.0041585246587334205,-0.0027825830979536503
2016-12-22,-0.004785820114211692,-0.004785820114211692,-0.0002099712738460687,-0.0017276614258812106
2016-12-23,-0.00715349182111513,-0.00515349182111513,0.0019985549948792446,0.0014643427804197362
2016-12-27,0.0,-0.007534833938849794,0.0027245135658592974,0.002481335681040253
2016-12-28,0.0,0.0040149657625747626,-0.00883907727155214,-0.008264462809917217
2016-12-29,0.0,-0.00106624573096048,-0.0001330583612635735,-0.00022290613878439558
2016-12-30,-0.002,-0.01926005238106898,-0.005055936835086559,-0.0036550980879003214
2017-01-03,-0.006529488805814386,-0.004529488805814386,0.00803947846705531,
2017-01-04,0.0,-0.008255422336715834,0.005491009555000683,0.005949414245977058
2017-01-05,0.0,-0.009346151049920426,-0.00047397040745936393,-0.0007947726568415803
2017-01-06,0.0,0.0006564863866953576,0.0046722893847137474,0.0035779879207993304
2017-01-09,0.0,-0.005320501979542147,-0.0028669186026682707,-0.0033009897731390847
2017-01-10,0.0,-0.003816207255390447,-0.00024239807937072628,0.0
2017-01-11,0.0,-0.0016534430603823425,0.002388143502822683,0.002825926962165326
2017-01-12,0.0,-0.00693062781875825,-0.0016089198763646806,-0.0025097146143104876
2017-01-13,0.0,0.000464117564254074,0.0016255393082122004,0.002295610957457006
2017-01-17,0.0,0.002997411052205412,-0.003166370049748209,
2017-01-18,0.0,0.0009214557821259906,0.0027060251721674443,0.0022098143644448953
2017-01-19,0.0,0.012463322368663488,-0.0031862880201978666,-0.003704462118586549
2017-01-20,0.0,0.0011918159153391783,0.0024631879026340547,0.00367412591492422
2017-01-23,0.0,-4.833511454599426e-05,-0.003104830506171568,-0.0026021447168808054
2017-01-24,0.0,0.0273215534493233,0.00601422026350378,0.006411743217035859
2017-01-25,0.0,-0.016799385363216013,0.008265968772282603,0.008655557195348607
2017-01-26,0.0,-0.04263610795189998,-0.0011503578410409373,-0.001045791929343065
2017-01-27,0.0,0.014385680988563965,0.0009311975574905896,-0.0015694006681765682
2017-01-30,0.0,-0.008722812778099942,-0.00448725024863251,-0.0062016699405501585
2017-01-31,0.0,-0.016482959239532358,-0.0011845159581553206,-8.813112600125628e-05
2017-02-01,0.0,-0.014530230563270019,-0.0003918737293856357,0.0003954149663432105
2017-02-02,-0.002,0.005497393441482479,0.0007611754344258012,0.0006591026199993522
2017-02-03,0.010181645223879545,0.012181645223879545,0.008024646480380045,0.0068932472754279495
2017-02-06,0.0,0.006121809596831895,-0.0018998500648152049,-0.0017879783723160347
2017-02-07,0.0,-0.009378374368945282,0.0019866359611522694,4.360596501662428e-05
2017-02-08,0.0,0.004003559649680355,-0.00025167812021509637,0.0013106047022404255
2017-02-09,0.0,0.010468788315225463,0.00447185698292653,0.00593246388641111
2017-02-10,0.0,-0.007232018832483367,0.0033936739896198707,0.003946261335073364
2017-02-13,0.0,0.013242970027963041,0.006159650999410857,0.005442635347728375
2017-02-14,0.0,0.00851811690668458,0.003490294266360949,0.0039952449297666615
2017-02-15,0.0,0.01194966578284462,0.005982620864059758,0.005220464763040944
2017-02-16,0.0,-0.012983844682517676,-0.0003427047012817099,-0.0008511673059810043
2017-02-17,0.0,-0.0005718765302711315,0.0011824260133874126,0.0015761939320921847
2017-02-21,0.0,0.00027543749270764195,0.006238956582486158,
2017-02-22,0.0,-0.0024647217775781716,-0.0007240376218364203,-0.0008879540493167415
2017-02-23,0.0,-0.01345782227339365,-0.0005157324702138402,0.0006771197863766343
2017-02-24,0.0,-0.005987144831728131,0.0035058857740443206,0.001269031624144823
2017-02-27,0.0,0.01994363397325505,0.002015915414790554,0.0015626701092879003
2017-02-28,-0.002,-0.03094994464528722,-0.004126851433518461,-0.0026989233972318782
2017-03-01,0.049905493564127656,0.05190549356412766,0.013833617883374213,0.013997160140194698
2017-03-02,-0.002,-0.01250974265732785,-0.005415001950919229,-0.006297370287862036
2017-03-03,0.0022727161302782406,0.0022727161302782406,0.0006084239632797935,0.0006296425514913384
2017-03-06,-0.009698262213563846,-0.009698262213563846,-0.002100329297786838,-0.002977856578023519
2017-03-07,-0.012035773184668308,-0.012035773184668308,-0.002477488706778525,-0.002986974867654979
2017-03-08,0.0059237076643737785,0.0059237076643737785,-0.0026267171511722078,-0.0018564788225381434
2017-03-09,0.0036304878198447667,0.0036304878198447667,0.0007301213122257793,0.0012680124102575352
2017-03-10,-0.03833083601023557,-0.03833083601023557,0.003211804929027923,0.003504272350535187
2017-03-13,0.015593004252298816,0.017593004252298816,0.001228386536402213,0.0005047339168937626
2017-03-14,0.0,-0.008916710165512431,-0.002859132529044766,-0.003826244605081741
2017-03-15,0.0,0.012579291675103299,0.008731468158138836,0.008653551711965246
2017-03-16,0.0,0.00033576497246079473,-0.0027238397631996177,-0.0019671806501917466
2017-03-17,0.0,-0.007642002023165451,-0.0007894537047202655,-0.0017561730473244497
2017-03-20,0.0,0.008406530203707963,-0.0011179890570606418,-0.0010969089715527902
2017-03-21,0.0,-0.0030585962257591026,-0.01117781363226849,-0.01283943498060347
2017-03-22,0.0,-0.016494664743617826,0.002283937440891816,0.0023530494262962165
2017-03-23,0.0,-0.006856007640861361,-0.002235037099808764,-0.0010671325734066262
2017-03-24,0.0,-0.011919230061139374,-0.0003438440983164943,-0.000726389067950195
2017-03-27,0.0,0.013729574157237412,-0.0016117351310337182,-0.0010260935405869143
2017-03-28,0.0,0.0184966369626669,0.006549287017499265,0.007276864547498985
2017-03-29,0.0,0.010535382301297691,-0.00023474249497181996,0.0009347247657569557
2017-03-30,0.0,0.08173746335235865,0.0033107748899914072,0.0031840466834327508
2017-03-31,0.0,-0.0002566175035130236,-0.0017845049766406229,-0.0023274816709695223
2017-04-03,0.0,-0.011106223028964468,-0.0016105649763971076,-0.001739180406544527
2017-04-04,0.0,0.0009768321858727447,0.0002342859974852173,0.000637452714303377
2017-04-05,0.0,-0.01080157872616394,-0.002662186778808262,-0.0029726088726730326
2017-04-06,0.0,0.015588030628443272,0.0022489569773099386,0.002810925328143643
2017-04-07,0.0,-0.01142475717857538,-1.93954621827147e-05,-0.0010192826891035622
2017-04-10,0.0,0.005145724186496281,0.00011817078459828288,0.0005953198251804626
2017-04-11,0.0,-0.00513201068617164,-0.0013198424246001175,-0.0011899312606907797
2017-04-12,0.0,-0.011337455959229747,-0.004937452315106898,-0.004381897666637213
2017-04-13,0.0,-0.0003502384617509735,-0.005947961129434459,-0.006494577247154409
2017-04-17,0.0,0.004947400068266328,0.008719352539035899,0.00885967956218181
2017-04-18,0.0,-0.0023884883749045738,-0.002498519507379053,-0.0029840656563809853
2017-04-19,0.0,-0.0060906312940520735,0.0002594531107261304,-0.0018386913937915583
2017-04-20,0.0,0.000333747849513788,0.008858712094011418,0.008139116694841242
2017-04-21,0.0,0.006734841375541478,-0.0024558739776077672,-0.003186977700099014
2017-04-24,0.0,0.014734355946771749,0.011076297538256482,0.01099821527696676
2017-04-25,0.0,0.003895277601672298,0.006519036859002659,0.005818364421035227
2017-04-26,0.0,0.0027130906897354645,-3.501226246850661e-05,-0.000628699960431911
2017-04-27,0.0,0.012187402033599692,0.0025142063718653304,0.0008389670638104807
2017-04-28,0.0,0.003318637437145222,-0.003100982129075676,-0.002179307952424492
2017-05-01,0.0,-0.012772712053292223,0.0012082917957713277,0.002519912411463876
2017-05-02,0.0,0.0009434154750385115,0.0010295929863260087,0.00037723682877732756
2017-05-03,0.0,-0.0028552278209639237,-0.0005847002840393566,-0.001214835616097587
2017-05-04,0.0,-0.008558925364816727,0.002376362844359235,0.0011744123173575982
2017-05-05,0.0,0.0035218894495137043,0.0032809112830369624,0.003936806941200688
2017-05-08,0.0,0.012416618293481507,-0.0018650762163901662,-0.00016682439109838576
2017-05-09,0.0,-0.006847061839519327,-0.00037784827420987943,-0.0009180931203675025
2017-05-10,0.0,-0.006697478556203951,0.0029208579693781288,0.0017958452032103
2017-05-11,0.0,-0.000730290698615299,-0.0018423667848715534,-0.0020423533957073525
2017-05-12,0.0,0.002212126024976113,-0.001054969920762195,-0.0016714339067689377
2017-05-15,0.0,0.003952105349363633,0.006839924847269845,0.005523493794098888
2017-05-16,0.0,-0.00368977584868746,-0.00039802652481030703,-0.0009153536686051789
2017-05-17,0.0,0.0038889312411621857,-0.016109428313587575,-0.01774431052090375
2017-05-18,0.0,0.015585851158462227,0.004416647286898557,0.004028637623457287
2017-05-19,0.0,-0.008782302299174871,0.006617819941055862,0.006504124554948643
2017-05-22,0.0,-0.0036610380795814024,0.00492204557294084,0.005077487022043581
2017-05-23,0.0,-0.004237443913717609,0.0024144840719904632,0.002212951993783463
2017-05-24,0.0,-0.004676274531393743,0.0037252739043777206,0.0023327988886141515
2017-05-25,0.0,0.001694667269804384,0.005076546822741142,0.004779549666514171
2017-05-26,0.0,0.0042569208576899165,0.001459689128779338,-0.000206954777857149
2017-05-30,0.0,0.0016112623734361176,-0.00019485410140063878,
2017-05-31,0.0,-0.0018374156336993241,0.0006605023346841733,-0.0002485545170717307
2017-06-01,0.0,0.005341575005408439,0.007271139906556462,0.007952205894740771
2017-06-02,0.0,-0.03751828948323355,0.004148702993846669,0.003328532502410164
2017-06-05,0.0,-0.004402886417798069,-0.001312231804481862,-0.0007372200285977737
2017-06-06,0.0,0.0062310576763829895,-0.0017909654572375972,-0.0031967112168893586
2017-06-07,0.0,0.0034801285426272477,0.002373475425875644,0.0018500338868672195
2017-06-08,0.0,-0.002249279832699399,0.001352764324005663,0.0004924845836355995
2017-06-09,0.0,0.007284933287806439,-0.0002496951112416817,-0.0015177889860508165
2017-06-12,0.0,0.009966362252239458,0.00018039343801523722,-0.00020540661900492196
2017-06-13,0.0,-0.009406028592283233,0.003734697866659305,0.004890074343839368
2017-06-14,0.0,0.0027916767436484413,-0.00015165407842208893,-0.0012676998129655948
2017-06-15,0.0,-0.003566432152324106,-0.0016498616430310278,-0.001924130099058674
2017-06-16,0.0,-0.006570848886110814,5.713048073019862e-05,0.00021823503143836298
2017-06-19,0.0,0.01753264103569041,0.008128387971838921,0.008325068493657328
2017-06-20,0.0,0.0034021312960511585,-0.0049836498806358,-0.0067440778903229415
2017-06-21,0.0,0.0041347534702768085,-0.0004953890319932536,-0.00024675290343867395
2017-06-22,0.0,-0.006514291194152366,-0.0009048664673287756,-0.00045284211856222445
2017-06-23,0.0,-0.006621844464485771,-5.683144918941205e-05,0.0011940415767088819
2017-06-26,0.0,0.004581645218881714,0.0003173457608299999,0.0006580932365591874
2017-06-27,0.0,0.01673794543102003,-0.0072699294839643136,-0.008055996700629509
2017-06-28,0.0,0.013079692022123446,0.008627553766616464,0.008950193055177191
2017-06-29,0.0,0.02954088115314324,-0.009821609336696365,-0.008788684781577238
2017-06-30,0.0,-0.006356518699921265,0.0016330746555391982,0.0018643597008070056
2017-07-03,0.0,0.011754615745346308,0.0023108524962932135,0.0016959534042262359
2017-07-05,0.0,0.021669782898610213,0.0021664329289704785,
2017-07-06,0.0,0.00016330958656352035,-0.0077903479648952015,-0.009144320171115772
2017-07-07,0.0,-0.008194082144798331,0.006884253716511101,0.006484915198866847
2017-07-10,0.0,-0.0074911505287261725,0.0008340878702502744,0.0010739886122601572
2017-07-11,0.0,-0.007753016746096464,-0.00036302430202439284,-0.0007427217192801372
2017-07-12,0.0,-0.003794393816999586,0.006591652057752519,0.007514855301428369
2017-07-13,0.0,-0.014570286505167451,0.0013378902832493172,0.0016802323459477186
2017-07-14,-0.002,0.004424942392489528,0.005007548399244967,0.004663923518279045
2017-07-17,0.0005156569322631865,0.0005156569322631865,-0.0016224228129276554,-0.00012198776409688694
2017-07-18,-0.0025802724198685234,-0.0025802724198685234,0.00018646355040636325,0.0005292993800873891
2017-07-19,-0.0014323040889121508,-0.0014323040889121508,0.005253920365748337,0.005414209486082511
2017-07-20,-0.03129853522891446,-0.03129853522891446,-0.00022981864081773816,0.00044514999566747093
2017-07-21,0.011869481126475956,0.011869481126475956,-9.10264281749494e-05,-0.0008901175301302411
2017-07-24,0.019613972357945875,0.019613972357945875,-0.0011683428801151133,-0.00024317003038787366
2017-07-25,0.007667717640536753,0.007667717640536753,0.001916100329472509,0.002430936925775784
2017-07-26,0.004982964026760572,0.004982964026760572,0.0004500524650615976,4.061772517705009e-05
2017-07-27,-0.0004891565576403689,-0.0004891565576403689,-0.0015863602172372306,-0.0009296884519394144
2017-07-28,0.003885019283538127,0.003885019283538127,-0.0004528775252098449,-0.0011731240463517256
2017-07-31,-0.0006118453990530126,-0.0006118453990530126,-0.0009625916217084614,-0.0005669714132072734
2017-08-01,0.003476976507698293,0.003476976507698293,0.002338630937405487,0.002228804108588278
2017-08-02,-0.001774849584909921,-0.001774849584909921,0.0006780026406933014,0.0004849766819794432
2017-08-03,0.0010014865509738735,0.0010014865509738735,-0.0019572048071901265,-0.0019396776607103483
2017-08-04,-0.002453010892631391,-0.002453010892631391,0.0021124023542568094,0.0018220798563715057
2017-08-07,0.002357712097894482,0.002357712097894482,0.0019382988757496616,0.0018592430115127456
2017-08-08,-0.015361061729236233,-0.015361061729236233,-0.002749085065987305,-0.0024609702012359236
2017-08-09,0.0018439498657970566,0.0018439498657970566,0.0013095183797908144,-4.0359287344693406e-05
2017-08-10,0.013115845513777091,0.013115845513777091,-0.013691762788324041,-0.01411535847469636
2017-08-11,0.005140183864362992,0.007140183864362992,0.0007225701981289048,0.0014767564470277161
2017-08-14,0.0,-0.004955946358856433,0.011316351311968169,0.009913484116284677
2017-08-15,0.0,-0.0035111813355128696,0.00019364289013192298,-0.00012207392897067848
2017-08-16,0.0,0.010473240575100462,0.0027795552292399707,0.0017445137669438449
2017-08-17,-0.002,0.003276823062442702,-0.015564946374643236,-0.015590534109340304
2017-08-18,-0.01185585209052442,-0.00985585209052442,-0.0021462725944262307,-0.0015633638394298988
2017-08-21,0.0,0.006223987784650609,0.0011046987387606441,0.0007826520847165064
2017-08-22,-0.002,-0.00581355802990946,0.010966751609758369,0.01045707713973787
2017-08-23,-0.009106215373233528,-0.009106215373233528,-0.0030494659904205896,-0.0035851957810039137
2017-08-24,-0.0010773313490145542,-0.0010773313490145542,-0.0024755396682508107,-0.0023307703279774605
2017-08-25,-0.003993677689528408,-0.003993677689528408,0.0018669154647792242,0.002336215509767481
2017-08-28,0.004788792263918484,0.004788792263918484,0.0019070309732769364,4.0876819288548916e-05
2017-08-29,0.00773043604673862,0.00773043604673862,0.0016598392395317043,0.0011448639728310894
2017-08-30,0.0014892369532648608,0.0014892369532648608,0.006144600386899121,0.004737388892646743
2017-08-31,0.007692331002564834,0.007692331002564834,0.006491218185954181,0.006016044454527192
2017-09-01,-0.012630962535144619,-0.012630962535144619,0.002200952407146455,0.0014141067908415295
2017-09-05,0.01120783743560172,0.01120783743560172,-0.005430582744753507,
2017-09-06,-0.0013791149405926184,-0.0013791149405926184,0.0033051007299897853,0.003413866184857506
2017-09-07,0.02546169483801986,0.02546169483801986,0.0031153168178445385,-0.00012139695893154112
2017-09-08,0.0008957203779348388,0.0008957203779348388,-0.00012976034614277417,-0.0011747633345227104
2017-09-11,0.005471617549439367,0.005471617549439367,0.00991490723341383,0.01066574676394172
2017-09-12,-0.01472598335731623,-0.01472598335731623,0.003125197921301242,0.003370574011734684
2017-09-13,-0.0213943536124801,-0.0213943536124801,0.00015112838182549293,0.00048010421661159874
2017-09-14,0.0068814772170384675,0.0068814772170384675,0.001825168414625574,-0.00031975172913933925
2017-09-15,0.0020377523194941016,0.0020377523194941016,0.003042883087239445,0.0013460610595308342
2017-09-18,-0.016811701004626256,-0.016811701004626256,0.0026817081307930393,0.002127174341218563
2017-09-19,-0.012545735902206756,-0.012545735902206756,0.0012636651125070215,0.0010010518267689061
2017-09-20,-0.008235365084525714,-0.008235365084525714,0.0009892820693074515,0.0003599734216588324
2017-09-21,-0.0005862663673248392,-0.0005862663673248392,-0.00210717697356098,-0.002679359206141485
2017-09-22,-0.009901958008528,-0.009901958008528,0.0016221061018014428,0.0002004893625822124
2017-09-25,-0.0028254899054853677,-0.0028254899054853677,-0.0018468309024147075,-0.002044862420954363
2017-09-26,0.009977221400267466,0.009977221400267466,-0.0005053041663313569,0.0006027204240472983
2017-09-27,-0.00922159575946957,-0.00922159575946957,0.004610549694489976,0.003894334972009972
2017-09-28,0.003612893056950117,0.003612893056950117,0.0028720276594086293,0.0011995511086022592
2017-09-29,-0.0019741348257068525,-0.0019741348257068525,0.0029713842009689555,0.0035152229791628464
2017-10-02,0.001892883952919755,0.001892883952919755,0.005144393346637207,0.004338658359880121
2017-10-03,-0.002299385587349878,-0.002299385587349878,0.001700644360301514,0.002140211142049653
2017-10-04,0.013474677573112825,0.013474677573112825,0.0015306231855977885,0.001186428422420116
2017-10-05,-0.013957034041333416,-0.013957034041333416,0.004979601519721787,0.005924974033964636
2017-10-06,0.00710881943003017,0.00710881943003017,-0.0010198783255251425,-0.0011386369778841887
2017-10-09,-0.0029534400040442943,-0.0029534400040442943,-0.00040665853428957,-0.0016510708482960768
2017-10-10,-0.004658738769405257,-0.004658738769405257,0.003321776476687603,0.002638316994162615
2017-10-11,0.02193049615363285,0.02193049615363285,0.0017822476096612267,0.0015711074698172567
2017-10-12,0.008654867332025473,0.008654867332025473,0.0007622185709210298,-0.001490423703223831
2017-10-13,0.008431227289114718,0.008431227289114718,0.0006084272211919514,0.001217475079656527
2017-10-16,-0.0003415849973746887,-0.0003415849973746887,0.0005606319567105541,0.0013336648891337788
2017-10-17,0.004338651302115193,0.004338651302115193,0.0005794162249452642,0.000705012572849828
2017-10-18,-0.08640811058352282,-0.08640811058352282,0.0025197023255288855,0.00097865804292252
2017-10-19,-0.004184035028688804,-0.004184035028688804,0.0014082965120288849,0.0002738056478475137
2017-10-20,-0.008472476780048921,-0.008472476780048921,0.005924360028528986,0.0051604193351646455
2017-10-23,-0.002250244873147511,-0.002250244873147511,-0.0021325630740704543,-0.0038894576903553135
2017-10-24,0.026308314034676927,0.026308314034676927,0.0009221406744271888,0.0017569909352288526
2017-10-25,0.013437431244674558,0.013437431244674558,-0.002759631447186718,-0.004949978019817669
2017-10-26,0.0019776413462475606,0.0019776413462475606,0.002450845328694454,0.001292648818742137
2017-10-27,0.007892731668490693,0.007892731668490693,0.003605828396079701,0.008176001350517437
2017-10-30,0.000654211194714982,0.000654211194714982,-0.0041493192523494316,-0.003724985769839595
2017-10-31,0.006034468332016596,0.006034468332016596,-8.991325869911141e-05,0.0015578009073418109
2017-11-01,-0.003040714688986368,-0.003040714688986368,0.0010295627429952768,0.0013223232352950198
2017-11-02,0.014813336343226569,0.014813336343226569,0.002475161164251865,0.0003883649929017352
2017-11-03,0.014813998144616258,0.014813998144616258,0.004999580388239299,0.003338982269556201
2017-11-06,0.009302123627383477,0.009302123627383477,0.0010282367518321778,0.0015473503784688702
2017-11-07,0.008112882822221001,0.008112882822221001,0.0016296647062263242,-0.0006954517899476764
2017-11-08,-0.00114409478077393,-0.00114409478077393,0.002113358808513465,0.0017008754410363647
2017-11-09,-0.011136796068965227,-0.011136796068965227,-0.005323271584507046,-0.0036274017393387314
2017-11-10,0.001637140440358566,0.003637140440358566,-6.592106824276691e-05,-0.000310077098693351
2017-11-13,0.0,0.0023258291650656293,0.001421695638670058,0.0009299091180765551
2017-11-14,0.0,-0.004268148583083553,-0.001183407472878707,-0.0023226129762068393
2017-11-15,0.0,-0.0009526356382550949,-0.006961841588747708,-0.005005379044612068
2017-11-16,0.0,-0.0029376744072140415,0.009406549985640588,0.008501296925493396
2017-11-17,0.0,-0.002919659891422177,-0.0028458255149514,-0.002938812525525192
2017-11-20,0.0,0.0191424245010704,0.002892197504253723,0.0017064219398386093
2017-11-21,0.0,-0.004423594692394506,0.005718349997897661,0.00654271812247087
2017-11-22,0.0,-0.021160745915995816,-0.001113469472383935,-0.000884650303454082
2017-11-24,0.0,-0.02279224453883133,0.00211813426863332,
2017-11-27,0.0,-0.005501905751114533,-0.00042114291458045185,-0.0004993763849051591
2017-11-28,0.0,0.009158373136175513,0.008507204341761415,0.010144814786449574
2017-11-29,0.0,0.03257205314440914,-0.0003767322215816195,-0.0006082667920775942
2017-11-30,0.0,-0.01220091262809131,0.009368354266390827,0.008754773350712064
2017-12-01,-0.002,-0.005154559731874175,-0.002150287686022922,-0.002075461112066801
2017-12-04,0.01672488491557378,0.01872488491557378,-0.0034424418155828396,-0.001209947675772649
2017-12-05,0.0,-0.011980355323951697,-0.002533321368199427,-0.0035965804340454266
2017-12-06,0.0,-0.007542122307648388,-0.0003576718371058907,0.00018991043267702068
2017-12-07,-0.002,0.019032530541994275,0.004723752467673442,0.0031529524566942246
2017-12-08,-0.030879985451801817,-0.028879985451801815,0.005178102372035917,0.005452839339602722
2017-12-11,-0.002,-0.018683283984321064,0.0029546479985658246,0.0030132046858557526
2017-12-12,-0.03445940812955017,-0.03445940812955017,0.0006250299247680595,0.0017650596447456035
2017-12-13,0.0013710664036162834,0.0013710664036162834,0.0012864370995863017,-0.00011258359660282213
2017-12-14,0.011800309600050074,0.011800309600050074,-0.005033760972682575,-0.004086227079436511
2017-12-15,0.019067700622638295,0.019067700622638295,0.008741321927674824,0.008327152485788414
2017-12-18,0.015115082181844985,0.015115082181844985,0.00500679032665968,0.0063414129932573005
2017-12-19,-0.01583315760944204,-0.01583315760944204,-0.0022533317795609227,-0.003840511231391841
2017-12-20,0.01674869295696535,0.01674869295696535,4.457250086074027e-05,-0.0005236292850749891
2017-12-21,-0.025626416592884338,-0.025626416592884338,-0.0003954810327266954,0.002059595683958415
2017-12-22,0.00989638089374556,0.00989638089374556,-0.0009200056600177669,-0.0002617064301121408
2017-12-26,-0.0123932057939109,-0.0123932057939109,-0.0003809258906581936,-0.0011963876752008051
2017-12-27,0.005751143703923489,0.005751143703923489,0.001802951929456448,0.00048648424811603697
2017-12-28,-0.003697830424103543,-0.003697830424103543,0.001833851183559051,0.002057753320547251
2017-12-29,-0.002092591386177234,-0.002092591386177234,-0.0047954540581115765,-0.0037706332534234166
2018-01-02,0.029193119220505492,0.029193119220505492,0.0072610673057808455,0.007157288295439379
2018-01-03,0.01643500792039787,0.018435007920397872,0.0074435416839333845,0.006325560227925742
2018-01-04,0.0,-0.011638324213282258,0.004213397340904679,0.0042147122214284405
2018-01-05,0.0,0.016668231391134825,0.007100247807085208,0.006663826055003597
2018-01-08,0.0,0.011326805390517893,0.001602000893791914,0.001828630756084415
2018-01-09,0.0,-0.012852781520606538,0.0023312038476284587,0.0022635032241435926
2018-01-10,0.0,-0.021754547775375888,-0.0025730808340403252,-0.001530176916630599
2018-01-11,0.0,-0.005235643620681518,0.005787875763999776,0.0072963554199980685
2018-01-12,0.0,-0.021945438489331726,0.006497563308885205,0.006519014987417915
2018-01-16,0.0,-0.06695473651043382,-0.002346888141735943,
2018-01-17,0.0,0.003700384099051379,0.011451589872947122,0.00953207345811391
2018-01-18,0.0,0.006429867105557596,-0.0014100324610806742,-0.001680902994000144
2018-01-19,0.0,-0.0011185610105060029,0.004143498967028641,0.004549650060769794
2018-01-22,0.0,-0.0008439392425042547,0.006755653561226237,0.008130805232507532
2018-01-23,0.0,0.0036020841504205148,0.0025823437523641176,0.002122522611590183
2018-01-24,0.0,0.006446597853545399,-0.0018187444617010341,-0.00038835006393866944
2018-01-25,0.0,0.012993872675129525,0.0006552655797797517,0.0004236961452572796
2018-01-26,-0.002,-0.02758892584984174,0.012908471301093485,0.01157788632691159
2018-01-29,0.001178309927934218,0.001178309927934218,-0.006963531693609459,-0.006629459040349839
2018-01-30,0.018964735576823988,0.018964735576823988,-0.01235272506413868,-0.010257610518788263
2018-01-31,0.0379528893277612,0.0379528893277612,0.00046850928163730623,0.0004972568932632981
2018-02-01,-0.017360025124675826,-0.017360025124675826,-0.0015161631369964412,-0.0011353158960234477
2018-02-02,0.01881871680878111,0.01881871680878111,-0.01925016879533337,-0.021770020511263755
2018-02-05,0.023804263081433574,0.023804263081433574,-0.04024885772923597,-0.041822549872768344
2018-02-06,0.006900974845315268,0.008900974845315268,0.016590965296685602,0.019701966446831642
2018-02-07,0.0,-0.01529580279281417,-0.004119439529873965,-0.0054245617724262285
2018-02-08,0.0,-0.010218524797243111,-0.03753340260282638,-0.03750920530300972
2018-02-09,-0.002,-0.0017112041949584045,0.01664336495511938,0.01502165922148535
2018-02-12,0.007694733671287979,0.007694733671287979,0.013238875356713937,0.014684542693949476
2018-02-13,-0.0030156851740683055,-0.0030156851740683055,0.0025716284145869336,0.00248740128850522
2018-02-14,0.012175193156678645,0.014175193156678645,0.011586839473551063,0.013496462975581158
2018-02-15,0.0,-0.015386117739512484,0.011998936193007926,0.012759931288650606
2018-02-16,-0.002,-0.01124891044481846,0.0023058892591332554,0.0002927307992812711
2018-02-20,0.015490862009605533,0.015490862009605533,-0.006525404525609183,
2018-02-21,0.016108597746740838,0.016108597746740838,-0.006029464932794226,-0.00497421215211602
2018-02-22,0.012477244052045757,0.014477244052045757,0.0020249092315343165,0.0012961123854868806
2018-02-23,0.0,-0.005266307089442979,0.01661722387046764,0.01593949871200917
2018-02-26,0.0,-0.005095287493175116,0.012350726424751038,0.011612316421842683
2018-02-27,0.0,0.010783885452702813,-0.011299460066418712,-0.012486718757935056
2018-02-28,0.0,-0.0010684951246580088,-0.012012845419798534,-0.010130200997039318
2018-03-01,0.0,-0.022635318789988756,-0.01371612194645682,-0.014540474117477609
2018-03-02,0.0,-0.015047471163887383,0.004082796646365542,0.005155173635878585
2018-03-05,0.0,0.00799541845318219,0.01096588010853819,0.011557734407943832
2018-03-06,0.0,0.01090673144310067,0.00265668909303685,0.002535163446121924
2018-03-07,0.0,-0.005994668059170816,-0.00029232004834025307,-0.0003667052101957724
2018-03-08,0.0,-0.002994839382000014,0.0036538668417478394,0.004838860713195503
2018-03-09,0.0,0.0008859379478704001,0.01785102867695674,0.017402860526147812
2018-03-12,0.0,-0.03825003704376917,-0.0016390096662206148,-0.001255368838636306
2018-03-13,0.0,-0.02003327075614514,-0.005426778782629706,-0.006462528134600132
2018-03-14,0.0,0.00681882998087513,-0.005233346602426922,-0.005131705741989512
2018-03-15,0.0,-0.005886894194323755,0.00010812809748765707,-0.0010900657058419139
2018-03-16,0.0,-0.0016353906871591217,0.0028824434789735754,0.001084919211123303
2018-03-19,0.0,-0.007912241287858723,-0.014347204276082727,-0.013530621938858345
2018-03-20,0.0,-0.008651707743195791,0.0037676374053719095,0.001700812192518164
2018-03-21,0.0,0.02042978131808615,-0.0009533664832114758,-0.0019193481774201215
2018-03-22,0.0,-0.01696157121935382,-0.025014018589497148,-0.024997134629297646
2018-03-23,0.0,0.00629526949127257,-0.02050082299265015,-0.021314405449050833
2018-03-26,0.0,0.01467936159285621,0.02759209507522791,0.027358835902737244
2018-03-27,0.0,-0.035254774357700525,-0.01517108348306204,-0.017011564289501235
2018-03-28,0.0,0.013432686889796708,-0.001605327543758817,-0.0029549402249263723
2018-03-29,0.0,-0.0024264753678930884,0.012774409800149312,0.012777723935947227
2018-04-02,0.0,-0.013901524324263725,-0.021897073577732473,-0.021584707075571363
2018-04-03,0.0,0.016945614516268526,0.013509614196389278,0.012816925702475945
2018-04-04,0.0,0.002385609081303919,0.010515794459486283,0.010699187361960183
2018-04-05,0.0,-0.0025096842753045134,0.004666784533069869,0.0078921339874376
2018-04-06,0.0,-0.0012110052165473784,-0.022353925334925983,-0.022286104518285943
2018-04-09,0.0,-0.001911900224691676,0.003032811681045645,0.004928536290606633
2018-04-10,0.0,0.01959860710727879,0.01638918979351439,0.015900520610860003
2018-04-11,0.0,-0.004076912136242172,-0.004965701480459403,-0.005242176072501881
2018-04-12,0.0,0.028009331230858414,0.007960547611453437,0.008226974918767116
2018-04-13,0.0,-0.010073963443752276,-0.0009656751683719591,-0.002933043544315339
2018-04-16,0.0,-0.004566569969012058,0.007636767151697863,0.008221417076199389
2018-04-17,0.0,0.007969738247531,0.010668629023229249,0.010698780926873486
2018-04-18,0.0,0.010867135376017356,0.0005207727019852076,0.0007401340193036177
2018-04-19,0.0,0.006805893889838044,-0.008803287189875818,-0.005547701989528697
2018-04-20,0.0,-0.0009380557888127306,-0.00691750391838031,-0.008479342502108689
2018-04-23,0.0,-0.004107886607740696,-0.0006865435227010583,-0.0001501056598035566
2018-04-24,0.0,-0.03529244717148522,-0.013172557534644675,-0.013467137094385295
2018-04-25,0.0,0.0026906078952273482,0.0022472716742683954,0.0024717969916614457
2018-04-26,0.0,-0.04431112278921728,0.010942372233677061,0.010165623886661868
2018-04-27,0.0,-0.0001876585191190605,0.00031360058376755766,0.0009386631466146156
2018-04-30,0.0,-0.0019535391990957995,-0.007800829726197785,-0.0076905488360659024
2018-05-01,0.0,0.00968751182528721,0.0008368063696301693,0.00177725196220746
2018-05-02,0.0,-0.019175782420538467,-0.007250319145795939,-0.006717906479416946
2018-05-03,0.0,0.007646281346566419,-0.0013208846894264968,-0.0022038078143492568
2018-05-04,0.0,0.012657136389587542,0.012058918300735199,0.012946684641105932
2018-05-07,0.0,0.002464961487040229,0.0025482467538722867,0.0033831713792011886
2018-05-08,0.0,0.012927672000793922,-0.0001539688748490644,0.0
2018-05-09,0.0,0.006943972566533067,0.009704206597539124,0.009665823514327654
2018-05-10,0.0,0.0006983501126667235,0.009875340658704953,0.009350417025134838
2018-05-11,0.0,0.004343185698925778,0.003729374231611045,0.0030517582252616027
2018-05-14,0.0,0.04182030670693926,0.0016952562353805822,0.0004761457407949088
2018-05-15,0.0,0.016513923790773988,-0.007220951244648377,-0.006887031763056495
2018-05-16,0.0,0.036234337120326976,0.004271071782361225,0.0042050457860784984
2018-05-17,-0.002,0.009691204070376047,0.0001457720680437714,-0.0008449714255592822
2018-05-18,-0.0005494458465076218,0.0014505541534923783,-0.001027499657342943,-0.002499670466373116
2018-05-21,0.0,0.001691403532908975,0.007733501640218435,0.007518251158480593
2018-05-22,0.0,-0.011533231873751548,-0.0034103896001881438,-0.0027800224618652614
2018-05-23,0.0,-0.06969197254561121,0.0032057601170367754,0.002751613166083633
2018-05-24,0.0,-0.004438548383216778,-0.0007987295107477887,-0.0020486985875534103
2018-05-25,0.0,0.003444486034092309,-0.00208012419005305,-0.0023828195251498485
2018-05-29,0.0,0.01061736993141571,-0.01099362261235431,
2018-05-30,-0.002,0.010167441298768898,0.013273694126775775,0.013344422236390097
2018-05-31,0.005701197647333456,0.005701197647333456,-0.008687693573684097,-0.006125765840093944
2018-06-01,-0.014357599177266199,-0.012357599177266199,0.01000757821229058,0.009817310577782346
2018-06-04,0.0,0.04828516701045693,0.004925254058053162,0.0047517066455451396
2018-06-05,0.0,0.030310956699242553,0.0003507796310464452,0.000727390035286879
2018-06-06,-0.002,-0.011116786634277287,0.008580818082535519,0.008360860845547435
2018-06-07,0.005716538575023078,0.005716538575023078,0.00044306505979633995,-0.00010841921839199742
2018-06-08,-0.011452265228317767,-0.011452265228317767,0.0026610442015667503,0.0029566680294057512
2018-06-11,0.007552113054796805,0.007552113054796805,0.0013391271299597002,0.0013300874566344323
2018-06-12,-0.009809065166722808,-0.009809065166722808,0.0010485972995069213,0.0012923729684719554
2018-06-13,0.007464065891152505,0.007464065891152505,-0.005664757061195501,-0.003191109815815718
2018-06-14,-0.0017967245435157597,-0.0017967245435157597,0.0019592172454691377,0.0025178285066473904
2018-06-15,-0.006736845816149861,-0.006736845816149861,-0.0003934294277837096,-0.0012757700570479313
2018-06-18,-0.0032651554277602912,-0.0032651554277602912,-0.004738260375655794,-0.0020566197921022544
2018-06-19,-0.022835390270449618,-0.022835390270449618,-0.0039050256487419325,-0.0038329750929710915
2018-06-20,-0.00771202412512678,-0.00571202412512678,4.213304116802034e-05,0.001706064817419195
2018-06-21,-0.002,-0.017781208069730936,-0.00628724630779273,-0.006269165626699547
2018-06-22,-0.018561183633172385,-0.016561183633172383,0.002053101104005554,0.001823460152979628
2018-06-25,0.0,-0.01456607398359483,-0.011327466571394641,-0.013612762067412354
2018-06-26,0.0,-0.0013654308459115083,0.00152478842797037,0.002214197589737177
2018-06-27,0.0,-0.018024591227496334,-0.006901289242668371,-0.008284562600908374
2018-06-28,0.0,0.009986123454013174,0.005417391526448106,0.005717671748720621
2018-06-29,0.0,0.0061209834789869855,0.0012649922007165412,0.0014395481001423516
2018-07-02,0.0,0.011869748974440708,0.0023241137221082083,0.002138035538225447
2018-07-03,0.0,-0.0024109142099104086,-0.003937565718023169,-0.0035311535135372774
2018-07-05,0.0,-0.0035313503790199707,0.0090147571432398,
2018-07-06,0.0,0.004973374725093627,0.009078337981942365,0.008458274427501022
2018-07-09,0.0,0.04143777931531967,0.008796276588935701,0.009004466477331885
2018-07-10,0.0,-0.017213428214079226,0.005330374536017578,0.0035984533632209548
2018-07-11,0.0,-0.011845066103028656,-0.008455301639456996,-0.007314323179795856
2018-07-12,0.0,0.0016258501297525818,0.008218871416629747,0.009065651039175338
2018-07-13,0.0,0.028730396225818855,0.0014893545330663205,0.0007877527636279691
2018-07-16,0.0,-0.0020991531486875825,-0.0029690090243624898,-0.0008943453865111195
2018-07-17,0.0,-0.00845642092688581,0.004170732817859216,0.004045505551506734
2018-07-18,0.0,0.013134659491509382,0.004292586147917076,0.0021033377311747703
2018-07-19,0.0,-0.003103081333448776,-0.0032059429350822927,-0.003771483993568303
2018-07-20,0.0,-0.013394635128846144,-0.001355390286395926,-0.0011425653377752365
2018-07-23,0.0,-0.0053016086466223244,-0.000812206638237214,0.0018592171631375276
2018-07-24,0.0,-0.01890946786994152,0.005116402696904625,0.005032095943709347
2018-07-25,0.0,0.003544193304239718,0.009834044615810696,0.008522240649277979
2018-07-26,0.0,0.001081269889900427,0.000425120101512913,-0.002358957999743727
2018-07-27,0.0,0.013324272721463415,-0.004861962847275985,-0.006776043370189555
2018-07-30,0.0,-0.005532610064339638,-0.005007988293783137,-0.005223802253217169
2018-07-31,0.0,0.0016037639565018025,0.007550528455354951,0.0049292685875583775
2018-08-01,0.0,-0.010771101306265907,-0.004331939708351532,-0.0016703418609261833
2018-08-02,0.0,0.012068933390392222,0.0032961161336611824,0.005447613090658887
2018-08-03,0.0,-0.003556696837781592,0.0052682882193493385,0.0042845294653017785
2018-08-06,0.0,-0.003776955908080193,0.00236273427457944,0.0036674037620254563
2018-08-07,0.0,0.003702651955862224,0.004288885220222907,0.003302259739890845
2018-08-08,0.0,-0.0009585427174790238,-0.0014355307377232906,-0.00042021872790132253
2018-08-09,0.0,-7.613373859433059e-05,-0.0030650431235892967,-0.0013658916022663004
2018-08-10,0.0,-0.016956693474899698,-0.007104093881792975,-0.006700192782133629
2018-08-13,0.0,-0.008561431385485263,-0.0034411375174459497,-0.0037440617178643443
2018-08-14,0.0,-0.024794462411280582,0.005314550177707903,0.006381224661329732
2018-08-15,0.0,-0.00969946600584859,-0.005725429151362723,-0.007467571391623018
2018-08-16,0.0,-0.017842879528059963,0.009642974415610014,0.008091460084621582
2018-08-17,0.0,0.0034140161698941185,0.0031037444154158925,0.0035207230674507706
2018-08-20,0.0,-0.006228740307383851,0.0016648248067496784,0.0021397754281293757
2018-08-21,0.0,0.02293711321769132,0.002032296257665213,0.0023453706447651435
2018-08-22,0.0,-0.013309905011798573,-0.0009976046580533436,-0.0005940816292052675
2018-08-23,0.0,0.0014876173569576268,-0.0015844257004571766,-0.0013278487075963907
2018-08-24,0.0,0.01452877205349773,0.005876942537673559,0.006018810710425537
2018-08-27,0.0,0.01165613529713605,0.007682779992160897,0.007894802784967236
2018-08-28,0.0,0.004370015244949621,0.0007149330604431468,0.0004834080385962558
2018-08-29,0.0,-0.00470496283100913,0.004612632494636511,0.005380947431952832
2018-08-30,0.0,0.0059555655211648295,-0.0036856488442996186,-0.004048607953157868
2018-08-31,0.0,0.0077402372534075,0.00040475286778935684,3.475636029492968e-05
2018-09-04,0.0,-0.005702102913984097,-0.0012898577178386283,
2018-09-05,0.0,-0.0030192948839834477,0.00047283190400178847,-0.002691375383674255
2018-09-06,0.0,-0.026797342512206113,-0.0038555676137422275,-0.003010070369869333
2018-09-07,0.0,0.02342712591074692,-0.0012142012682516614,-0.001943482695809129
2018-09-10,0.0,-0.011019279105921709,0.0036781549179161124,0.0017383331873559449
2018-09-11,0.0,-0.018402656093840064,-0.0008431759718933283,0.003297383448124469
2018-09-12,0.0,-0.02423445028597726,0.00012866961983558754,0.00024237420808503884
2018-09-13,0.0,0.003274691211918812,0.007609802562556217,0.005914828171435849
2018-09-14,0.0,-0.010365059826142775,0.0011890992163008252,0.00017168285554802765
2018-09-17,0.0,0.0003200304946076038,-0.0032392054406824213,-0.00529446752228846
2018-09-18,0.0,-0.0014200139974156478,0.004934853939481989,0.005426427178651272
2018-09-19,0.0,0.01275338480048771,0.0006349922513574039,0.0010654477089664383
2018-09-20,0.0,0.014570591624117668,0.0069874927368566925,0.008103971942934107
2018-09-21,0.0,-0.02109741971328183,0.0006326215796820377,-0.000913813197468194
2018-09-24,0.0,0.017619021581213534,-0.0037002358801632106,-0.003321787519164121
2018-09-25,0.0,0.012049682098747905,-0.0031640648702777993,-0.0009277443307303956
2018-09-26,0.0,0.026049164236746303,-0.0035232637912335344,-0.0029922663897925528
2018-09-27,0.0,0.005105114173920899,0.00344398054587578,0.0027941784448481943
2018-09-28,0.0,0.0029683555412161056,0.0006123026342336257,0.00010342325042245193
2018-10-01,0.0,-0.003305649294405244,0.004513821360492428,0.0034737862779585793
2018-10-02,0.0,-0.0006235120029267627,0.0013849382870114702,-0.0005827181502436884
2018-10-03,0.0,-0.00637433864283754,0.00039139176600131245,0.0005487256845857491
2018-10-04,0.0,-0.012568283016726856,-0.006246828715162561,-0.007815200079522189
2018-10-05,0.0,-0.007814709756230331,-0.0038659811068869785,-0.005597444848844946
2018-10-08,0.0,0.0032731229288078846,0.0005625702891609563,0.0
2018-10-09,0.0,0.00748787241325255,-0.0014945187370908825,-0.0014592562740849413
2018-10-10,0.0,-0.048088922393354494,-0.0302861776622552,-0.03166312510278191
2018-10-11,0.0,0.044893491292053,-0.022576391827096035,-0.02202627680784608
2018-10-12,0.0,0.07152387085053447,0.013097800317153246,0.0138880981032794
2018-10-15,0.0,-0.04216921089671488,-0.005768599733148708,-0.005617036670046094
2018-10-16,0.0,0.07618581096726451,0.020677528434174957,0.021865729956743074
2018-10-17,0.0,-0.010296228800093177,-0.0007134947726437662,0.00017879998893466365
2018-10-18,0.0,-0.03181396022106209,-0.01317696131631058,-0.014441328763413419
2018-10-19,0.0,-0.06010399765895191,-0.0001074434603877095,-0.0005427935430031283
2018-10-22,0.0,0.019870977921620736,-0.005113290854738576,-0.004488525725937942
2018-10-23,0.0,0.007631663625567775,-0.007684364696121167,-0.005091011429196879
2018-10-24,0.0,-0.07108587909815234,-0.029724291272072375,-0.030298435802188273
2018-10-25,0.0,0.0005765879256880435,0.012812707268550546,0.01794047431057555
2018-10-26,0.0,-0.03289529365702182,-0.014856270520925117,-0.01758754192801626
2018-10-29,0.0,-0.03894689506171711,-0.00327288455721806,-0.0055398596933609046
2018-10-30,0.0,0.0061826310353740865,0.017558069974466645,0.014818470364819314
2018-10-31,0.0,0.08702204590308571,0.00846084780884528,0.010680785332253473
2018-11-01,0.0,0.03592259047059432,0.010887345131374081,0.010641950098016828
2018-11-02,0.0,-0.026941650991830657,-0.004440351928714135,-0.005923016816561044
2018-11-05,0.0,-0.00596047316982995,0.007913453778332592,0.0055168955995208435
2018-11-06,0.0,-0.02456388521868424,0.007488779880181215,0.00632793056677472
2018-11-07,0.0,0.02932415899451213,0.019905155859453558,0.0214085317800925
2018-11-08,0.0,-0.01873499485529939,-0.0018230148681657968,-0.0018147821722791502
2018-11-09,0.0,0.03293625507081993,-0.007730400892805083,-0.009768317995230591
2018-11-12,0.0,0.029303901769142104,-0.01909751107816211,-0.0186848151023572
2018-11-13,0.0,-0.023280345472387443,-0.00027687897939099207,-0.0018714169114679713
2018-11-14,0.0,-0.020194713478973947,-0.004710235702691354,-0.006836417254601268
2018-11-15,0.0,-0.01586272343555195,0.011737031753931332,0.010436797708376577
2018-11-16,0.0,0.006205321345526094,0.0024776320596481788,0.0026004075834460405
2018-11-19,0.0,0.03747809077057551,-0.015124767217728525,-0.01691476186260421
2018-11-20,0.0,-0.023494577876505995,-0.016554880622016314,-0.018506051817942293
2018-11-21,0.0,-0.015807384876693586,0.0016003736508983098,0.003407530206764431
2018-11-23,0.0,0.01169765578526355,-0.006088344200058015,
2018-11-26,0.0,-0.01710553902223072,0.013760419154169489,0.016144134924414022
2018-11-27,0.0,0.01310750285154716,0.002795954428627941,0.0033647967407641755
2018-11-28,0.0,0.004278015796878365,0.02226858753319506,0.02302506685654926
2018-11-29,0.0,0.02325888127531922,-0.0023732224752432743,-0.0021850022891066745
2018-11-30,0.0,-0.0023705468056459678,0.011024855346595593,0.0060954082458981595
2018-12-03,0.0,-0.008140250526989967,0.010536418618214433,0.01324137660800151
2018-12-04,0.0,0.011124692219836474,-0.03174700596511928,-0.03240250214635265
2018-12-06,0.0,-0.0005442503408631949,-0.0005107433625021559,
2018-12-07,0.0,-0.003690610192206841,-0.02213629516251151,-0.02323618107363723
2018-12-10,0.0,-0.01760259253561275,0.0017534105049729428,0.0018974071553072847
2018-12-11,0.0,-0.0008159285931186311,-0.0005475778565188689,0.00022717689590123769
2018-12-12,0.0,-0.005024963932969473,0.004891825287327653,0.005035044886548379
2018-12-13,0.0,-0.002824555994378364,0.0019374995152957497,-0.00033898116205466344
2018-12-14,0.0,-0.0021320437698088557,-0.01729061281612622,-0.01846479421493752
2018-12-17,0.0,-0.0042239362688402116,-0.020608770690562255,-0.01961833174022043
2018-12-18,0.0,-0.02505829465449172,-0.0007440772488660892,-0.001096230015405708
2018-12-19,0.0,-0.008184215454280774,-0.015543886815425591,-0.014976090914601614
2018-12-20,0.0,-0.0049581845372733135,-0.01468571277810279,-0.01627785817417826
2018-12-21,0.0,-0.008382429951906856,-0.017025634070239767,-0.02048957829282194
2018-12-24,0.0,0.0008244210819030595,-0.02785230221332029,-0.02642277736712806
2018-12-26,0.0,-0.016619778007803232,0.048015387238058184,0.05052477762676677
2018-12-27,0.0,-0.006322759223403418,0.011126940100265884,0.007677316946129276
2018-12-28,0.0,0.0035525837869497257,-0.00010945242507860156,-0.0012897361923919215
2018-12-31,0.0,0.0011460939856650088,0.008361860371499866,0.008758631689746998
2019-01-02,0.0,0.004488047020689945,0.000638377703807612,0.0010403118267139355
2019-01-03,0.0,0.0176973848899476,-0.0248332426483449,-0.023862664346936957
2019-01-04,0.0,-0.012645187739188102,0.03324708016951265,0.033495660235207225
2019-01-07,0.0,-0.011220488809351559,0.007135557159061893,0.007884684423940636
2019-01-08,0.0,-0.001482203573805796,0.006945092405105343,0.009395131602624618
2019-01-09,0.0,0.0070570522552861935,0.005166734908591751,0.004673687297675366
2019-01-10,0.0,-0.0004978349969580647,0.005927914118009131,0.003527503330606585
2019-01-11,0.0,0.0003088233618557439,0.00035509376930077484,0.0003862664317628717
2019-01-14,0.0,-0.01359414707476066,-0.005539311634153063,-0.00610089083623111
2019-01-15,0.0,0.01409349115877904,0.007255643670259851,0.011460843518561248
2019-01-16,0.0,-0.02062408435271157,0.002056321583606061,0.0024200405391434643
2019-01-17,0.0,-0.004222867052509442,0.008440675069465603,0.0075867028116070045
2019-01-18,0.0,-0.014296753783064128,0.014873202694958716,0.013309886621627687
2019-01-22,0.0,0.0035325908050820214,-0.013510968829168725,
2019-01-23,0.0,0.012783878684585191,0.0016808309661486601,0.002092624100141993
2019-01-24,0.0,-0.0049433493213262665,0.003690626600514081,0.0005312652591078493
2019-01-25,0.0,-0.016322734601021183,0.009286144966274348,0.008461408800072956
2019-01-28,0.0,0.003310563435512503,-0.009635842894869096,-0.0076000430538288866
2019-01-29,0.0,-0.004771450748583501,0.0021743151265956016,-0.0013269841570318075
2019-01-30,0.0,0.008974847329693298,0.013546937157604048,0.015830718011748734
2019-01-31,0.0,0.021721423332464518,0.011841296871063571,0.008782573676549665
2019-02-01,0.0,0.006015016279643626,0.002223784328092563,0.000481438121550104
2019-02-04,0.0,-0.013187220802394945,0.005699828985497774,0.00703523830514774
2019-02-05,0.0,0.00527731173907453,0.003044240112153984,0.004191829748460663
2019-02-06,0.0,0.005878589940012742,9.399996012202341e-05,-0.001318041934783576
2019-02-07,0.0,0.008938298825265647,-0.009909100514271782,-0.009532695421196502
2019-02-08,0.0,0.002307192840090847,0.001099599961568708,0.0012215224430853766
2019-02-11,0.0,0.0030126805227599363,0.0015874614079603186,0.0005545083405742446
2019-02-12,0.0,0.003527449430900109,0.013012137853350387,0.012859157304822677
2019-02-13,0.0,-0.0026653933282381193,0.004316743427541774,0.003246994476135523
2019-02-14,0.0,0.011400086103581897,-0.0016012194914426239,-0.0022180146064376682
2019-02-15,0.0,0.0033688426138274163,0.012354348330891739,0.010897354402390924
2019-02-19,0.0,-0.018035890176688496,0.0001991928222161476,
2019-02-20,0.0,0.04617292278076479,0.0026644334649894037,0.0020158519716251266
2019-02-21,0.0,0.005523487907414193,-0.00475631688431251,-0.0035562046718563556
2019-02-22,0.0,-0.01128244930785871,0.0076241257841687116,0.006200049888859693
2019-02-25,0.0,0.023151434802996973,0.0009736040268296763,0.0013617441056787971
2019-02-26,0.0,-0.03620953122464177,-0.0012654002814603221,-0.0007162221690826254
2019-02-27,0.0,0.011380971002547202,-0.0001418822577661799,-0.0004293189390381924
2019-02-28,0.0,-0.004023159652751462,-0.0020988150467432763,-0.0018626713772190717
2019-03-01,0.0,-0.01644108578719017,0.00777387235415071,0.006243930142986409
2019-03-04,0.0,0.031182281640205423,-0.004699803470017291,-0.003637425752354706
2019-03-05,0.0,-0.013784117164909238,-0.0021482759090029595,-0.00136010973902001
2019-03-06,0.0,-0.003330246539019477,-0.008251056376262299,-0.006057005568331553
2019-03-07,0.0,0.012340960585979,-0.007933670991995401,-0.008365231504825488
2019-03-08,0.0,0.002029848036308235,-0.0020308319539486083,-0.0020002332880103557
2019-03-11,0.0,0.005574306922801808,0.014544523244803969,0.014501256436221466
2019-03-12,0.0,-0.013300446269338236,0.002693488009684139,0.0037711300856260177
2019-03-13,0.0,-0.03384189250579661,0.00804274138261181,0.006619284127660885
2019-03-14,0.0,0.015527849912215008,0.000547703432922556,-0.0006395672020843568
2019-03-15,-0.002,-0.03442319850388176,0.005067300682609509,0.0049403413325632695
2019-03-18,0.007493246996782554,0.007493246996782554,0.003943057352340079,0.0036259327631089633
2019-03-19,-0.0367089117213224,-0.0367089117213224,0.00018150829796455807,0.00024789044388073833
2019-03-20,0.00679713203949206,0.00679713203949206,-0.003913816934986574,-0.0030099981613269655
2019-03-21,-0.0551409265180961,-0.0551409265180961,0.008510891809601162,0.011294451848214981
2019-03-22,0.04424016876461856,0.04424016876461856,-0.018539381022287978,-0.019246023999293538
2019-03-25,0.02113482194962213,0.02313482194962213,-0.0010829599908333536,-0.0007521175520046608
2019-03-26,0.0,-0.004529078761311034,0.008934721653515991,0.0074540513379430795
2019-03-27,0.0,0.0014487547066895923,-0.005690602216751229,-0.00522901512947993
2019-03-28,0.0,-0.004893114819996325,0.004663592111803626,0.0037905788294108067
2019-03-29,0.0,-0.007021060127073708,0.008002984607777403,0.00630556012600314
2019-04-01,0.0,-0.01813544791953048,0.010794037373213827,0.01185867178633182
2019-04-02,0.0,-0.007160742436297274,-0.0004321942718449543,0.0004905441013201006
2019-04-03,0.0,-0.039085081706297875,0.0011778711356367913,0.001573067259698524
2019-04-04,0.0,0.00840459886515077,0.0013858218692972338,0.0026535617189069605
2019-04-05,0.0,-0.014503387094217612,0.006154434945097002,0.004840408554858344
2019-04-08,0.0,-0.002677604194504468,0.0005517161942813239,0.0007625744551362779
2019-04-09,0.0,0.015769549350402978,-0.006451564824093229,-0.005125504895775013
2019-04-10,0.0,-0.019648751758220114,0.002846026101424354,0.0034113797351766895
2019-04-11,0.0,-0.03682856037697335,-0.0007189540825176939,-0.00027778387988963704
2019-04-12,0.0,-0.025414517533104752,0.006378592597790686,0.006766011448537279
2019-04-15,0.0,0.012118410868466656,-0.0004946840476734092,-0.0006547809452640552
2019-04-16,0.0,-0.048334987134493135,0.00028842335321919836,0.0006552099642638254
2019-04-17,0.0,-0.024750578518951794,-0.0036806285910361202,-0.0024469797583503983
2019-04-18,0.0,-0.002844582906310844,0.0014457331502172354,0.001969161333717384
2019-04-22,0.0,-0.011279761533335653,1.4512944108030557e-05,0.0008618401349358429
2019-04-23,0.0,-0.006876005935342988,0.008992998974945664,0.008991969888666018
2019-04-24,0.0,0.030556629935525215,-0.0014149285280041482,-0.002219181522050029
2019-04-25,0.0,0.044935477270376833,-0.0014906592093966648,-0.0006162374190685771
2019-04-26,0.0,-0.0019269503925796183,0.0030435201353105693,0.004657215985838237
2019-04-29,0.0,-0.027525473930862132,0.0004556422995234905,0.0015671800356231724
2019-04-30,0.0,-0.0030531914272475813,0.004640371735068527,0.0005107234546040118
2019-05-01,0.0,-0.01786604636985889,-0.00893475764573274,-0.007516818751677756
2019-05-02,0.0,0.011875818267985228,-0.0005598304901311386,-0.0021587110601242188
2019-05-03,0.0,0.0011257611825086222,0.007966059955314604,0.009787776761888134
2019-05-06,0.0,0.0069669313003443145,-0.00358301949544646,-0.004115292576828855
2019-05-07,0.0,-0.005895923658543745,-0.01741948644889385,-0.01669942420149073
2019-05-08,0.0,-0.009463424905969964,-0.0012573766782170697,-0.0013898281794906264
2019-05-09,0.0,-0.005199057986989164,-0.002605270215299475,-0.003025096960361351
2019-05-10,0.0,-0.03687900075770523,0.004042054537678948,0.005022839619524211
2019-05-13,0.0,-0.03422359517793955,-0.0219223271498278,-0.025129676662219103
2019-05-14,0.0,-0.008965685476893692,0.008487197177109407,0.009043379295186948
2019-05-15,-0.002,-0.008195606878520278,0.0035271456453976288,0.0058577666754691116
2019-05-16,-0.00027462903675451455,-0.00027462903675451455,0.007419180036277483,0.00926112114205302
2019-05-17,0.001655943877534538,0.001655943877534538,-0.006389997205027362,-0.006465329007492082
2019-05-20,0.0016264514898384208,0.0016264514898384208,-0.006116257613564588,-0.006612105982378269
2019-05-21,0.008235485050511637,0.008235485050511637,0.009179842262809039,0.009015957341568015
2019-05-22,0.01850573840640557,0.01850573840640557,-0.0026828687388744128,-0.003071872961908695
2019-05-23,0.00707703968442247,0.00707703968442247,-0.011236669354669342,-0.012218605400215798
2019-05-24,0.019349334438037713,0.019349334438037713,0.0008183430278747309,0.002268600432769885
2019-05-28,-0.0070513934799719125,-0.0070513934799719125,-0.011133677526701297,
2019-05-29,0.0010231470428069267,0.0010231470428069267,-0.004443239208388443,-0.006710788659865852
2019-05-30,-0.0010032452278506687,-0.0010032452278506687,0.002149725480510306,0.002731217442790479
2019-05-31,0.003780755157354543,0.003780755157354543,-0.011060917952990109,-0.013475511834856957
2019-06-03,0.0004062198673999706,0.0004062198673999706,0.002219053431830965,-0.002542977293423232
2019-06-04,0.024671280828673647,0.024671280828673647,0.02112193514966713,0.02170668642181317
2019-06-05,-0.0012479372766792673,-0.0012479372766792673,0.0061658761169644215,0.008662107998892665
2019-06-06,-0.00608463197055692,-0.00608463197055692,0.006617755839848586,0.006502880522656129
2019-06-07,0.007635656361952514,0.007635656361952514,0.009582749014147062,0.010007157619338125
2019-06-10,0.009982683937250658,0.009982683937250658,0.004457200510656369,0.0045890151035401505
2019-06-11,-0.012340130257954603,-0.012340130257954603,-0.0010351365329074643,-0.00024248888327504936
2019-06-12,-0.020788151281521117,-0.020788151281521117,-0.0021783458254229253,-0.0017652475347760266
2019-06-13,0.00022577835548143188,0.00022577835548143188,0.005068100677400847,0.004126470153133166
2019-06-14,-0.00948094987238568,-0.00948094987238568,-0.003119319457501258,-0.0011052449516762985
2019-06-17,-0.00815103643563797,-0.00815103643563797,0.0002840009603742052,0.00038020119352588644
2019-06-18,0.029173747597019684,0.029173747597019684,0.01144213257064576,0.010471209116842406
2019-06-19,-0.009228651705536717,-0.009228651705536717,0.003024059916791545,0.0022572919204204567
2019-06-20,0.0194129777317244,0.0194129777317244,0.010401057306196379,0.009553962892766998
2019-06-21,-0.0014370520885747529,-0.0014370520885747529,-0.0013630193614269665,-0.0014536200156030077
2019-06-24,0.04540667846739932,0.04540667846739932,-0.003138477318038383,-0.001224196728944471
2019-06-25,-0.015787350144020162,-0.01378735014402016,-0.008462370358394788,-0.00980788563421009
2019-06-26,0.0,0.02621807394681608,-0.00029764045102671105,-0.0009974255024884915
2019-06-27,0.0,-0.008485143969678366,0.005190484540489529,0.0035458597826336646
2019-06-28,0.0,0.0015164548916486442,0.005493235995381409,0.005145688736279075
2019-07-01,0.0,0.0035215856967283354,0.007304106779760364,0.009078432111766288
2019-07-02,0.0,-0.006304375648260807,0.002034956627509798,0.002604375281710869
2019-07-03,0.0,-0.004543897277881959,0.007350581060534575,0.00799515249943239
2019-07-05,-0.002,0.0034742105761407793,-0.0032663592362523327,
2019-07-08,0.0005861673603377859,0.0005861673603377859,-0.0045211357194993316,-0.005495021364418706
2019-07-09,-0.0035427638740083145,-0.0035427638740083145,0.0011999069323067129,0.0012465845922373653
2019-07-10,-0.014360017740585207,-0.014360017740585207,0.003395455655611802,0.004778097460281794
2019-07-11,-0.01345656001939127,-0.01345656001939127,0.004692797099045649,0.002344440670877024
2019-07-12,-0.020614476813086924,-0.020614476813086924,0.006411946229153909,0.004476633296443211
2019-07-15,-0.0030016687008491694,-0.0030016687008491694,0.0007857398181575723,0.0003326958916114453
2019-07-16,-0.0035279664294808333,-0.0035279664294808333,-0.0029699361905097975,-0.003224905136594236
2019-07-17,0.019286848908737553,0.019286848908737553,-0.006408905106205181,-0.006805243093483071
2019-07-18,0.018859169682000188,0.02085916968200019,0.00647494000005167,0.0036611673856004057
2019-07-19,0.0,-0.014518744557555863,-0.005151483422729794,-0.005555342007758202
2019-07-22,0.0,-0.014181626828691507,0.00382249242138417,0.00245682428068017
2019-07-23,0.0,-0.011988651558802133,0.008432539487134467,0.007149720671915993
2019-07-24,-0.002,0.0017541779103242838,0.004815264556639045,0.004699553489903696
2019-07-25,-0.002202078556155951,-0.002202078556155951,-0.0041293072981440915,-0.004777275545609805
2019-07-26,-0.017404717260628644,-0.015404717260628642,0.005521037441145318,0.006700186044746426
2019-07-29,0.0,0.009788279412667689,-3.510701739177296e-05,-0.001821026250557356
2019-07-30,0.0,-0.0346261738085083,-0.0017326978264060808,-0.002454569722514899
2019-07-31,-0.002,-0.0037242784569924137,-0.010900764660829438,-0.010940461431315773
2019-08-01,0.0420117775704002,0.0440117775704002,-0.008026682938692228,-0.008708079572200322
2019-08-02,0.0,0.016614357221034215,-0.005877924042857637,-0.0075295055416301215
2019-08-05,0.0,0.021435381822202504,-0.029894657371901348,-0.030072893844279247
2019-08-06,0.0,-0.021890166707178027,0.014262978977603062,0.014022583310908887
2019-08-07,-0.002,0.011596341378878328,-5.760460170250948e-05,0.0005909063990841013
2019-08-08,-0.01941735771173847,-0.01941735771173847,0.01753357154775339,0.019619944109428022
2019-08-09,-0.007893259196209533,-0.009893259196209533,-0.005309899021938346,-0.006811382384964704
2019-08-12,0.0,-0.013067224192238602,-0.011891527432651466,-0.012173282173378652
2019-08-13,0.0,0.0046329179665903775,0.014552163660141304,0.015551474281267463
2019-08-14,-0.002,-0.016254969503528283,-0.028814905693506476,-0.029567521852193024
2019-08-15,0.0005177862516633769,0.0005177862516633769,0.002597158046928967,0.0026418989017598093
2019-08-16,0.009456378195454973,0.009456378195454973,0.015396405678845673,0.014754841462113921
2019-08-19,-0.00017496528402083378,-0.00017496528402083378,0.012450235563634152,0.012048020345536203
2019-08-20,-0.012335701402962862,-0.012335701402962862,-0.007968932891582433,-0.007662424458928951
2019-08-21,-0.00332449376350763,-0.00332449376350763,0.010108260082260876,0.00813519505580862
2019-08-22,0.008856715120382774,0.008856715120382774,-0.0006436875718549166,-0.0003079608576883608
2019-08-23,-0.004402060705373467,-0.004402060705373467,-0.026036716515886633,-0.025687536225232566
2019-08-26,-0.00420646979809125,-0.00420646979809125,0.009932771157419511,0.01105872016609677
2019-08-27,-0.008263185850995891,-0.008263185850995891,-0.0037317551862169848,-0.00392357978624025
2019-08-28,0.0011784880508041162,0.0011784880508041162,0.0078979873909276,0.007041339373446753
2019-08-29,0.020712307077473513,0.020712307077473513,0.012721078334371192,0.012772843597409933
2019-08-30,0.005669243880555008,0.005669243880555008,0.001616495315122548,-0.00044401718117181854
2019-09-03,-0.014003109136627112,-0.014003109136627112,-0.006104280867772529,
2019-09-04,0.01002172759656772,0.01002172759656772,0.011739012842883012,0.011350270963230491
2019-09-05,0.022300241405104226,0.022300241405104226,0.012320188045674923,0.012855312425565257
2019-09-06,-0.0067096907995494726,-0.0067096907995494726,0.001120709957388402,0.0007724034546878755
2019-09-09,0.02482467601636723,0.02482467601636723,-0.0003848392466137282,0.0005033970776366914
2019-09-10,0.00199489328071523,0.00199489328071523,4.1799184613958016e-05,-0.00023486861504218304
2019-09-11,-0.007239226492683937,-0.007239226492683937,0.005854471486982196,0.007111132932769326
2019-09-12,0.0007315475060267751,0.0007315475060267751,0.0026592327326103904,0.0034637653780553723
2019-09-13,0.011632475835046119,0.011632475835046119,-0.0007158387950868935,-0.0006639781400042954
2019-09-16,-0.0324897193658753,-0.0324897193658753,-0.00028214705835439386,-0.003088806999360205
2019-09-17,0.014956855018694704,0.014956855018694704,0.002886731170123189,0.0025321419814714474
2019-09-18,0.004835001577929154,0.004835001577929154,-0.0010275127821779758,0.0005982475501746798
2019-09-19,-0.0026341632002391258,-0.0026341632002391258,0.0008515604555552116,-6.673229613562981e-05
2019-09-20,-0.013330583151141995,-0.013330583151141995,-0.0035260477932172038,-0.0047246917758153595
2019-09-23,-0.012379426476448296,-0.012379426476448296,-0.0005663989575083689,-0.0002348570622829893
2019-09-24,-0.0005010897829572647,-0.0005010897829572647,-0.008227945384344189,-0.007846656713716982
2019-09-25,0.012787035973744754,0.012787035973744754,0.0042280616519768015,0.005914464326773228
2019-09-26,-0.014854460978300565,-0.014854460978300565,-0.0016899539798386353,-0.002082590576314436
2019-09-27,-0.021063609756013957,-0.021063609756013957,-0.007359040362643585,-0.005387515332347825
2019-09-30,-0.0027099048415955007,-0.0027099048415955007,0.0045726111023072355,0.004637664347187487
2019-10-01,0.008634592380719619,0.008634592380719619,-0.014058611553950025,-0.011894433239768687
2019-10-02,-0.01274110124634098,-0.01274110124634098,-0.01772705056477629,-0.01766501254622599
2019-10-03,-0.022135674677332906,-0.022135674677332906,0.008828409692832488,0.008193039791753787
2019-10-04,0.003498634922180388,0.003498634922180388,0.014548650032208116,0.013532098318382646
2019-10-07,0.004793865857945612,0.004793865857945612,-0.003735380860535523,-0.0043148067217302355
2019-10-08,-0.018214368603868047,-0.018214368603868047,-0.017252444578830763,-0.015524479998968665
2019-10-09,0.018284849438263476,0.018284849438263476,0.009866795634352466,0.009496175275015561
2019-10-10,-0.005600705579650811,-0.005600705579650811,0.006784867148460528,0.006763674816503196
2019-10-11,-0.0026295840076142607,-0.0026295840076142607,0.01072801509426376,0.010366739021017146
2019-10-14,-0.008908133423605191,-0.008908133423605191,-0.0009852603122791177,-0.0011139091334743112
2019-10-15,0.0048591013593776156,0.0048591013593776156,0.011987843069734473,0.009900401089782518
2019-10-16,-0.020419867640405542,-0.020419867640405542,-0.003106847231029267,-0.0016060547995105923
2019-10-17,-0.006460574953218223,-0.006460574953218223,0.0036508425840166125,0.002949283357939869
2019-10-18,0.029285396237432093,0.029285396237432093,-0.0021638748222594767,-0.0043773885488498365
2019-10-21,-0.012557571595483707,-0.012557571595483707,0.007809885551957143,0.006779229349531901
2019-10-22,-0.021230903109623223,-0.021230903109623223,0.0009825841650709121,-0.0032667834145981844
2019-10-23,0.014434349777601552,0.014434349777601552,0.0001396196816094708,0.0029096524434537585
2019-10-24,0.02158896028380136,0.02158896028380136,0.0029440027604500925,0.0016342157310977878
2019-10-25,0.002970443332951822,0.002970443332951822,0.004948946636638321,0.004095043087839256
2019-10-28,0.008004442007541135,0.008004442007541135,0.0048052942963808755,0.005636251114669255
2019-10-29,0.007974773840006444,0.007974773840006444,0.00032393486853743875,-0.0002968024292205884
2019-10-30,-0.001674763225868181,-0.001674763225868181,0.004078188032861614,0.0030670161721364497
2019-10-31,-0.0008408613362922424,-0.0008408613362922424,-0.004030270558580567,-0.0026629576962006185
2019-11-01,-0.018575258728480815,-0.018575258728480815,0.0099267261756628,0.009263900520870338
2019-11-04,-0.007833206783051938,-0.007833206783051938,0.004877381217354005,0.004017861962881453
2019-11-05,-0.028116718093253834,-0.028116718093253834,-0.002950150029151524,-0.0011063089125681325
2019-11-06,0.007572994599298388,0.007572994599298388,0.0017554837422425825,0.00022783434882933662
2019-11-07,0.003056225514062651,0.001056225514062651,0.0037983839307382376,0.003516789730328096
2019-11-08,0.0,-0.00855954114420654,0.004076390289669057,0.002466291642954088
2019-11-11,0.0,0.007858624525614255,-0.0038559982186187947,-0.0019100989275344649
2019-11-12,0.0,-0.003893032388150086,0.0020062252450108163,0.0021081269041423045
2019-11-13,-0.002,0.022196114501119912,0.0013344489289568461,0.0003238548396815588
2019-11-14,-0.013640290683449628,-0.011640290683449628,0.0003999909958459109,0.0014554018837296123
2019-11-15,0.0,-0.06779675545284214,0.009775697203758307,0.007236797159934749
2019-11-18,-0.002,-0.0014935224679835102,0.0001364890154295128,0.0007373243973136656
2019-11-19,-0.007757409465389942,-0.007757409465389942,-0.0012049358323584043,-0.00028839966399496486
2019-11-20,-0.01118879543876472,-0.01118879543876472,-0.0006450509253020326,-0.003718595996727192
2019-11-21,0.0025353754796573202,0.0025353754796573202,-0.00018092187528036908,-0.001608857485441706
2019-11-22,-0.005220538084903414,-0.005220538084903414,0.0017964978293167173,0.002223679358829056
2019-11-25,-0.024745526151421227,-0.024745526151421227,0.007726147966040066,0.007750532993536341
2019-11-26,0.006763853283565213,0.006763853283565213,0.001897928149178535,0.002265613656796228
2019-11-27,-0.0010138991100950845,-0.0010138991100950845,0.0028293856229974134,0.004457304133715478
2019-11-29,0.005629248281926902,0.005629248281926902,-0.00409868899097466,
2019-12-02,0.0023454782475283986,0.0023454782475283986,-0.009321129708226815,-0.00849484115699728
2019-12-03,0.004755364159573006,0.004755364159573006,-0.006775946226393838,-0.006706864563003401
2019-12-04,-0.008570926861189987,-0.008570926861189987,0.007889735389924069,0.006171075322159991
2019-12-05,-0.0073635050512550464,-0.005363505051255046,0.0009775454978684978,0.0017972908847669888
2019-12-06,0.0,0.012037589734777532,0.010400342074004122,0.009134313495839486
2019-12-09,0.0,0.0019515302333305042,-0.003257773203199707,-0.003144002288884229
2019-12-10,0.0,0.0009991444365899937,-0.0005543265785471672,-0.0011152777470336828
2019-12-11,0.0,-0.01622175435438633,0.003983920001315275,0.0028385867501994344
2019-12-12,0.0,0.0005994893705105753,0.009693368202810228,0.008619200811824657
2019-12-13,0.0,0.005197176749773658,-0.00012146095102054952,0.0005993048701629089
2019-12-16,0.0,-0.0008553353392599661,0.007894747498829438,0.006869861859793547
2019-12-17,0.0,0.00013148718753797084,0.0007710725836866938,0.00021925870500338895
2019-12-18,-0.002,0.01002368978217244,-0.0012822805566697992,6.237529558350552e-05
2019-12-19,0.00037790694401457214,0.00037790694401457214,0.0047831419283190305,0.004098782797227418
2019-12-20,8.804005527973668e-05,8.804005527973668e-05,0.006353377404522296,0.004384121894396298
2019-12-23,0.0006908488782789712,0.0006908488782789712,0.0006898494933702713,0.0015278285600552888
2019-12-24,0.0015552360998069004,0.0015552360998069004,-0.00020390423302206871,3.124136030097091e-05
2019-12-26,0.0018383507239235763,0.0018383507239235763,0.0033139492106208064,0.005323403279404504
2019-12-27,-0.0008004688502998847,-0.0008004688502998847,0.00015367249850489816,-0.000248080029973341
2019-12-30,-0.0002588404387156573,-0.0002588404387156573,-0.005728511238350547,-0.005512859909259427
2019-12-31,-0.001977800314553968,-0.001977800314553968,0.002382143497528447,0.00242910739240787
2020-01-02,-0.012568527581359346,-0.012568527581359346,0.008199090644343448,0.009351789912421804
2020-01-03,0.010435791262882356,0.012435791262882356,-0.00523482292582269,-0.00757227000527716
2020-01-06,0.0,0.006389265017958334,0.002528423163676579,0.003815075440077198
2020-01-07,-0.002,-0.004580110214753408,-0.0012234836106282492,-0.002811542642041198
2020-01-08,0.008109202448119525,0.010109202448119525,0.0040244994510842845,0.005329651553022341
2020-01-09,0.0,0.005673391920124674,0.006370946445941736,0.006780363397271838
2020-01-10,0.0,-0.003971755092122997,-0.0029628613690897837,-0.00287749278674565
2020-01-13,0.0,0.00022829435340654403,0.0058098417811612915,0.006877171303073526
2020-01-14,0.0,0.004152126783482479,-0.0001904655242869312,-0.0015244855654367173
2020-01-15,0.0,-0.0036962794645094554,0.002106517347319006,0.002259880288253635
2020-01-16,0.0,-0.009884399043041614,0.008064535173925474,0.008318302628151697
2020-01-17,0.0,-0.013623429135863563,0.0036646929130564666,0.0031120761211140824
2020-01-21,0.0,0.0133405171031577,-0.003384413178818844,
2020-01-22,0.0,-0.0029817687358745792,0.0008249526861627864,0.00012075806890821106
2020-01-23,0.0,-0.017621259459008665,0.0005526570200326327,0.0011468605477540361
2020-01-24,0.0,-0.017876842749662836,-0.009191449516799649,-0.008893113667338137
2020-01-27,0.0,0.005613576677525989,-0.016111671518457032,-0.016029143712046112
2020-01-28,0.0,-0.0017937763232311887,0.009209519688048206,0.010478929468863418
2020-01-29,0.0,-0.007709711993529822,-0.0035062591496628085,-0.0008259081344557107
2020-01-30,0.0,-0.04692766900020123,0.0022424254868273776,0.003245221875514348
2020-01-31,0.0,-0.0024748472201774896,-0.019463612400055997,-0.018157721932919202
2020-02-03,0.0,-0.006702336047851809,0.005715545775533197,0.007428454649215599
2020-02-04,0.0,-0.005280617422406819,0.014780396848655054,0.015241609472705475
2020-02-05,0.0,0.010747236482700595,0.01526726383064665,0.011547656932102912
2020-02-06,0.0,0.009559006456298091,0.0027114832020065857,0.0033648750244015257
2020-02-07,0.0,-0.01315263913250786,-0.006019265648208501,-0.005329808266187341
2020-02-10,0.0,0.0022247174070280686,0.005879740012047137,0.007465504171587423
2020-02-11,0.0,-0.014298608621909015,0.005653479503436514,0.0017330073569326032
2020-02-12,0.0,0.0041498707441831595,0.008022735231972661,0.006442610064467225
2020-02-13,0.0,0.001623043135461466,-0.0011604489466512655,-0.0010666129265369806
2020-02-14,0.0,-0.01243233837318014,0.0012394315928778413,0.0016018766462377876
2020-02-18,0.0,0.020368801606780118,-0.0033724911278861804,
2020-02-19,0.0,-0.001328298028646424,0.0053732540485064975,0.0047812352389864365
2020-02-20,0.0,0.00996186729378723,-0.003883193851256769,-0.0041085310074704395
2020-02-21,0.0,-0.014243039491937393,-0.007653043601239187,-0.010298013360473313
2020-02-24,-0.002,-0.016718525885283886,-0.03190344209109107,-0.033165692592439955
2020-02-25,-0.013454721445139593,-0.011454721445139593,-0.031217172695433767,-0.030301680192721392
2020-02-26,0.0,-5.860070226670899e-05,-0.004613124217500127,-0.0036783539524404274
2020-02-27,-0.002,-0.002231875172024056,-0.04296373978318263,-0.044911762611163475
2020-02-28,0.003129066233792277,0.003129066233792277,-0.0069244984572647324,-0.004201500076430942
2020-03-02,0.013676480448919783,0.015676480448919783,0.04477549762999907,0.04330647021424783
2020-03-03,0.0,-0.014516104135282704,-0.025933725550896635,-0.02863233946525645
2020-03-04,0.0,-0.018934483938491065,0.0457485839287793,0.04203294261787005
2020-03-05,0.0,0.024866301269251267,-0.03232067144702331,-0.03324195738418545
2020-03-06,0.0,-0.002911134149082839,-0.016784882185545923,-0.016530850574630995
2020-03-09,-0.002,0.04222201693383121,-0.0828363629265142,-0.07809437842198652
2020-03-10,-0.0282365769655486,-0.0282365769655486,0.048801043317649985,0.05174469524622194
2020-03-11,0.028705459972326323,0.028705459972326323,-0.04927953228075676,-0.04874833316479277
2020-03-12,-0.06303815434958526,-0.06303815434958526,-0.09492912406143872,-0.09567723550939344
2020-03-13,-0.013544792507870884,-0.013544792507870884,0.09437375205728776,0.0854865311911659
2020-03-16,0.01356542279436912,0.01356542279436912,-0.11787894377426716,-0.10942381361524844
2020-03-17,-0.03907184900377847,-0.03907184900377847,0.06478349879694209,0.05399219969006119
2020-03-18,-0.02631773695292705,-0.02631773695292705,-0.055859423792963235,-0.05063311390128877
2020-03-19,0.059190033423046295,0.059190033423046295,0.007324238451294017,0.0021248900286026107
2020-03-20,-0.04391844300011749,-0.04391844300011749,-0.04340240970956012,-0.043094062972396596
2020-03-23,-0.021528606142007134,-0.021528606142007134,-0.04019174254568688,-0.025568282493394823
2020-03-24,0.06675920348805864,0.06675920348805864,0.10607100207754884,0.09060334106854229
2020-03-25,0.04083795998488826,0.04083795998488826,0.017918413630411086,0.014970201421633966
2020-03-26,-0.00017399747072999183,-0.00017399747072999183,0.06676384712040047,0.05838979312131398
2020-03-27,-0.0231421291595032,-0.0231421291595032,-0.03253950140694919,-0.02978558043242363
2020-03-30,0.05618323728177188,0.05618323728177188,0.03400619182029465,0.03247551536754334
2020-03-31,0.08393753387575786,0.08393753387575786,-0.016195217522959146,-0.01490534128891896
2020-04-01,-0.007983402096970682,-0.007983402096970682,-0.043204374770495414,-0.045005030268669866
2020-04-02,0.01908873273416023,0.01908873273416023,0.03101622520841248,0.02307571507415962
2020-04-03,0.014942501330195257,0.014942501330195257,-0.017141509117545944,-0.014454410018077901
2020-04-06,-0.01287994733329878,-0.01287994733329878,0.06824828535543043,0.06716657094489231
2020-04-07,0.04132300137422373,0.04132300137422373,-0.001639363732397196,0.001019170996988672
2020-04-08,-0.018339423071850325,-0.018339423071850325,0.03959470377134169,0.03356869958572428
2020-04-09,-0.02159075985636205,-0.02159075985636205,0.012307020304054473,0.015217442656741298
2020-04-13,0.02008314708472884,0.02008314708472884,-0.015031782953525199,-0.009130539415697969
2020-04-14,-0.02096394729653428,-0.02096394729653428,0.026751439665910315,0.029492901195321997
2020-04-15,-0.00013845454743854901,-0.00013845454743854901,-0.02696439993148889,-0.021248003563016815
2020-04-16,-0.02017514617488362,-0.02017514617488362,0.0030582195822729473,0.004823991347400192
2020-04-17,0.005118969683230043,0.005118969683230043,0.03530677277470485,0.02701584410906399
2020-04-20,0.001402030765703369,0.001402030765703369,-0.020077285132465,-0.017618159823657775
2020-04-21,0.011678045426541642,0.011678045426541642,-0.0298433276368908,-0.0303630620751828
2020-04-22,-0.0002310110312771698,-0.0002310110312771698,0.024561002633026817,0.02219412188289649
2020-04-23,0.023047249750720034,0.023047249750720034,-0.001350821805105845,-7.131250820791024e-05
2020-04-24,-0.0047852802161183474,-0.0047852802161183474,0.01272097458261387,0.013938674042727195
2020-04-27,-0.01279858695139265,-0.01279858695139265,0.018301624118403522,0.014418356861996884
2020-04-28,0.011147819053514585,0.011147819053514585,-0.0020059095900406706,-0.0045981252268142425
2020-04-29,-0.02746846413707508,-0.02746846413707508,0.02329620905169126,0.02617811807765169
2020-04-30,0.03063985752627322,0.03063985752627322,-0.013034526399764417,-0.009310645569349463
2020-05-01,0.004857052781453021,0.004857052781453021,-0.029431002468945717,-0.026473379187840207
2020-05-04,-0.0012972973399077263,-0.0012972973399077263,0.001857550909728008,0.002758406514643985
2020-05-05,0.0038911959118642643,0.0038911959118642643,0.011205648233194782,0.009239211202931807
2020-05-06,-0.0007687617054514817,-0.0007687617054514817,-0.01182727160359077,-0.006778646488240003
2020-05-07,0.0021302297203558513,0.0021302297203558513,0.012110363837437478,0.012066524708473025
2020-05-08,-0.011405518940437176,-0.011405518940437176,0.0202770057411509,0.01654620752623548
2020-05-11,0.012192225814243585,0.012192225814243585,-0.0009685116276316653,0.0002056047020266849
2020-05-12,0.0076922031636290095,0.00969220316362901,-0.020890776276225913,-0.019932141580729534
2020-05-13,0.0,0.011281864536502928,-0.01853853399465938,-0.017685693614033826
2020-05-14,-0.002,-0.012430446561317532,0.01335106524348338,0.011967626587205737
2020-05-15,0.008120326163724658,0.010120326163724658,-0.0013100257588759424,0.00459667615047743
2020-05-18,-0.002,-0.05537590975144613,0.03766003372139532,0.030459649475738093
2020-05-19,-0.004386973019966767,-0.004386973019966767,-0.014244007380748464,-0.010271216952976725
2020-05-20,-0.017104108478545377,-0.017104108478545377,0.017367960601531268,0.016988322121342936
2020-05-21,-0.018827446393375857,-0.018827446393375857,-0.007874284829450367,-0.006903842000377858
2020-05-22,-0.008683719507582732,-0.008683719507582732,0.0036692333189737797,0.0018990619654539742
2020-05-26,-0.05774235370699843,-0.055742353706998427,0.01683132178621992,
2020-05-27,0.0,-0.015492362535011961,0.02096805175013048,0.014879077027982301
2020-05-28,-0.002,0.013420924930419353,-0.001805522267630624,-0.0018447229392358766
2020-05-29,0.01606929435714405,0.01606929435714405,0.004182952794031725,0.004455737668086934
2020-06-01,0.009542190689681429,0.009542190689681429,0.0005181615398080282,0.004041692743636416
2020-06-02,0.019657362658943134,0.019657362658943134,0.01136343416714957,0.008279953322475775
2020-06-03,-0.040454981977177396,-0.040454981977177396,0.017294971485421202,0.013308502434713265
2020-06-04,-0.016984790912191128,-0.016984790912191128,-0.001537807216013597,-0.0026269776215238627
2020-06-05,7.349868991729513e-05,7.349868991729513e-05,0.02935227182852534,0.025629965682611555
2020-06-08,-0.006655082538814749,-0.006655082538814749,0.013303268653618864,0.012087348892465766
2020-06-09,0.02075953065241465,0.02075953065241465,-0.0111956536438273,-0.007456948331390323
2020-06-10,-0.003343307520097479,-0.003343307520097479,-0.011160491564492461,-0.005579861448436141
2020-06-11,-0.053540946557618874,-0.053540946557618874,-0.062477540532606776,-0.057648676157977974
2020-06-12,0.016057649814869235,0.016057649814869235,0.013921646726909521,0.011975248991342058
2020-06-15,0.0014912439344976214,0.0014912439344976214,0.007592930372561377,0.00933571580639847
2020-06-16,0.001753268819739917,0.001753268819739917,0.01997903710081976,0.01924746246896958
2020-06-17,0.018385042418621045,0.018385042418621045,-0.003863963260270268,-0.004153689607363953
2020-06-18,0.008847990751458479,0.008847990751458479,-0.0017753858154927295,0.0003849936828275169
2020-06-19,-0.004647626763209066,-0.0026476267632090655,-0.005290091174883278,-0.00571499877622117
2020-06-22,0.0,0.01166514790627704,0.0022509078297085357,0.0064154035989894
2020-06-23,0.0,-0.010427177615397798,0.002315825550408464,0.004603532476432859
2020-06-24,0.0,-0.06568709463788491,-0.027654879273594418,-0.02550851648337027
2020-06-25,0.0,0.02508398622080943,0.012999357217039575,0.010720208022004796
2020-06-26,0.0,-0.022933928615955113,-0.02321814136765465,-0.023751223548862388
2020-06-29,0.0,0.014551942373416393,0.014640106277708351,0.014697684408884637
2020-06-30,0.0,0.013885768628375761,0.016036458713724958,0.012809029344387213
2020-07-01,0.0,-0.03956612753519184,0.0020845367927727182,0.007004929985713337
2020-07-02,0.0,0.013334043863642897,0.005357570912368494,0.005507318877807199
2020-07-06,0.0,0.03502643220054513,0.011753390776424304,
2020-07-07,0.0,-0.02995766479708062,-0.010502146396415371,-0.010314166303515115
2020-07-08,0.0,-0.0029546043966152125,0.00570033246312503,0.007648964340159159
2020-07-09,0.0,-0.026281859444711064,-0.011959650114262059,-0.005692939947537057
2020-07-10,0.0,0.0062896212780703155,0.011358852435300517,0.010210394895278085
2020-07-13,0.0,-0.0022813065650457154,-0.005155602290356794,-0.008659082303175136
2020-07-14,0.0,0.008989364815096712,0.016371681583140365,0.012959154032097242
2020-07-15,0.0,0.014006703877410043,0.01015889889937111,0.009187133908385547
2020-07-16,0.0,0.002447850913341376,-0.0016988803746049862,-0.003293473033786354
2020-07-17,0.0,-0.011062740282142158,0.005463599576413663,0.0028994407304212544
2020-07-20,0.0,-0.006156102017224496,0.00010810563164053826,0.008081498146027988
2020-07-21,0.0,0.023120390458059137,0.008332401480428511,0.00212719819613727
2020-07-22,0.0,-0.025130792207450514,0.005254826949724874,0.005692310239800991
2020-07-23,0.0,0.01396842166641038,-0.006675471590515078,-0.011931927671168685
2020-07-24,0.0,-0.006043854063091492,-0.008221588676311639,-0.006440151969852925
2020-07-27,0.0,0.03750997077027873,0.005543731051521352,0.0072921204722282695
2020-07-28,0.0,-0.005764442263434422,-0.003786061355904642,-0.0063419556069274075
2020-07-29,0.0,0.00479390476596997,0.010577878781606903,0.012298471201320327
2020-07-30,0.0,-0.040153007831742915,-0.006873833115252703,-0.0035680106626490016
2020-07-31,0.0,-0.010421002543752389,-0.0015381305043310578,0.007902362720520362
2020-08-03,0.0,-0.0036962292292038734,0.003484639790356479,0.006952201528788393
2020-08-04,0.0,0.008993667454206156,0.005221702484286278,0.0038624207487378825
2020-08-05,0.0,0.0054274779081275315,0.007062230533618962,0.0062109300613122365
2020-08-06,0.0,-0.004687935573083668,0.001860259589273747,0.006684441161713295
2020-08-07,0.0,-0.018091368812263642,0.007948962813594277,0.0007180104056858649
2020-08-10,0.0,0.004509279310531248,0.007154710689040982,0.002989033920366868
2020-08-11,0.0,-0.028452014034389905,-0.004094253368328932,-0.008255017943323839
2020-08-12,0.0,0.021377554428688272,0.011947069430427568,0.013942892416986208
2020-08-13,0.0,0.0066777558651069935,-0.005742665279323228,-0.0018079177029245441
2020-08-14,0.0,-0.00577638778240952,0.0005173514504898993,2.958819738640983e-05
2020-08-17,0.0,0.008490040200886506,0.000607366732725014,0.003176790757867476
2020-08-18,0.0,0.008546702441450282,-0.0013536793971290395,0.002160211544021573
2020-08-19,0.0,-0.02697048584335815,-0.002930532894662358,-0.004163469418546395
2020-08-20,0.0,0.01200869499919166,-0.0033044140948745816,0.00311351708331431
2020-08-21,0.0,0.006028271696473464,0.002000202334725899,0.00354714854725513
2020-08-24,0.0,-0.027092946540213547,0.010418291560730805,0.010132942268904932
2020-08-25,0.0,0.00828119510689651,0.002441920321180533,0.0034995415352587766
2020-08-26,-0.002,-0.0007374058980711418,0.0016967364227989978,0.010025467680585542
2020-08-27,0.005049862234686177,0.007049862234686177,0.004097081000516094,0.0021866731456983146
2020-08-28,0.0,0.0018510261535558126,0.008126601470641362,0.006459585934542655
2020-08-31,0.0,0.005893398549449924,-0.005847689108459997,-0.0036227345235200215
2020-09-01,0.0,0.0069102082759829875,0.0021256876473478453,0.009418681983675015
2020-09-02,0.0,0.02634460070889988,0.018391089640736418,0.014463792374572071
2020-09-03,-0.002,-0.012592344160934132,-0.026850610121922823,-0.03441443616843454
2020-09-04,-0.0035291938858280636,-0.0035291938858280636,-0.004466605055858954,-0.008164495270969518
2020-09-08,-0.015740201133991216,-0.015740201133991216,-0.023793556437268857,
2020-09-09,0.023474612397822118,0.023474612397822118,0.01701362602028976,0.019747245545930214
2020-09-10,0.0041760810603092,0.0041760810603092,-0.017294971431734387,-0.01736362660459556
2020-09-11,0.007754870520968182,0.007754870520968182,0.0061131050875047116,0.0005093188738112264
2020-09-14,-0.0047417030655831915,-0.0047417030655831915,0.01432005641436829,0.01317110916220754
2020-09-15,0.005868896929944634,0.005868896929944634,0.00246122727524616,0.005052490404871657
2020-09-16,0.0038117642684266095,0.0038117642684266095,0.0033649426596042372,-0.003968565934280077
2020-09-17,-0.008875640396610485,-0.008875640396610485,-0.004553397830168593,-0.008795301381045895
2020-09-18,-0.00024323705663225996,0.00175676294336774,-0.009139466920307145,-0.011512874481496516
2020-09-21,0.0,-0.02998152429540646,-0.01622779366744714,-0.011129501780748119
2020-09-22,0.0,-0.0044745191021337005,0.005709673174057936,0.010184204798066032
2020-09-23,0.0,-0.006483187607912555,-0.01922981147379198,-0.023190890457225444
2020-09-24,0.0,0.0004485264207408912,0.002083354689312334,0.0026655973647589093
2020-09-25,0.0,0.00037660713950754543,0.011665629641629585,0.016166879856216232
2020-09-28,0.0,0.014077348359467556,0.014982307356890918,0.016609320375997383
2020-09-29,0.0,-0.00024245324961102988,-0.005407608404202749,-0.005446151015987444
2020-09-30,0.0,-0.006724613930367274,0.007490347232271854,0.007582102526727086
2020-10-01,0.0,-0.017845250741471586,0.0013305634117816848,0.006419933420497292
2020-10-02,0.0,1.2144496494503887e-05,-0.0022886971142769617,-0.009494301553782392
2020-10-05,0.0,0.005666805224188498,0.017616094322007173,0.01773316550042625
2020-10-06,0.0,-0.018544063440531666,-0.011072012915480264,-0.014215961583577963
2020-10-07,0.0,0.012058208574407814,0.016827753431279378,0.017406444338035065
2020-10-08,0.0,-0.007395844884328647,0.011276979974911628,0.00886261805924482
2020-10-09,0.0,0.0033284074797683694,0.005533255956928861,0.00893019303819731
2020-10-12,0.0,-0.007917112565040574,0.009792152164542694,0.016087528733351508
2020-10-13,0.0,0.00920452658996862,-0.006571197552207364,-0.006526100128708134
2020-10-14,0.0,0.0034090595900385656,-0.004998926283470642,-0.006283572046888453
2020-10-15,0.0,0.020126353837298716,0.0007104163378777349,-0.001235541327725742
2020-10-16,0.0,-0.04959342902008518,0.0017231445820471974,-0.0006044426535032343
2020-10-19,0.0,0.015480003196808922,-0.014647044174253688,-0.015203476332495525
2020-10-20,0.0,0.026053140784929985,0.002769054492635864,0.00400577962262183
2020-10-21,0.0,-0.02791770510646313,-0.004898311196835084,-0.0018929013309282317
2020-10-22,0.0,-0.019395514160079952,0.00855069505682684,0.0054856712771753635
2020-10-23,0.0,-0.003335940764004619,0.0019172450953318754,0.0033948487440631503
2020-10-26,0.0,-0.008216115383586575,-0.019047766961592476,-0.01847983790633201
2020-10-27,0.0,0.006133012633916579,-0.009722474908026057,-0.0034478438667328026
2020-10-28,0.0,-0.005141391954206431,-0.0305062761340048,-0.03417862072811262
2020-10-29,0.0,0.020703533834892263,0.010623774192554638,0.01016378584182731
2020-10-30,0.0,-0.006787003001000547,-0.00473762772549164,-0.01042521392054041
2020-11-02,0.0,-0.004308274617220609,0.017127760846452657,0.011208683710250966
2020-11-03,0.0,-0.02099136611056951,0.0182709362759688,0.017655582859598784
2020-11-04,0.0,-0.08941645303886248,0.022035404511533522,0.02234947568259238
2020-11-05,0.0,-0.006593006240182275,0.014568517845058412,0.019502517539754516
2020-11-06,0.0,0.013413540168043473,-0.0009307685847464304,-0.00022815211992999185
2020-11-09,0.0,0.03093753675246029,0.0216081439391539,0.012565593347890536
2020-11-10,0.0,0.026118477646757753,0.0065109071329121125,-0.0014667393954891361
2020-11-11,0.0,-0.013074405834189652,0.0033901557061627187,0.007428582430021757
2020-11-12,0.0,-0.0015628892998110766,-0.01121183832337171,-0.00970074975603874
2020-11-13,0.0,-0.01726337336825856,0.015523473872012389,0.01384456203181239
2020-11-16,0.0,0.027652480817625873,0.015150170196766562,0.012482406018594627
2020-11-17,0.0,0.019688502626673467,-0.005288165744373417,-0.00537823454497921
2020-11-18,0.0,0.013200842264541731,-0.011774775185747455,-0.012034772421649742
2020-11-19,0.0,0.008908699399188516,0.002690742986949024,0.004210227954487111
2020-11-20,0.0,-0.008646204173423802,-0.005610315115719419,-0.00684782522245142
2020-11-23,0.0,0.007963890035469452,0.01291496992702742,0.005994388426275865
2020-11-24,0.0,0.022647912815970707,0.015258416648488093,0.01611348436812987
2020-11-25,0.0,-0.011992242078278979,-0.00285521201452232,-0.0015418141828320575
2020-11-27,0.0,-0.00879643808520843,0.0019064937175002487,
2020-11-30,0.0,-0.00397136118687306,-0.007132246061527678,-0.004427195475979251
2020-12-01,0.0,-0.005458206608980998,0.007351400765175678,0.010937490861130161
2020-12-02,0.0,0.01598186558022078,0.003700716561162324,0.002103606840491823
2020-12-03,0.0,0.007978546167720868,-0.0002285284661456365,-0.0002724347539061478
2020-12-04,0.0,0.00923462232920021,0.014276753036892803,0.008617420200658588
2020-12-07,0.0,0.0026486514819939275,-0.004783619762994335,-0.0020548944626639365
2020-12-08,0.0,0.0056952826413666155,0.004140130076987431,0.00292629120515131
2020-12-09,0.0,0.017561234361888,-0.002934038175427713,-0.008969037958498904
2020-12-10,0.0,0.0015431884675730645,-0.002134207445095592,-0.00032704863590238276
2020-12-11,0.0,-0.004068463910904041,-0.001264126163473355,-0.0011723828677275838
2020-12-14,0.0,0.005506846438749546,-0.007680100859178725,-0.004477248190131289
2020-12-15,0.0,0.01239320932967991,0.012049361963796542,0.013519464150272942
2020-12-16,0.0,0.0012252457343281953,-0.0009467835795638309,0.001569314243964115
2020-12-17,0.0,-0.00870216799488166,0.005450808111239934,0.005591659742195221
2020-12-18,0.0,0.006449652601096756,-0.004108121579832257,-0.003992468576698993
2020-12-21,0.0,-0.004759968109530888,-0.005802370611362282,-0.003575630451966294
2020-12-22,0.0,0.005019654187516653,-0.005405760541917886,-0.001685452834906953
2020-12-23,0.0,0.015626468450004483,0.002186696926247544,0.0008986075351327116
2020-12-24,0.0,-0.013985331407963542,0.0029939485321898635,0.003890320585506757
2020-12-28,0.0,-0.025777084018002383,0.0037290517483682044,0.008590969405827042
2020-12-29,0.0,-0.003854727651498746,-0.0017485484225445978,-0.001907794478037128
2020-12-30,0.0,-0.006511453049646954,0.004430511987799086,0.00142670674395462
2020-12-31,0.0,-0.0007586676604346421,0.008381148008118922,0.0050810868549917565
2021-01-04,0.0,0.0022908873840190025,-0.012737773506586758,-0.013614074715615598
2021-01-05,0.0,0.039028380117811734,0.009085654076355925,0.0068870508649017115
2021-01-06,0.0,0.03401754036811788,0.012239534753458951,0.005978739813463196
2021-01-07,0.0,-0.008807393914453399,0.010508620518893464,0.014857223498696781
2021-01-08,0.0,-0.008134266599551295,0.00345219785067729,0.005698023030574317
2021-01-11,0.0,-0.00998740864185832,0.0016275606802494738,-0.006740952765800667
2021-01-12,0.0,0.013894567707610883,0.0027712842906926724,0.00021107299732525675
2021-01-13,0.0,-0.008928304336338622,0.0009379922387995123,0.0026931788922832656
2021-01-14,0.0,-0.0016525516920392613,0.0010395416694858252,-0.0035021997405926264
2021-01-15,0.0,-0.025691036921519084,-0.006387298491131277,-0.00729253932666829
2021-01-19,0.0,0.011636968728848451,0.00724352649145697,
2021-01-20,0.0,-0.005233082150088997,0.007071508429779904,0.013838750851755677
2021-01-21,0.0,0.0024731104149910976,-0.0031279676180644817,0.0009114721906573475
2021-01-22,0.0,-0.016221767297675105,-0.0056680943317013194,-0.003539328251344065
2021-01-25,0.0,-0.011587499625925757,0.0007389041480507488,0.0039440404570278975
2021-01-26,0.0,0.009367245338254948,-0.004063663792891408,-0.0015610298648532916
2021-01-27,0.0,-0.007814258936090668,-0.02652453348931465,-0.024440515450774747
2021-01-28,0.0,0.018386001366355487,0.012316779124705078,0.008600417238990854
2021-01-29,0.0,-0.023372956221340058,-0.015613115534173183,-0.02002000788030589
2021-02-01,0.0,0.009734010976768959,0.010823779826220754,0.01664597434567683
2021-02-02,0.0,0.008662822109089419,0.015181932040965379,0.014140126016365828
2021-02-03,0.0,-0.0011323132214471343,2.689169100917151e-05,0.0007861519133223194
2021-02-04,0.0,0.0032672448027062373,0.010916141896107663,0.011365916040147583
2021-02-05,0.0,-0.001385892435755487,0.0027674261366440653,0.003935915239356325
2021-02-08,0.0,0.004217546575115971,0.010663822403406211,0.007221632127951905
2021-02-09,0.0,0.0013448281120095364,-0.0005121720462070288,-0.0006656877934373417
2021-02-10,0.0,0.019669361346052516,0.0008738987472368896,-0.00043564475804114267
2021-02-11,0.0,-0.004190289381207857,0.0026819320979831794,0.001614953114414286
2021-02-12,0.0,0.031755546060770135,0.004449150417556215,0.004940012090932866
2021-02-16,0.0,0.0426620392749249,0.0002808791991825375,
2021-02-17,0.0,-0.004015552030363967,0.0019245037007363886,0.00022936600414524833
2021-02-18,0.0,-0.01862653498118677,-0.004237592589244755,-0.004256110580953876
2021-02-19,0.0,0.016353101492728173,-0.0004715245359729364,-0.001766118040671505
2021-02-22,0.0,0.03994157635670492,-0.00020665373245153286,-0.007691610449311104
2021-02-23,0.0,0.015013676125548603,0.0004980057650226382,0.0012144603700365852
2021-02-24,0.0,0.02634974504311982,0.01359987446765461,0.011019257044037056
2021-02-25,0.0,-0.016519239331525992,-0.01896963091320828,-0.02409574922134161
2021-02-26,0.0,-0.043119086548987495,-0.009688757316490559,-0.005152475441719817
2021-03-01,0.0,0.0063003281788091,0.02082127265158095,0.024240101708707273
2021-03-02,0.0,-0.0009717174436842946,-0.005981541543184446,-0.00780324922402631
2021-03-03,0.0,0.03844529903966032,-0.007611304476223668,-0.0132457545276089
2021-03-04,0.0,0.04326334728232778,-0.01069021388630921,-0.012374625448494325
2021-03-05,0.0,-0.002164606601697816,0.021653050664827315,0.01839650766181511
2021-03-08,0.0,-0.007953467031872774,-0.0003866400410755514,-0.00497870544898138
2021-03-09,0.0,-0.014036382800684089,0.008692060355125264,0.014277441714594552
2021-03-10,0.0,0.01537728654407633,0.0060706620366673385,0.0062245596812262605
2021-03-11,0.0,0.012014743973575274,0.007442206061812553,0.010139141185048217
2021-03-12,0.0,-0.0269353847816155,0.0035577240697878165,0.0013467777801594583
2021-03-15,0.0,0.009027794306280423,0.0065463147765753415,0.005963553968804547
2021-03-16,0.0,0.02608162134386527,-0.0015479562976126611,-0.0012611919984872877
2021-03-17,0.0,0.04045412885373667,0.0022492697266799882,0.0034097847582215124
2021-03-18,0.0,-0.0543121698860789,-0.010388372278002028,-0.014549557387515621
2021-03-19,0.0,0.013043524486251235,-0.0005847453450000641,-0.0018503017123772114
2021-03-22,0.0,-0.008444486985162758,0.006293091621148994,0.007984832199972702
2021-03-23,0.0,-0.08300673332832076,-0.008462375362530729,-0.007870804111569152
2021-03-24,0.0,-0.027801789935792964,0.0002687073003995265,-0.0050831889601657965
2021-03-25,0.0,0.006192434135546376,0.006807341197488257,0.00562542313976766
2021-03-26,0.0,0.03162004427630061,0.022348250940865795,0.016114779683412905
2021-03-29,0.0,-0.03156244772733563,-0.000540382648891109,-0.0005051507378592834
2021-03-30,0.0,0.014833017933759463,-0.005066941673068816,-0.002652821644356096
2021-03-31,0.0,0.019445330432481867,0.0007337799834157816,0.0040533373267690465
2021-04-01,0.0,0.05610507760435546,0.010414690608201752,0.010799154323527294
2021-04-05,0.0,-0.0016601875404766986,0.009948737743197725,0.014353081711325988
2021-04-06,0.0,-0.003139631829958023,-0.002661773026165227,-0.0005905996704020922
2021-04-07,0.0,0.0032691769573618412,0.00022998879947851915,0.001157395802032557
2021-04-08,0.0,0.01035222851081774,0.002235562073921724,0.004746678120897574
2021-04-09,0.0,0.006589002477012773,0.007119260383565558,0.0072699870583039505
2021-04-12,0.0,-0.0049899971092837135,-0.00030221430009519216,0.0003646427279395681
2021-04-13,0.0,0.0035610398335610416,-0.000274576501757963,0.0029637862812514904
2021-04-14,0.0,0.01316272418670228,0.0012448430599469884,-0.003415264904159998
2021-04-15,0.0,0.004178026230315934,0.008891565842873645,0.01074248119700627
2021-04-16,0.0,0.030307756673532804,0.0034871756002679624,0.0033426917647303434
2021-04-19,0.0,0.017151669897649602,-0.005154034251429269,-0.004913198146008657
2021-04-20,0.0,0.015388788843428647,-0.005594828725802448,-0.007321793091087936
2021-04-21,0.0,0.009203467484696692,0.010651730017669439,0.009462440538551498
2021-04-22,0.0,-0.014243157734939782,-0.009329211947455632,-0.009133243985180228
2021-04-23,0.0,0.004588962458019541,0.008627075793716332,0.010842431622041016
2021-04-26,0.0,-0.0008194219537192016,-0.00022126207024270755,0.0020877167267929764
2021-04-27,0.0,-0.06936950562636102,0.0018427716885365847,-0.00021562650469675315
2021-04-28,0.0,-0.008692838352653665,-0.0009046778002178964,-0.0002874067019561499
2021-04-29,0.0,-0.02102955083336,0.00795811122955329,0.0063728374669562715
2021-04-30,0.0,0.022550373576280425,-0.006624404188376406,-0.006570460750794593
2021-05-03,0.0,-0.031816449558071946,0.007763900862373819,0.002156686479641623
2021-05-04,0.0,0.013150025962594847,-0.0016025865261084064,-0.0061693532744931945
2021-05-05,0.0,0.01710075654805987,0.0038254276347490807,0.0003126621040807631
2021-05-06,0.0,-0.00885086003011204,0.007781328902229674,0.007985676225960026
2021-05-07,0.0,-0.004104152522243609,0.008538625524102934,0.007278176308876283
2021-05-10,0.0,0.013846165723017778,-0.0052435105763508575,-0.009902701659786017
2021-05-11,-0.002,0.007685680970457524,-0.010067001559766203,-0.008924621564583735
2021-05-12,0.007140654284379823,0.009140654284379823,-0.01844055338229888,-0.021245155455538067
2021-05-13,-0.002,0.009781336110498584,0.013306230938501709,0.012012536962524578
2021-05-14,0.015212299038147805,0.017212299038147805,0.011762957746734259,0.015355436504410847
2021-05-17,0.0,0.00996909710567151,-0.000932490734694481,-0.0025444875388537236
2021-05-18,-0.002,-0.015295234777457867,-0.008701523985323971,-0.008615647834881002
2021-05-19,-0.0104855610504333,-0.0104855610504333,-0.0019845984177636116,-0.0026219369281029747
2021-05-20,-0.01070186135601725,-0.01070186135601725,0.009109205203342168,0.010757906850919152
2021-05-21,-0.0004075159268002171,-0.0004075159268002171,0.0014835457077379934,-0.0008187904581258287
2021-05-24,0.015400444076803965,0.015400444076803965,0.00600519607199286,0.010194435703381854
2021-05-25,0.0012656850324906932,0.0012656850324906932,-0.004048932896904721,-0.002218908023355781
2021-05-26,0.0021305914622367084,0.0021305914622367084,-0.0002550634471526382,0.00198459218377689
2021-05-27,0.022965973118295735,0.022965973118295735,0.003004952468591862,0.0005250417898001736
2021-05-28,-0.007952286549153476,-0.007952286549153476,0.0016825810484988532,0.0017890613490143537
2021-06-01,0.011204230861128983,0.011204230861128983,0.0004846933695612026,
2021-06-02,-0.016365005202218397,-0.016365005202218397,0.0043287619265453435,0.0015725602017222506
2021-06-03,-0.01303425670558922,-0.01303425670558922,0.0003706290949493275,-0.0037112310503648605
2021-06-04,0.004620618164718926,0.004620618164718926,0.006839698540273557,0.009145563952133395
2021-06-07,-0.0023471815362396953,-0.0023471815362396953,0.0012839691259932662,-0.0009701300350363207
2021-06-08,0.003722829497901481,0.003722829497901481,-0.0021440136158054905,0.00021336516931436122
2021-06-09,-0.026351439255624443,-0.026351439255624443,-0.001552762753430142,-0.0014919932804697833
2021-06-10,-0.027220305434564437,-0.027220305434564437,0.00519436831469571,0.004648329227758374
2021-06-11,-0.01292626523526974,-0.01292626523526974,0.000763924667363018,0.0016525140369887392
2021-06-14,-0.01098882137840601,-0.01098882137840601,0.0003169491652217283,0.002238853909886984
2021-06-15,0.000685414952447061,0.000685414952447061,0.0005039723337770565,-0.0018339878435850165
2021-06-16,0.0012495319221754175,0.0012495319221754175,-0.006609676427573135,-0.005583403761890704
2021-06-17,-0.0048600019548658,-0.0048600019548658,-0.003836775705067727,-0.0003315060949741211
2021-06-18,-0.00471370771760099,-0.00471370771760099,-0.015855116140376078,-0.01349072525771644
2021-06-21,0.010187283715148654,0.010187283715148654,0.016572659681446823,0.01431611742420813
2021-06-22,-0.011311153283323327,-0.011311153283323327,0.0028053953424751962,0.0053461366216074335
2021-06-23,-0.005458386800203274,-0.005458386800203274,-0.0020686689063585772,-0.0012053171039989596
2021-06-24,-0.0008222745759129957,-0.0008222745759129957,0.00683794855237946,0.005915814587514445
2021-06-25,-0.07891809235902969,-0.07891809235902969,0.005833983757580421,0.003551822207917388
2021-06-28,0.002436341618191451,0.002436341618191451,-0.0013448999221035173,0.0020161157285416564
2021-06-29,-0.013596221613601911,-0.013596221613601911,-0.0002127897050801415,0.0005380091273177179
2021-06-30,-0.0003957889379892481,0.001604211062010752,0.0030873010836744643,0.0008417848563524455
2021-07-01,0.0,0.00039149758907369714,0.005564433004587208,0.00553670055163602
2021-07-02,0.0,-0.007049651964021242,0.00474093722202206,0.0076434513123049275
2021-07-06,0.0,-0.014828306805524327,-0.0056592781645747065,
2021-07-07,0.0,0.004594132239805204,0.0025693870433520396,0.003534082934134153
2021-07-08,0.0,-0.0048848433715199535,-0.007892175610139034,-0.008147939199584231
2021-07-09,0.0,0.011256956608255542,0.011646704888642095,0.01067471711000767
2021-07-12,0.0,-0.00945124553077253,0.003695974195418018,0.003581836166601793
2021-07-13,0.0,0.006535530977413551,-0.0033464417213934757,-0.003408861812509767
2021-07-14,0.0,-0.004454096654144091,-0.0008115513165715985,0.0014921855825880126
2021-07-15,0.0,0.018217194421691674,-0.0015010979978355944,-0.0034156505542094484
2021-07-16,0.0,0.004817897277979544,-0.007810763709972543,-0.007843521390621166
2021-07-19,0.0,-0.00032799733425903366,-0.015341633435880103,-0.014767914398245985
2021-07-20,0.0,0.008214892163941112,0.014103561930124957,0.014330484222957462
2021-07-21,0.0,0.00614083232841689,0.009457366107461913,0.008096327310927132
2021-07-22,0.0,-0.018910947807883494,-0.0008286072883898839,0.0020941498938575887
2021-07-23,0.0,-0.0006381830366319896,0.007848397915188385,0.010288006296156116
2021-07-26,0.0,-0.001691004711171118,0.0011557713731896405,0.0024545729162173124
2021-07-27,0.0,0.019706462780629375,-0.002163900071964867,-0.004557265863146309
2021-07-28,0.0,-0.007948693606226742,-0.0013794322255307333,-0.0004103100484058597
2021-07-29,0.0,0.009502625436155876,0.0051230854512388764,0.004147525798680052
2021-07-30,0.0,0.06881439645903253,-0.003022406929449816,-0.004856443465781846
2021-08-02,0.0,0.0020943271373725647,-0.0020246857877537897,-0.0020980803091427136
2021-08-03,0.0,0.008304721084363864,0.009455693221226955,0.008135363739558032
2021-08-04,0.0,-0.005670417712587916,-0.006597979919118792,-0.004918832438413179
2021-08-05,0.0,-0.006270253773452472,0.004192064847828524,0.006332913028143317
2021-08-06,0.0,0.018442751470484908,0.0029074135340359853,0.0016525857635920627
2021-08-09,0.0,-0.007506174792243692,-0.002740504788615056,-0.0008137224376491003
2021-08-10,0.0,0.003261004489307665,0.0020163414972326553,0.001244158360000025
2021-08-11,0.0,-0.007277803176660269,0.004222557315212616,0.002484707105805395
2021-08-12,0.0,-0.013811304974821859,0.00026093478626822413,0.0029970058707591285
2021-08-13,0.0,-0.008032648528416675,0.001274017569812089,0.0018198046309636506
2021-08-16,0.0,0.012843247097625965,0.004418838407424173,0.0023544897789451458
2021-08-17,0.0,-0.009414478004368898,-0.004588447046008605,-0.00655496923321186
2021-08-18,0.0,-0.010644147159718509,-0.012243305679955312,-0.010945063778079023
2021-08-19,0.0,-0.007537764428234672,0.0002177169089621518,0.0015481850228675764
2021-08-20,0.0,-0.009278612991870605,0.005624851598644428,0.007957196478910689
2021-08-23,0.0,-0.004404447337538864,0.00711021252295659,0.008796651088617713
2021-08-24,0.0,0.004725887848002375,0.0003295275897508691,0.0015873273765925067
2021-08-25,0.0,-0.0020809746123212625,0.0019599349639916096,0.002098054318219411
2021-08-26,0.0,-0.006926903833558651,-0.004588229841954579,-0.005902911205498018
2021-08-27,0.0,0.005384187788645911,0.008142602262120057,0.008940904679250128
2021-08-30,0.0,-0.004810207536236233,0.001376149387800351,0.004397612828321407
2021-08-31,0.0,0.010087565232115181,-0.0006749045149907253,-0.0014816498355489927
2021-09-01,0.0,-0.016157792859068043,-0.001207818454087135,0.0005315613172975908
2021-09-02,0.0,0.004527523400720823,0.0066230573429585885,0.003076824321431193
2021-09-03,0.0,-0.01896477813029862,-0.001556546602902956,-0.0002429033823085902
2021-09-07,0.0,0.018200292430711695,-0.00852245507883492,
2021-09-08,0.0,-0.0037347010411916126,-0.0005338928003946867,-0.0012183011851083503
2021-09-09,0.0,-0.0007413361230229586,-0.005264786229617353,-0.004280325883481817
2021-09-10,-0.002,-0.006890324758860089,-0.004436636973240298,-0.00788443606517475
2021-09-13,-0.017639310566454514,-0.015639310566454512,0.004590219126297793,0.0025592574618737984
2021-09-14,0.0,-0.015132935426255267,-0.006677521134245529,-0.005396512266189757
2021-09-15,0.0,-0.00499856474286009,0.009372584343902528,0.00835258860236432
2021-09-16,0.0,0.01379243567887889,-0.003929815173310167,-0.0015852765657520251
2021-09-17,0.0,0.00672711696414674,-0.007774089795165186,-0.009740946827468844
2021-09-20,0.0,0.02729371974936723,-0.014559503370457772,-0.01667405503376218
2021-09-21,0.0,0.004922386396039813,-0.0011339199426383879,-0.000944863113999439
2021-09-22,0.0,-0.013822892431114786,0.007650014612828558,0.009754860970601076
2021-09-23,0.0,-0.0008845716157430683,0.012527659156900926,0.012150278310831819
2021-09-24,0.0,0.0016811500000964985,0.0005440406994980621,0.00164710987508343
2021-09-27,0.0,-0.03558030751272312,-0.0006821099203676979,-0.0028610907896690074
2021-09-28,0.0,-0.012128410859852501,-0.015361195445480886,-0.020151811591692326
2021-09-29,0.0,0.03656108714509343,0.0023453304925903132,0.0016831110976700536
2021-09-30,0.0,0.029395385433664933,-0.014220064240483235,-0.01222213802323524
2021-10-01,0.0,-0.013034499761959917,0.01054549970770306,0.011884022246787529
2021-10-04,0.0,-0.012086550579614608,-0.008649059254850702,-0.012895888315082038
2021-10-05,0.0,-0.01155320517337155,0.009191035094720088,0.010404768775599926
2021-10-06,0.0,-0.013703960560941808,0.00353137894104766,0.00415598007600626
2021-10-07,0.0,0.009096199748697575,0.008426748855048965,0.008645858756022307
2021-10-08,0.0,-0.021822305320498666,0.0006049096697281058,-0.0018238554340180846
2021-10-11,0.0,-0.00984189795175705,-0.006855778140567975,-0.007239673407291258
2021-10-12,-0.002,0.00650776026572486,-0.0028440081992739865,-0.0024615731053959644
2021-10-13,0.006166387946727303,0.006166387946727303,0.002344289044780096,0.0035977808480194273
2021-10-14,0.014793774081381272,0.014793774081381272,0.016354487437584286,0.016820677262739725
2021-10-15,-0.009187906530558232,-0.009187906530558232,0.007171656602649578,0.007615690555295984
2021-10-18,-0.010008659251446672,-0.010008659251446672,-0.0011072203310289364,0.0029604054732448315
2021-10-19,-0.023408660187470898,-0.021408660187470896,0.009604684862059969,0.007714727706608304
2021-10-20,0.0,0.010902736749715869,0.006909876735011878,0.0039280416311158195
2021-10-21,0.0,-0.009545692136225026,0.0019137448505410068,0.0026081357999041543
2021-10-22,0.0,-0.004120275403645568,0.002322825284278172,-0.0010363538873379152
2021-10-25,0.0,-0.010217149141265036,0.0038724290323578305,0.0053631343649536145
2021-10-26,0.0,0.12137137671195375,0.002075279479502727,0.0009000340503093618
2021-10-27,0.0,-0.00975678487402698,-0.010521543847335906,-0.004430502938974956
2021-10-28,0.0,-0.06283341361707073,0.010303531023122287,0.00964883926486304
2021-10-29,0.0,-0.013349227988648793,0.0012440969574965704,0.0020293900617125438
2021-11-01,0.0,0.002822530525003586,0.0006982260528806733,0.0017201309746417426
2021-11-02,0.0,0.016230993433067886,0.0040720986156795305,0.004043107949599056
2021-11-03,0.0,0.0029006668734328223,0.0034275903292440594,0.006105193960543431
2021-11-04,0.0,-0.02030916435126162,0.003851287908249499,0.004712437935020075
2021-11-05,0.0,0.00014131773417114246,0.004946773412535331,0.003469777325439738
2021-11-08,0.0,-0.012437023900483731,0.0018348178919232576,0.0008535810150545053
2021-11-09,0.0,-0.008005480783708885,-0.00046852170150165,-0.003305231697075972
2021-11-10,0.0,-0.003838051160532485,-0.005444003267060323,-0.008045023480795721
2021-11-11,0.0,0.012159699774454413,-0.0007450715236608015,0.00032366764210345345
2021-11-12,0.0,-0.016565172395707428,0.0054298249628744995,0.007546705733423753
2021-11-15,0.0,0.00836824342328002,3.5775242645023705e-05,0.00034257659355541037
2021-11-16,0.0,0.006190846911238834,0.002101220664381581,0.003957757027168718
2021-11-17,0.0,-0.02357816635762977,-0.005276391872764487,-0.0024290649553078136
2021-11-18,0.0,-0.005905109399641284,-0.0007989094935990022,0.003396188883219242
2021-11-19,0.0,-0.021090796529125044,-0.005115990876722478,-0.001788170277321588
2021-11-22,0.0,0.037298330115628775,0.0005450823160364933,-0.0028149957096245126
2021-11-23,0.0,0.012281512701898034,0.006885001172527733,0.0013258121864463401
2021-11-24,0.0,-0.0010283748991629649,0.0019755379625843515,0.0026698570215253348
2021-11-26,0.0,-0.032613781709418754,-0.023113229345997396,
2021-11-29,0.0,-0.005194261458984495,0.009153776107529711,0.012266584732087304
2021-11-30,-0.002,-0.01197600653944153,-0.021042169168115056,-0.019457471018968553
2021-12-01,-0.024642814684153524,-0.022642814684153523,-0.006807296659758669,-0.0111072920145604
2021-12-02,0.0,0.03816835713683475,0.015903779124503442,0.015316306266445201
2021-12-03,0.0,-0.03242261041132799,-0.0009570562552437294,-0.008701213192099932
2021-12-06,0.0,0.000869123370217828,0.01271379152974981,0.011843272073160271
2021-12-07,0.0,0.011662736027378662,0.016818774578322614,0.020684671465569515
2021-12-08,0.0,-0.021265671107243086,0.0012100905461408034,0.0026482320488685485
2021-12-09,0.0,0.0022509141195274363,-0.002716977739721636,-0.006751774827889134
2021-12-10,0.0,0.029075886359506142,0.00831749921480792,0.009413623986361142
2021-12-13,0.0,-0.01006607869684778,-0.004866386846563349,-0.008858384853369317
2021-12-14,0.0,-0.0018052836226036262,-0.0052812994425843925,-0.0068801329395368205
2021-12-15,0.0,0.007829362389034755,0.013460429688877954,0.015625040710015137
2021-12-16,0.0,0.027785231837083202,0.0008733325198274588,-0.00881844988224667
2021-12-17,0.0,-0.03448583026633917,-0.012014343726263504,-0.010642949602871488
2021-12-20,0.0,0.0202149197952754,-0.009656829519531122,-0.010633285457753994
2021-12-21,0.0,-0.009603332137747778,0.014793098118334248,0.017758894972869976
2021-12-22,0.0,0.0008108854455071146,0.007804376035040247,0.009998724170688034
2021-12-23,0.0,-0.005968740961312224,0.005683196450650374,0.006222141145135307
2021-12-27,0.0,0.020515424411822025,0.012652156843985298,0.014152233968346417
2021-12-28,0.0,-0.01406870516348796,0.0011183725637993554,-0.0008172525028187216
2021-12-29,0.0,-0.0003152654242908337,0.003305174763668328,0.001279314004598353
2021-12-30,0.0,0.0025305515147630575,-0.003309109108449217,-0.0027646169613971816
2021-12-31,0.0,0.013333104839629017,-0.0003366634145483115,-0.002520311557461019
2022-01-03,0.0,-0.016597872632441613,0.0021968678159727637,0.005790024979276387
2022-01-04,0.0,0.009415401055016037,0.005983508469222725,-0.0003349376216964517
2022-01-05,0.0,0.010716592932546898,-0.011316982955014475,-0.019202080263943877
2022-01-06,0.0,0.016161511654120275,0.0009676972300237443,-0.0009394433549949621
2022-01-07,0.0,0.008884102955827537,-0.0018624682690026226,-0.003953499651120906
2022-01-10,0.0,0.005167862973364912,-0.0023656526196087755,-0.00124444468007745
2022-01-11,0.0,0.0015132056548692319,0.0075395676043772475,0.009108288854373647
2022-01-12,0.0,0.015160842874545222,0.0005076285192836076,0.0027035177708931712
2022-01-13,0.0,-0.02554903136290032,-0.00800558634547674,-0.013778729098172016
2022-01-14,0.0,-0.0145912871579702,-0.00026457214380383166,0.0004091152988403568
2022-01-18,0.0,-0.026721229605369157,-0.014937883909308924,
2022-01-19,0.0,0.017903397459214654,-0.008276246651815549,-0.01038344825071158
2022-01-20,0.0,0.023224010515401128,-0.010008556893122252,-0.01106818891090977
2022-01-21,0.0,0.00015101329986710876,-0.012848037196786396,-0.01963050902424812
2022-01-24,0.0,0.00648066566317651,0.003364039231555157,0.004246580661091182
2022-01-25,0.0,-0.019803204650742923,-0.0055348721293767104,-0.012208770680913306
2022-01-26,0.0,-0.02446508131563574,-0.0037591403506673925,-0.0025089776062185987
2022-01-27,0.0,-0.0534351335073,-0.0038675689000781275,-0.004937920932494788
2022-01-28,0.0,0.02586523978571187,0.019427190294663027,0.024835422743690216
2022-01-31,0.0,0.015444097152363945,0.012235104679420773,0.0180111541202308
2022-02-01,0.0,-0.004713180339755096,0.006944418177325468,0.00675696281972149
2022-02-02,0.0,0.017139927599572502,0.009969778143266978,0.009713813584020459
2022-02-03,0.0,-0.00811708161533653,-0.017201015142017304,-0.023504878857332212
2022-02-04,0.0,0.011799466283308191,-0.0005331097921943835,0.00470227503533005
2022-02-07,0.0,-0.006877638450954793,-0.0013356279100132467,-0.0032091148542974235
2022-02-08,0.0,-0.04784866974898505,0.005493999544361809,0.00822788615201131
2022-02-09,0.0,-0.00921775901087818,0.012505842283807958,0.014635846575973055
2022-02-10,0.0,0.006420777664962185,-0.016344949992202932,-0.017965603335885594
2022-02-11,0.0,0.008971360254050875,-0.012670190468991108,-0.0197186726955052
2022-02-14,0.0,-0.0011634508006093114,-0.007108816841763416,-0.003269371593251136
2022-02-15,0.0,0.004940190477541018,0.011764918740585798,0.016126895234763294
2022-02-16,0.0,-0.008624346362212876,0.0012378189345393354,0.0011207642625397085
2022-02-17,0.0,0.004922007793662697,-0.01600619022750405,-0.02136124994257571
2022-02-18,0.0,0.009195737083054212,-0.006817098949494744,-0.006475117824097376
2022-02-22,0.0,-0.0014512208354674483,-0.00830858555861347,
2022-02-23,0.0,-0.0012063532882060635,-0.012930915606568484,-0.01773873194773945
2022-02-24,0.0,-0.01783309708631753,0.007479066910361905,0.015049140995790244
2022-02-25,0.0,-0.007674035854524197,0.022963268952339303,0.022064049375030592
2022-02-28,0.0,-0.0427750842023612,-0.001567283681311597,-0.002558438159106946
2022-03-01,0.0,-0.0010313647913379187,-0.011283727365276792,-0.015230347028304059
2022-03-02,0.0,-0.020818475105431222,0.01970645131626518,0.018396180794461925
2022-03-03,0.0,-0.007000975830853129,-0.000624253238285683,-0.004978467578256929
2022-03-04,0.0,-0.010536851055576335,-0.00030080630010929,-0.008124741148684222
2022-03-07,0.0,-0.0392711023748038,-0.024288805671081423,-0.029479206306143202
2022-03-08,0.0,-0.02952183326584079,-0.009114379560260646,-0.007581563376803269
2022-03-09,0.0,0.03269819369134375,0.02037383348831157,0.026810794681630945
2022-03-10,0.0,-0.019548232779159288,-0.0028766059979387784,-0.0045156138957274106
2022-03-11,0.0,0.014423335803172954,-0.010437991103408591,-0.012714964841215926
2022-03-14,0.0,-0.04123591610094879,-0.0029341626589900055,-0.0073083142640151255
2022-03-15,0.0,-0.04589758304580871,0.016892174926933262,0.02199045123348653
2022-03-16,0.0,-0.012296683758135196,0.016422136460351105,0.022174094093128538
2022-03-17,0.0,0.015640727909361107,0.01490173651890142,0.012511101651833334
2022-03-18,0.0,-0.01424559914131951,0.00651896657868093,0.01095256889548879
2022-03-21,0.0,0.030403517000865132,0.0007497013562048134,-0.00029232947580937196
2022-03-22,0.0,-0.00670852570515823,0.006321521408474294,0.011701485247705534
2022-03-23,0.0,0.018919385462063842,-0.012503361832103191,-0.0128785796742934
2022-03-24,0.0,0.008336613032369211,0.011931042556231862,0.015074535678928358
2022-03-25,0.0,0.006675315355409828,0.006763859860078927,0.004883595399161278
2022-03-28,0.0,-0.022115875253523376,0.003576701326405404,0.007113042463376296
2022-03-29,0.0,0.007573231080282183,0.010097608620006185,0.012370803311621437
2022-03-30,0.0,-0.02665078970360496,-0.0038723050226432904,-0.006174779007170006
2022-03-31,0.0,0.021688152560189244,-0.013746637605184837,-0.015391425232649247
2022-04-01,0.0,-0.014410747043619443,0.0032083503008903265,0.002834076379180095
2022-04-04,0.0,0.0022649138186985884,0.0021305715366521224,0.008566728325488215
2022-04-05,0.0,-0.032822078891575235,-0.009537419482099786,-0.012631385045150267
2022-04-06,0.0,-0.005586563235397135,0.000323011941159835,-0.009999338115811884
2022-04-07,0.0,-0.023835370061059014,0.0065235449584630095,0.005039024565172356
2022-04-08,0.0,0.004481895628250913,0.0017219291484770359,-0.002674015019612175
2022-04-11,0.0,-0.026323943481995293,-0.014437701830271965,-0.017092026434385232
2022-04-12,0.0,0.023236926749887865,-0.003511952065897634,-0.0037055517257944537
2022-04-13,0.0,-0.016949815179454042,0.007975257936814365,0.01145367294947075
2022-04-14,0.0,0.04737231240372608,-0.0059401763087043495,-0.012451660311553092
2022-04-18,0.0,0.02751457685178116,-0.0010610203470878886,0.0004111398539634603
2022-04-19,0.0,-0.042829070330537955,0.014112730943372604,0.01614243023893147
2022-04-20,0.0,0.020125098077292347,0.005569045198529247,-0.0007412952973633313
2022-04-21,0.0,0.016246942460534264,-0.01281193596880688,-0.014953450997945095
2022-04-22,0.0,0.01939532873566996,-0.0271396978868652,-0.02743926532059504
2022-04-25,0.0,-0.035558930098252395,0.002309027028678222,0.0057974637722231215
2022-04-26,0.0,0.03481545078074921,-0.020658153248740374,-0.028960854314340034
2022-04-27,0.0,0.0059915411867079715,0.0019358380109954537,0.0028119865503255514
2022-04-28,0.0,-0.05066933149356845,0.02380644444176607,0.025259362683311526
2022-04-29,0.0,0.0290642263932529,-0.032489415905367316,-0.03695568353179468
2022-05-02,0.0,0.00022047323964646814,0.002473167263551697,0.00601933851159564
2022-05-03,0.0,0.026048517283210337,0.0056263145875452975,0.00458419034208335
2022-05-04,0.0,0.003275156951527247,0.028652074015222517,0.030452844300888904
2022-05-05,0.0,0.04516708534277125,-0.028360343912298074,-0.035542818549794464
2022-05-06,0.0,0.042106213279814786,-0.002908208443247581,-0.00596880642435671
2022-05-09,0.0,-0.011264985815852335,-0.029701441105043323,-0.032017350522893895
2022-05-10,0.0,-0.01251497308204241,-0.001658982921339023,0.0023105615121166156
2022-05-11,0.0,0.0055274487621505,-0.008429131452305751,-0.01588624810252437
2022-05-12,0.0,-0.021958865240124803,0.0036316778000794105,-0.0010438389239677548
2022-05-13,0.0,-0.0007128105693458009,0.0200106306145072,0.023907888227555407
2022-05-16,0.0,0.02000445886805513,-0.0002297036731145984,-0.0040577561762171754
2022-05-17,0.0,0.0033372729041649674,0.017680883885599262,0.02057041823395256
2022-05-18,0.0,0.0204706839267641,-0.03693956033236511,-0.040311451028862466
2022-05-19,0.0,-0.005854639925005012,-0.007656794083609206,-0.006124644366883092
2022-05-20,0.0,0.0007950906105592681,0.003724879565316631,0.0004366095528771652
2022-05-23,0.0,-0.02485084181834929,0.017123837121864556,0.01871002993371862
2022-05-24,0.0,0.013544269465170178,-4.8552688145134224e-05,-0.007633684410299546
2022-05-25,0.0,-0.009879640215994634,0.00841951267187546,0.008834770615664844
2022-05-26,0.0,-0.03498443041238808,0.017643472512531674,0.019981573240658523
2022-05-27,0.0,-0.019890054424232972,0.02159131662203287,0.02454898336621003
2022-05-31,0.0,0.012536989033151258,-0.007645680751452208,
2022-06-01,0.0,0.0012108252723381785,-0.009321214636824891,-0.008088612713119447
2022-06-02,0.0,-0.010947599521104134,0.015115628933691139,0.019043557445834525
2022-06-03,0.0,0.005125900965280872,-0.010371653526454508,-0.016411446527712648
2022-06-06,0.0,-0.027221443326179484,0.0005233443677180044,0.0030446898218787766
2022-06-07,0.0,0.009813106391963311,0.010089813230565875,0.009592323685175153
2022-06-08,0.0,0.03374275785315306,-0.013523444999004538,-0.010872297421410937
2022-06-09,0.0,-0.006877642407613679,-0.021621820796329714,-0.023782744596971495
2022-06-10,0.0,0.010671741677632851,-0.02511525931206653,-0.02899600739997188
2022-06-13,0.0,-0.009733424948017877,-0.03453375585550619,-0.03796787223867615
2022-06-14,0.0,0.04240926818294233,-0.004416845467636236,-0.0030136037869499255
2022-06-15,0.0,-0.012411683040292276,0.010543231043719448,0.014256385714310538
2022-06-16,0.0,0.030906224931587012,-0.02890134032034658,-0.033096020798069725
2022-06-17,0.0,-0.01973044562012982,-0.001803872762829125,0.002156106190152718
2022-06-21,0.0,0.012990396827591733,0.024273134224880644,
2022-06-22,0.0,0.004886614919151988,-0.002031314638288335,-0.0018128705895391617
2022-06-23,0.0,0.007468562614183494,0.007070611809765017,0.0098027806225367
2022-06-24,0.0,-0.009518062625855528,0.028842678177748098,0.031793679269967345
2022-06-27,0.0,0.013752678898228177,-0.0013768410636670386,-0.0038196568613420023
2022-06-28,0.0,0.01310959195218131,-0.014141567164014308,-0.020432781351897744
2022-06-29,0.0,-0.015667407567228064,-0.0030942506061760865,-0.0008144650899203354
2022-06-30,0.0,-0.010164378775508687,-0.0046334192190566935,-0.008124390414028682
2022-07-01,0.0,0.0026647046409269404,0.007719029664749769,0.010576448843111486
2022-07-05,0.0,-0.0035545825905450856,-0.0048992784162077445,
2022-07-06,0.0,0.029179695405893713,0.0027500278790183255,0.0033771494705501226
2022-07-07,0.0,0.009940412195110104,0.013163793976830426,0.014977345725625257
2022-07-08,0.0,0.014465174893129262,-0.0011600266776813591,-0.0008227233603484985
2022-07-11,0.0,0.005965492760224511,-0.00787659396400001,-0.011423564973347622
2022-07-12,0.0,-0.0005823191338638588,-0.008835629359939475,-0.008848846891437945
2022-07-13,0.0,0.0029726096085008757,-0.0055593787985102035,-0.0052519445211876015
2022-07-14,0.0,0.008057400432518347,-0.003973122882490139,-0.0024282986114660954
2022-07-15,0.0,-0.017933125029036212,0.019634916205864522,0.01910491150444371
2022-07-18,0.0,0.021785625317086388,-0.008062008817117106,-0.00825673166066243
2022-07-19,-0.002,-0.015681448559876632,0.027216825398879575,0.027019086447337193
2022-07-20,-0.00904331462692387,-0.00904331462692387,0.0021175646245833227,0.006373145396259883
2022-07-21,0.005858476335919294,0.005858476335919294,0.007441616285029857,0.010183013997515866
2022-07-22,0.009699600208297743,0.009699600208297743,-0.005007563655194916,-0.00927785976026152
2022-07-25,0.006536647230724224,0.006536647230724224,0.004287440406782241,0.0012147864284395293
2022-07-26,0.04618704414938812,0.04618704414938812,-0.008320212926284645,-0.011830755673159943
2022-07-27,-0.023492064984624417,-0.023492064984624417,0.01726266828602223,0.025966259409942127
2022-07-28,-0.08461537228431637,-0.08461537228431637,0.013951499120437885,0.012542394923682698
2022-07-29,-0.02312238258720789,-0.02312238258720789,0.010792714268362223,0.014578757303764345
2022-08-01,0.0071110534265370635,0.009111053426537064,-0.0023721582932738805,-0.002961231764621819
2022-08-02,0.0,0.01203084079955452,-0.007024337174884793,-0.0065974490659787
2022-08-03,0.0,-0.012043081001977152,0.01280913926498521,0.015659634820223367
2022-08-04,0.0,0.00016217168469068177,-1.846714187290782e-05,-0.0006756210071410251
2022-08-05,0.0,-0.007882359638226588,0.0007516533903208912,-0.0016902723737833858
2022-08-08,0.0,0.015129289579358662,-0.0010924674390433398,-0.0011609416545834694
2022-08-09,0.0,-0.008619541475547887,-0.0034031893552683725,-0.003970919983848242
2022-08-10,0.0,-0.00527671822486275,0.018860265885273515,0.02100409667249492
2022-08-11,0.0,-0.008663975412189051,0.001953444735274869,0.0
2022-08-12,0.0,-0.003855366768280577,0.016259569243121073,0.01692884587025767
2022-08-15,0.0,0.010019262820115948,0.00358354414496957,0.004120612045018346
2022-08-16,0.0,-0.0068891892503185614,0.0024223936762191836,0.001958834891719219
2022-08-17,0.0,0.0028591421428856845,-0.006824077608457568,-0.007097926022398893
2022-08-18,0.0,-0.0006754589491965168,0.0038921995920433855,0.002906155197069271
2022-08-19,-0.002,0.03570543853261893,-0.009717185263539286,-0.013437828152264464
2022-08-22,0.012546529091268022,0.012546529091268022,-0.018920031439320945,-0.02082250874402536
2022-08-23,-0.0115180076476577,-0.0095180076476577,-0.002453136544967877,-0.002419376121711947
2022-08-24,0.0,0.0024272239343855473,0.0033655451841983017,0.003201437520036876
2022-08-25,0.0,-0.002223308352226172,0.01349009009990704,0.01411742566775298
2022-08-26,0.0,0.014202966019551011,-0.03089649512853497,-0.03384904440188674
2022-08-29,0.0,0.010087647904988561,-0.005683855096593924,-0.0066122703205739874
2022-08-30,0.0,0.0009949271801903414,-0.010904313668904595,-0.010977789676864913
2022-08-31,0.0,-0.009410794226824393,-0.00709281163571335,-0.0076092151538510455
2022-09-01,0.0,0.010846073961580771,0.005201863499561405,0.0031380763389501354
2022-09-02,0.0,-0.007586075242182355,-0.010295696678868564,-0.010544442877673199
2022-09-06,0.0,0.018859382031704397,-0.0034684874351866603,
2022-09-07,0.0,0.007546597635160079,0.016669237561296082,0.017965157441359514
2022-09-08,0.0,0.00185742399742167,0.009287174949494806,0.006536224528914891
2022-09-09,0.0,-0.0077401906974779965,0.013802288717507214,0.015535448448776856
2022-09-12,0.0,0.010226762478490192,0.007697262997922694,0.010747569709857352
2022-09-13,0.0,0.017675010067913943,-0.038990893198034254,-0.04348260060653275
2022-09-14,0.0,0.008630968369041425,0.0027231406171243683,0.0038159286902943457
2022-09-15,0.0,-0.014991935281912228,-0.010188984800399908,-0.011353231409707232
2022-09-16,0.0,0.019760091478692732,-0.006990768047803553,-0.007629099582094678
2022-09-19,0.0,-0.00046882898727718114,0.005035624374365588,0.007755025719341724
2022-09-20,0.0,0.017512692699929167,-0.013242901247821145,-0.011478539223153894
2022-09-21,0.0,-0.004598582219538572,-0.015653662613582087,-0.017443764762905767
2022-09-22,0.0,0.041210887877840774,-0.007544816376739064,-0.008399775628965434
2022-09-23,0.0,-0.018460436407983227,-0.016795712715773653,-0.016754702240264763
2022-09-26,0.0,0.019850654861737316,-0.012942593174373195,-0.009892751939646893
2022-09-27,0.0,-0.0005987412721992769,-0.002340402934680754,-0.002552776632044673
2022-09-28,0.0,-0.041463118608236815,0.023714163982795407,0.019676276565755213
2022-09-29,0.0,0.0169707191970776,-0.016333726583764613,-0.020888824002486484
2022-09-30,0.0,-0.0007859373828505989,-0.01511013898943284,-0.015463581404365101
2022-10-03,0.0,-0.00018704967561489205,0.028855958643358857,0.026401174605385824
2022-10-04,0.0,-0.0012235640076525556,0.028854606437410227,0.03098664627484715
2022-10-05,0.0,0.005416392494307365,-0.0011464393734527563,-0.0023281976299461826
2022-10-06,0.0,-0.023695105516183368,-0.011490873724933594,-0.010315861844761631
2022-10-07,0.0,-0.00600418698304539,-0.02414369408905336,-0.027893770237435334
2022-10-10,0.0,-0.017993897969747038,-0.007608991462687577,-0.007635485525163577
2022-10-11,0.0,0.00264750060677843,-0.0033165947659282813,-0.006332999251664195
2022-10-12,0.0,-0.005749175701709186,-0.005688304522518534,-0.003298406753903582
2022-10-13,0.0,0.011532968052784476,0.027738974228842538,0.026391103457178433
2022-10-14,0.0,-0.00796202560247794,-0.022311823285678063,-0.022788747906414608
2022-10-17,0.0,-0.05942917803050651,0.020919670849345796,0.02569712410859193
2022-10-18,0.0,0.013396883829506434,0.01310931450412278,0.011749307793432306
2022-10-19,0.0,0.06513811396898983,-0.004986151046766115,-0.007086213533878838
2022-10-20,0.0,0.013974002744858938,-0.006669705455184416,-0.00838557783188787
2022-10-21,0.0,-0.014046213029072607,0.0244928046999992,0.024301524574910527
2022-10-24,0.0,-0.0039089737448758655,0.01211047580590026,0.012236600671938325
2022-10-25,0.0,-0.05403141811530854,0.014228596534846063,0.015968441320633575
2022-10-26,0.0,0.03522203126601986,0.002789273784694873,-0.007534025405290801
2022-10-27,0.0,0.006152605407719225,-0.0009143440152141879,-0.005339867784718844
2022-10-28,0.0,-0.028259660313209256,0.025446929726647746,0.023790698695389967
2022-10-31,0.0,0.031103751516667555,-0.005888630277931624,-0.007223440413639537
2022-11-01,0.0,0.0750235095004902,-0.0009679317820702226,-0.004375868813318862
2022-11-02,0.0,0.019390002553366315,-0.02054108693886237,-0.025096020326517587
2022-11-03,0.0,0.07262482564151362,-0.00405067114444583,-0.010296868711344165
2022-11-04,0.0,0.03823327795196041,0.015099162374231052,0.014393072722980405
2022-11-07,0.0,0.0013879780722536594,0.011064148731801395,0.00956562057735355
2022-11-08,0.0,-0.02176844255184984,0.00778911818856603,0.005395183485811694
2022-11-09,0.0,0.011060888118951229,-0.018863628908798082,-0.02060196774169132
2022-11-10,0.0,-0.0050225564488100005,0.0492137945744888,0.05495409645594851
2022-11-11,0.0,0.012027812713482522,0.005917991445828158,0.009678652199083926
2022-11-14,0.0,0.002141468853706807,-0.00779751919078359,-0.008506778483714172
2022-11-15,0.0,-0.0006549764241792211,0.009468092040000002,0.008529003541725588
2022-11-16,0.0,0.005739630746407376,-0.008925528303438787,-0.0076287389524076765
2022-11-17,0.0,-0.012159936121825088,-0.001403836710631937,-0.0030599493056449045
2022-11-18,0.0,0.004140426166127753,0.006092066678263073,0.00454045975140982
2022-11-21,0.0,-0.002482862587491308,-0.0005122913893467778,-0.0036360938867182613
2022-11-22,0.0,-0.008576267118207692,0.01410082020372766,0.01345729704861065
2022-11-23,0.0,-0.0021097022661837883,0.0038965501467897175,0.006301362486080153
2022-11-25,0.0,0.014225165464880951,0.0013982214671137364,
2022-11-28,0.0,-0.005822775313567674,-0.015057765809347489,-0.015957009537679867
2022-11-29,0.0,0.001051698314624705,0.0013237413867861854,-0.001717724549984423
2022-11-30,0.0,-0.01892333814858982,0.026082850082438366,0.03150053268056241
2022-12-01,0.0,0.008254946777527472,0.00026132320436418155,-0.0007356720941307238
2022-12-02,0.0,0.01530322819093266,0.00022246090572845397,-0.001153830161470748
2022-12-05,0.0,0.008502893999744132,-0.01646113003843907,-0.017989231169653896
2022-12-06,0.0,-0.002905040701282613,-0.011777317059146877,-0.014414878055705849
2022-12-07,0.0,0.027744061677189014,0.0006647643898515232,-0.0017010070072479566
2022-12-08,0.0,-0.010685846060123346,0.007864983090276695,0.007833860643072565
2022-12-09,0.0,-0.011564050016676042,-0.00897365291603095,-0.007470235987619089
2022-12-12,0.0,-0.0041254899931605915,0.01506801724229935,0.01441723647785409
2022-12-13,0.0,-0.022132994520028815,0.007553774770906404,0.0075699909346056415
2022-12-14,0.0,0.027274289168573107,-0.005080381712343016,-0.006393573642081263
2022-12-15,0.0,0.004052133080582443,-0.023138829246019555,-0.024461620386290517
2022-12-16,0.0,0.020597572021864685,-0.010424281730385936,-0.011806311064210484
2022-12-19,0.0,0.0015227374024340823,-0.006989199736929167,-0.008479701783769333
2022-12-20,0.0,0.0014843426245435554,0.0015869055094514875,0.0013684835065912448
2022-12-21,0.0,-0.002295024444323168,0.015623085637725801,0.01495253553686493
2022-12-22,0.0,-0.01949025146026906,-0.01197105395797697,-0.014266276490652596
2022-12-23,0.0,0.0023653474462440593,0.0063541955248929026,0.005752458556246287
2022-12-27,0.0,0.0017239814410670018,-0.0006017460280543964,-0.003943778717900082
2022-12-28,-0.002,0.004579669706875067,-0.01081209409588936,-0.012427821892214141
2022-12-29,-0.01304802702803398,-0.01104802702803398,0.014712621526415948,0.018000289831288097
2022-12-30,0.0,0.010750897923798963,-0.0030746922606903196,-0.0026339522333939103
2023-01-03,-0.002,-0.028524856715071933,-0.0010826520021540204,
2023-01-04,-0.02501233280941867,-0.023012332809418667,0.009363739940168082,0.007720048736446383
2023-01-05,0.0,0.02818843414436517,-0.011098206611513077,-0.01141353044073612
2023-01-06,-0.002,-0.021594767126715875,0.02404896006926681,0.022932223790491202
2023-01-09,-0.03577022649083472,-0.03577022649083472,-0.0033382644830202476,-0.0005668921153848538
2023-01-10,-0.02578976846580294,-0.02578976846580294,0.007122438295901851,0.00701295847296457
2023-01-11,-0.0068911906656200506,-0.0068911906656200506,0.009974879264177498,0.012647952927028694
2023-01-12,-0.011154346039725038,-0.011154346039725038,0.0036805029478612582,0.0036407233913362536
2023-01-13,-0.007505475988419552,-0.007505475988419552,0.0024014129169408174,0.0038794744993384533
2023-01-17,0.003236603648373637,0.003236603648373637,-0.005134079295760013,
2023-01-18,-0.0017655274340128702,-0.0017655274340128702,-0.015820201944310386,-0.015788174421598522
2023-01-19,0.001130989610455992,0.003130989610455992,-0.008214752211054815,-0.007279660983704361
2023-01-20,-0.002,-0.016340989882965506,0.014468502253810625,0.018628776190336316
2023-01-23,-0.017596239021729854,-0.017596239021729854,0.009494434378044187,0.011998630252017195
2023-01-24,0.014132137936290534,0.014132137936290534,-0.00010394886816554003,-0.0010731907635315174
2023-01-25,0.004328248514815114,0.004328248514815114,4.834834480276174e-05,0.00037479710149446177
2023-01-26,-0.024337110422061825,-0.022337110422061823,0.006703819692842833,0.010990195710964157
2023-01-27,-0.002,0.016644218558003188,-0.001969609215766188,0.0022979679465486846
2023-01-30,0.01324683924774639,0.01324683924774639,-0.009269191576734108,-0.012546909836342879
2023-01-31,-0.009176171102292184,-0.007176171102292184,0.013545922885362521,0.014703253678628903
2023-02-01,-0.002,-0.015584023484997434,0.007628169463453361,0.010627752840182358
2023-02-02,-0.017023844060545967,-0.017023844060545967,0.005641177807965816,0.01455714668242214
2023-02-03,0.0006887955806859081,0.0006887955806859081,-0.009343044185515069,-0.010629339729008258
2023-02-06,0.030752359730218504,0.030752359730218504,-0.00412551550110127,-0.006111186030989368
2023-02-07,-0.012440035277950623,-0.012440035277950623,0.007911041009252096,0.013078689011437161
2023-02-08,0.018286994985385496,0.018286994985385496,-0.010461117060524647,-0.010934752748946397
2023-02-09,0.004209891580342576,0.004209891580342576,-0.007917156578345921,-0.008669380349165645
2023-02-10,-0.0337919327795112,-0.0337919327795112,0.006386906748506998,0.002333959447926137
2023-02-13,0.029646062825731234,0.029646062825731234,0.009054690180282156,0.011738835434946582
2023-02-14,0.005139946794923911,0.005139946794923911,-0.0031419017662339525,-0.000460131043957257
2023-02-15,-0.0382108687703,-0.0382108687703,0.0017149096632435926,0.003247367256759004
2023-02-16,-0.024129328094049884,-0.024129328094049884,-0.012629214426795524,-0.013768907293495114
2023-02-17,0.014900370970007959,0.014900370970007959,0.0001686058868176522,-0.0024983862482726993
2023-02-21,-0.012948302945541057,-0.012948302945541057,-0.018191661820268774,
2023-02-22,0.008992373397406994,0.008992373397406994,-0.0036110595042142006,-0.001377731150577488
2023-02-23,0.005076543732853156,0.005076543732853156,0.004806752060320986,0.0053191092226125836
2023-02-24,-0.002034915148192429,-0.002034915148192429,-0.00853925767410278,-0.010682231638357131
2023-02-27,0.008717538175694761,0.008717538175694761,-0.00012041908281818552,0.003405681738105182
2023-02-28,0.01505596207770643,0.01505596207770643,-0.003331222681723135,-0.0036959509210152675
2023-03-01,0.02452974291416643,0.02452974291416643,-0.002941292814848796,-0.003835943879336834
2023-03-02,-0.02968795973752658,-0.02968795973752658,0.0076950334589631015,0.0077772965870011035
2023-03-03,-0.011620319943095758,-0.011620319943095758,0.012783530625315833,0.016037928801620804
2023-03-06,-0.0006099714817310309,-0.0006099714817310309,0.001452932019832505,0.0006927201531696792
2023-03-07,0.0035348913686805705,0.0035348913686805705,-0.015886343100071684,-0.015328806781569337
2023-03-08,-0.012510640171288001,-0.012510640171288001,0.0023467260377420295,0.0016322591871416048
2023-03-09,-0.002767429771531993,-0.002767429771531993,-0.01648976046507844,-0.018449970228012313
2023-03-10,0.010149270500614982,0.010149270500614982,-0.014150116917352473,-0.014429492909823982
2023-03-13,-0.014849160720042495,-0.014849160720042495,-0.0029879227026213895,-0.0014251163892031737
2023-03-14,-0.023945298142231786,-0.023945298142231786,0.014489264958302744,0.016529918512369512
2023-03-15,0.0018691945091102741,0.003869194509110274,-0.00809788806968937,-0.006254158882523675
2023-03-16,-0.002,-0.007852891049602628,0.014844583748494213,0.0175449569693793
2023-03-17,0.02159817889452753,0.02159817889452753,-0.01263988996865911,-0.011692558811534415
2023-03-20,-0.008214138642484992,-0.008214138642484992,0.010920773760133461,0.00961561880134143
2023-03-21,0.0009124561224768141,0.002912456122476814,0.009453100448192248,0.013130565275514039
2023-03-22,-0.002,-0.007901428307738434,-0.017622169172975818,-0.01704664490035701
2023-03-23,0.013739517914946875,0.013739517914946875,0.0005881431991669852,0.002703539524115506
2023-03-24,-0.02808517634703611,-0.02808517634703611,0.005947992625180018,0.0065619102282235
2023-03-27,-0.0024860918712712437,-0.00048609187127124365,0.004161831202676978,0.0018698923174946813
2023-03-28,0.0,-0.009673754652774313,-0.0004997417646295837,-0.002244715196182412
2023-03-29,0.0,-0.005294446320542212,0.014452891064278788,0.014534967804499699
2023-03-30,0.0,-0.02153298585879382,0.005101147979796764,0.005855343085938047
2023-03-31,-0.002,0.02404912612843102,0.012635302617349903,0.014094580869451034
2023-04-03,0.0025540928003131586,0.004554092800313159,0.006480053576586535,0.0038105240784434002
2023-04-04,-0.002,-0.007229100595204985,-0.006555366669924754,-0.0055481579771146095
2023-04-05,-0.016983106448126728,-0.016983106448126728,0.0005886655619927387,-0.002618321072099139
2023-04-06,-0.0073667014556151305,-0.0053667014556151305,0.0012146055812798978,0.0039009215198868574
2023-04-10,0.0,0.017302022735608658,0.0032579747827501193,0.0010263369624086138
2023-04-11,0.0,0.0036300497088763706,0.0026435173446253324,0.00026853805501714234
2023-04-12,0.0,-0.02980141417076942,-0.002319081811991898,-0.004075688263953325
2023-04-13,0.0,-0.011468776945439574,0.008987926015933371,0.013282560512415165
2023-04-14,0.0,0.016855681748588203,-0.0022483281821176994,-0.0024427678638193617
2023-04-17,0.0,0.05639011260868787,0.004071213905198148,0.0035881971011588742
2023-04-18,0.0,0.012521244977211188,0.000838891042258525,0.0006522719213917227
2023-04-19,0.0,0.0037242015515679405,0.00013340078084327642,-0.00016906000329675042
2023-04-20,0.0,0.013839281540562798,-0.004402437011524256,-0.005457166827943505
2023-04-21,0.0,0.0222766856942761,0.0005538615012238181,0.0007771072650242239
2023-04-24,0.0,-0.02368971517062013,0.0009469529590893913,0.0010432772142674462
2023-04-25,0.0,-0.008674016332250067,-0.015224140031900472,-0.015874085042295705
2023-04-26,0.0,0.020183343745065807,-0.010422428110280008,-0.004235609891561687
2023-04-27,0.0,0.013014207436944814,0.015979226515361284,0.01990824627191845
2023-04-28,0.0,-0.010978111707373062,0.01048849733039464,0.008535105805633991
2023-05-01,0.0,-0.019175353955274477,0.00012249938734151507,-0.0010097821738080937
2023-05-02,0.0,0.019289021836793263,-0.014903324399500395,-0.011239265637182472
2023-05-03,0.0,0.008004483984013766,-0.008081403651159549,-0.006864031659497449
2023-05-04,0.0,-0.03846748634162045,-0.007769606026549948,-0.0070827845557988045
2023-05-05,0.0,-0.003437612177873195,0.016713411004960006,0.018512629546315607
2023-05-08,0.0,-0.010581998475753696,-0.0016093854447022766,0.00026649534749334514
2023-05-09,0.0,-0.006954362864519226,-0.003601263297116837,-0.004385344745768238
2023-05-10,0.0,0.002736062817310647,0.0009879831799379912,0.004672413686117816
2023-05-11,0.0,-0.011246847601661832,-0.0050017550431447145,-0.0017442669759144547
2023-05-12,0.0,0.003452027579282091,0.00044932864189456135,-0.0013101960491336273
2023-05-15,0.0,0.0013616986734648062,0.004769830349824913,0.003450194510494553
2023-05-16,0.0,0.014159137069593375,-0.011373586337872025,-0.006682647851037005
2023-05-17,0.0,-0.0034659174939659643,0.013124961020035734,0.012138856944051257
2023-05-18,0.0,-0.005647658321794591,0.005324399001720376,0.009633244180126121
2023-05-19,0.0,-0.005429379675054968,-0.0007105862311934081,-0.0014550422139389951
2023-05-22,0.0,0.007404699746074828,-0.0010408365939662764,0.00040605326203624337
2023-05-23,0.0,0.006644579680861518,-0.008747106758429497,-0.011222857494262661
2023-05-24,0.0,-0.02125324305646137,-0.009885439713418546,-0.007244670025755018
2023-05-25,-0.002,0.01676625935495646,0.0008352520805241427,0.00865966272533436
2023-05-26,-0.015743060437432455,-0.015743060437432455,0.010087122702213147,0.012950846740011679
2023-05-30,0.011932794500872257,0.011932794500872257,-0.002604258635583918,
2023-05-31,-0.033194573645941694,-0.033194573645941694,-0.004913969534969691,-0.005545075901445595
2023-06-01,-0.034379502583145594,-0.034379502583145594,0.008294615832591718,0.009500908800490038
2023-06-02,-0.004809000100404415,-0.004809000100404415,0.018256491746744007,0.014461082135969416
2023-06-05,0.0015909267584811593,0.0015909267584811593,-0.003838668973377831,-0.0019159777858899218
2023-06-06,-0.011524323151668068,-0.009524323151668068,0.002997220330958105,0.002177346255518131
2023-06-07,0.0,0.021320330931630327,0.0037496329876665893,-0.0034578963366820314
2023-06-08,-0.002,-0.008516589767733729,0.0038041475607812,0.006048553719780081
2023-06-09,0.01028088681250272,0.01028088681250272,-0.0018108219810403171,0.0017944093664323812
2023-06-12,-0.01770656511233892,-0.01770656511233892,0.006265216046707749,0.009071785861457293
2023-06-13,0.019666208596742507,0.019666208596742507,0.006696408278277527,0.006593020322779086
2023-06-14,0.0147852019560899,0.0147852019560899,-0.0008812808735258904,0.001190826388549171
2023-06-15,-0.008460253878795676,-0.008460253878795676,0.012674286449289918,0.012397743839258624
2023-06-16,-0.004624426741703491,-0.004624426741703491,-0.0023465638924481886,-0.0034062139297362792
2023-06-20,-0.005847917560118598,-0.005847917560118598,-0.007989524785437505,
2023-06-21,-0.019135492320670022,-0.019135492320670022,-0.0020061587741482564,-0.00512384911332131
2023-06-22,-0.00728415235566604,-0.00728415235566604,-0.001141950868770147,0.0036097664402769958
2023-06-23,-0.00607786299402413,-0.00607786299402413,-0.007255280708228504,-0.007560002458915971
2023-06-26,0.031330137105698874,0.031330137105698874,0.0023356196857025682,-0.004085625132312254
2023-06-27,0.01469153582352467,0.01469153582352467,0.006670503462792883,0.010963150952728595
2023-06-28,0.010655037210703044,0.010655037210703044,-0.0019463044821472148,0.0005045435126189712
2023-06-29,-0.011875025253042848,-0.011875025253042848,0.006622718858588908,0.003941459387846846
2023-06-30,-0.0008496295263746845,-0.0008496295263746845,0.009351709770729962,0.011800498134207249
2023-07-03,0.004770735316493191,0.004770735316493191,0.0021673909266612793,0.0011505768465485122
2023-07-05,-0.0008122330959083879,-0.0008122330959083879,-0.0035234688020857772,
2023-07-06,-0.0013772115265084928,-0.0013772115265084928,-0.010609184198207361,-0.007830741383948792
2023-07-07,-0.00038909352532867647,-0.00038909352532867647,-0.0028694155353546835,-0.002524577487367563
2023-07-10,-0.0017850791549798295,-0.0017850791549798295,0.00760960253535532,0.002530967109954707
2023-07-11,-0.006454155525612348,-0.006454155525612348,0.008966876382583928,0.006368612003866403
2023-07-12,0.032454224803072695,0.032454224803072695,0.005141688822817124,0.008045997552762918
2023-07-13,0.0015364010221852221,0.0015364010221852221,0.005897821032420795,0.007936707968533296
2023-07-14,-0.0042809560089461796,-0.0042809560089461796,-0.0013704011553693958,-0.000622667029459345
2023-07-17,0.013227024319630132,0.013227024319630132,0.0005801257534445714,0.003472215105015719
2023-07-18,0.014091957665272659,0.014091957665272659,0.006065213564944185,0.007430573761473713
2023-07-19,-0.010654975576036785,-0.010654975576036785,0.005086769541094421,0.002223714253732245
2023-07-20,-0.016924292897664006,-0.016924292897664006,0.0025547249372395273,-0.006634435693809615
2023-07-21,-0.024533252926686233,-0.024533252926686233,0.003980365567563701,0.0
2023-07-24,0.0022792053838879833,0.0022792053838879833,0.003574330009580754,0.004467197978334836
2023-07-25,0.014407740192797615,0.016407740192797615,0.001201314846780561,0.002730273822322493
2023-07-26,0.0,0.0007300124918813156,0.0004310607105310192,0.00015360466857794464
2023-07-27,0.0,0.029151587826430403,-0.004435633672107805,-0.0066300595745393265
2023-07-28,0.0,0.00868051447750623,0.005026034180431954,0.009790504839880754
2023-07-31,0.0,-0.014268702058735372,0.0020348279988517235,0.0019039354578735956
2023-08-01,-0.002,0.007902805841167204,-0.0030901001900298774,-0.0028616095171389855
2023-08-02,-0.0203236199095696,-0.0183236199095696,-0.009465628813021126,-0.013910840946214087
2023-08-03,0.0,0.0369688139867379,-0.004985840735684758,-0.0028658615521424124
2023-08-04,0.0,0.004457116489263224,-0.003995284171530478,-0.00452279765662944
2023-08-07,0.0,0.009819563660678488,0.00902647806559477,0.008728703108673352
2023-08-08,0.0,-0.0016233666683744263,-0.0022391337485442968,-0.004348744784511194
2023-08-09,0.0,-0.021759229209403597,-0.002312895182187867,-0.006685282972830775
2023-08-10,0.0,0.010338092462245707,0.0003376221304454614,0.00035905448131701156
2023-08-11,0.0,-0.013595479488779202,0.001380163792114619,-0.0005832541121373325
2023-08-14,0.0,0.0421916760677023,0.0020293331950344633,0.005520134116998365
2023-08-15,0.0,-0.00296493877777132,-0.011873756903528779,-0.011648986247434268
2023-08-16,0.0,-0.014260407968705147,-0.0066665574042659905,-0.0073382403595834145
2023-08-17,0.0,-0.0066942135680931325,-0.005811854387343292,-0.007619654910314688
2023-08-18,-0.002,-0.00036117671960478326,0.0010444054792996336,0.0004812588193481293
2023-08-21,0.015352053558865375,0.015352053558865375,0.001377587345396118,0.006506381941949302
2023-08-22,0.012606081304296135,0.012606081304296135,-0.0038225274584494356,-0.002708706857202592
2023-08-23,0.009373428837460784,0.009373428837460784,0.008187275660102173,0.011137782532248508
2023-08-24,-0.023306348230408003,-0.023306348230408003,-0.00993849846047429,-0.013859080650615807
2023-08-25,0.003257184154100645,0.003257184154100645,0.006433992034431943,0.007049714043525501
2023-08-28,-0.002294168642041792,-0.00029416864204179216,0.006889258144826632,0.00634160509256998
2023-08-29,0.0,-0.0038777542587640212,0.010612204679976549,0.014454431181762706
2023-08-30,0.0,-0.010547162501733598,0.002583716501144769,0.004118847463647546
2023-08-31,0.0,0.0011142947575532025,-0.0031674203068245044,-0.0014632628917743418
2023-09-01,0.0,-0.0005846614175437637,0.0037378202883089065,0.0018652880284513174
2023-09-05,0.0,0.01867392627212383,-0.00691369638691096,
2023-09-06,0.0,0.0007134725081689441,-0.0050234948969190615,-0.006722523940093872
2023-09-07,0.0,-0.006911840418101167,-5.588660648945056e-06,-0.0030703116526806795
2023-09-08,0.0,-0.007328512830767131,0.0013743714568992414,0.0015062256732953916
2023-09-11,0.0,0.011517962913314306,0.003321051968157201,0.006576654757343814
2023-09-12,0.0,-0.024461711005935135,2.2654185384118237e-05,-0.0054856668295107935
2023-09-13,0.0,-0.015366632058652074,-0.0004107669123431826,0.0011660142725671285
2023-09-14,0.0,0.0005806007312370021,0.010201788620707072,0.008622410629380184
2023-09-15,0.0,0.01912483869400894,-0.010684505801497702,-0.012048408553946288
2023-09-18,0.0,-0.02753407806555974,0.0002885130935979887,0.0005864607433156976
2023-09-19,0.0,0.00036505289781585404,-0.003729082125451214,-0.0020737714243528327
2023-09-20,0.0,-0.01817554988375014,-0.004726859806105574,-0.009193361806369982
2023-09-21,0.0,-0.008942131702022293,-0.01621549371169485,-0.01652842718934633
2023-09-22,0.0,-0.001647183011068365,-0.002420345961118316,-0.0022484368698461044
2023-09-25,0.0,0.007168392940462787,0.0029808746642175942,0.004205138535487096
2023-09-26,0.0,0.015970642097931753,-0.01286938084583588,-0.014691274582096181
2023-09-27,0.0,-0.0017850890275707965,-0.0002991228182158481,0.00039915419730851553
2023-09-28,0.0,0.017888114834863855,0.0044559590198244335,0.005797384548081652
2023-09-29,0.0,-0.014288787696861371,-0.0035786830464007743,-0.002426988561784471
2023-10-02,0.0,0.046879072396695864,-0.007180129641313476,-0.00039766025941634364
2023-10-03,0.0,-0.04313834362282509,-0.010873418602790333,-0.013386087476960684
2023-10-04,0.0,0.004300262308545744,0.0036552574515095766,0.007282055854864966
2023-10-05,0.0,0.03400196623979013,-0.0009028147671978221,-0.0003766792966626298
2023-10-06,0.0,0.0031042294286736105,0.009412216516604866,0.011872664388544285
2023-10-09,0.0,-0.02371158834976994,0.008996321657134987,0.0064021834492535845
2023-10-10,0.0,0.006439886428199815,0.0058036157469094725,0.005204881069301948
2023-10-11,0.0,-0.014302613988754095,0.0024478051302111743,0.004096233598771759
2023-10-12,0.0,0.02117948749978027,-0.007076853341637085,-0.006096439051528679
2023-10-13,0.0,-0.02194753314532194,-0.00018397012354748167,-0.004980766279705895
2023-10-16,0.0,0.0068042998510131625,0.011061380183927145,0.010521515050646135
2023-10-17,0.0,-0.004933308093801214,0.0012267459360232732,-4.593770281424714e-05
2023-10-18,0.0,-0.011597081525985098,-0.012622056892950534,-0.013325158514128077
2023-10-19,0.0,-0.01664430045174925,-0.008726506003681314,-0.008786424006192783
2023-10-20,0.0,-0.00582766230908166,-0.01033205665033829,-0.012288066983292434
2023-10-23,0.0,0.014848217075358217,-0.005816864240507971,-0.0017330258208602123
2023-10-24,0.0,0.012633591304263392,0.007863266534430379,0.007539297844937565
2023-10-25,0.0,-0.05994646314744512,-0.010281603451474086,-0.014352200266594894
2023-10-26,0.0,-0.005501088019553513,-0.00562927798489141,-0.011974642023696913
2023-10-27,-0.002,0.0385390169012923,-0.010693496328482132,-0.004532718620987031
2023-10-30,0.029368059409194625,0.029368059409194625,0.011800733233985268,0.011955665364346002
2023-10-31,-0.0040290507267574105,-0.0040290507267574105,0.007527536444120195,0.006280229983727681
2023-11-01,0.025176033606587156,0.025176033606587156,0.005138972347942904,0.010664845002825052
2023-11-02,-0.0069753157888986506,-0.0069753157888986506,0.02255515855323978,0.01916423823517488
2023-11-03,-0.004114642422559878,-0.004114642422559878,0.009535830403929111,0.009123484353402489
2023-11-06,0.0058022648388029174,0.0058022648388029174,-0.0003380945876292242,0.0023005245664822205
2023-11-07,0.010331051116109657,0.010331051116109657,-0.003260160415196531,0.002845995440742266
2023-11-08,-0.0023454309517833005,-0.0023454309517833005,-0.0006620088323746455,0.0007324198593039455
2023-11-09,-0.0012532698028001575,-0.0012532698028001575,-0.008797106826455433,-0.00779858279561374
2023-11-10,0.0007679989830166045,0.0007679989830166045,0.012343571095738321,0.015604659019892608
2023-11-13,-0.0002485099755275,-0.0002485099755275,-0.0016902537872650549,-0.0009531779348788127
2023-11-14,-0.03744991478859072,-0.03544991478859072,0.02001742143515447,0.019400638761193134
2023-11-15,0.0,-0.0024920172169492494,0.006360874019804772,0.0021171249186915375
2023-11-16,0.0,-0.005663600574112526,0.0005103557275516699,0.0012230329330822354
2023-11-17,0.0,-0.003114327793438787,0.0030957303795740316,0.0012439596023432475
2023-11-20,0.0,0.007995363787817678,0.004397159567779413,0.007697646432915262
2023-11-21,0.0,0.011770750180079226,-0.0015704375272669214,-0.00217961143440204
2023-11-22,0.0,-0.009516481410549726,0.0034264423212497005,0.003860856957633718
2023-11-24,0.0,-0.005296167367014548,0.0025312339314465665,
2023-11-27,0.0,-0.01261513608459669,-0.0030079391339564664,-0.0018009928291807809
2023-11-28,0.0,-0.01234334940961851,-0.0007418735143726766,0.000990164362688617
2023-11-29,0.0,-0.007616030244799343,0.0018122441723003992,-0.0007034404728889498
2023-11-30,0.0,0.010826903137922894,0.006853040999198762,0.0039373202834118715
2023-12-01,0.0,-0.008284093322709518,0.008177357102310488,0.005915994213383069
2023-12-04,0.0,0.004579607247572892,-0.001932230680981676,-0.005249423070070258
2023-12-05,0.0,-0.023323949416999612,-0.0038410600247147132,-0.00019706070516001262
2023-12-06,0.0,-0.010684634312102426,-0.0010385605798723721,-0.004029660016451331
2023-12-07,0.0,-0.00037501681776297424,0.003823311095827986,0.0076301680760682
2023-12-08,0.0,0.008325151689121124,0.0027826191563111043,0.004299220082694566
2023-12-11,0.0,0.007590930049274695,0.009814137948881117,0.003889631742288513
2023-12-12,0.0,-0.025443892984911343,0.0034801224265067674,0.0045672518589392475
2023-12-13,0.0,-0.018207877523843452,0.016581728136959767,0.013790214811960633
2023-12-14,0.0,-0.041818237757836885,0.008187533185551337,0.003209263598529022
2023-12-15,0.0,-0.018038069572080873,-0.0025683285029473135,-0.0016465278742889833
2023-12-18,0.0,0.0012225634020806009,0.0019188006134826733,0.005625021278664599
2023-12-19,0.0,0.010931358736684382,0.0062765658156937595,0.006080888558689157
2023-12-20,0.0,0.01647888971319056,-0.016102331640767506,-0.013857292868214244
2023-12-21,0.0,-0.006394333155202103,0.010210343510540745,0.009481868221287604
2023-12-22,0.0,-0.004767471846792937,0.003493534424327705,0.002009720237315493
2023-12-26,0.0,-0.0043885584337015615,0.0054141633098825906,0.004222640502056452
2023-12-27,0.0,-0.004085691443873496,0.0020188407870817314,0.0018080189586560103
2023-12-28,0.0,0.0060946691765778604,0.001056336372157595,0.0003777242310194495
2023-12-29,0.0,-0.002304993358097862,-0.0014597411118095925,-0.0028949025292678288
2024-01-02,0.0,0.05046301917375562,0.0013590313856826537,-0.0055964222469487845
2024-01-03,0.0,-0.008251655708768069,-0.0072304067967658365,-0.008166689660125126
2024-01-04,0.0,0.003994563656621208,-0.002018617270740143,-0.003221073749963277
2024-01-05,0.0,0.020176855014547135,0.0018277279809616662,0.001369630093309926
2024-01-08,0.0,-0.003014836783113539,0.00847241606257563,0.014275940264585119
2024-01-09,0.0,0.009584447079086678,-0.0038859787626436557,-0.0015170438834410938
2024-01-10,0.0,-0.018045596790432494,0.0019310518227790246,0.005655475804245524
2024-01-11,-0.002,-0.005388752317285302,-0.0023999565936253047,-0.0004407091740716851
2024-01-12,-0.014707367376917134,-0.012707367376917134,0.002789889888059645,0.0006927821704560966
2024-01-16,-0.002,0.004888592964747418,-0.005953783482337301,
2024-01-17,-0.02084952777873106,-0.02084952777873106,-0.006446809587720495,-0.005558629120554048
2024-01-18,0.012562556377769374,0.012562556377769374,0.005869153640092874,0.008892671483647252
2024-01-19,0.02976751798201316,0.02976751798201316,0.009732244293728409,0.012466283833569403
2024-01-22,0.012230083778588918,0.012230083778588918,0.002915889604985916,0.0021142803685763045
2024-01-23,0.0027994210078656767,0.0027994210078656767,0.001413345526978857,0.0029164846770146635
2024-01-24,0.0016963353845722562,0.0016963353845722562,-0.0036498134106088117,0.001093182604395393
2024-01-25,0.021910354695804823,0.021910354695804823,0.00782331296631338,0.005438907060566933
2024-01-26,-0.12088560086416855,-0.12088560086416855,-0.0019146181922129765,-0.0012703888957986686
2024-01-29,0.0009322442825236976,0.0009322442825236976,0.00496592292599733,0.007919381068000497
2024-01-30,-0.011360343359949732,-0.011360343359949732,-0.0003872250535273826,-0.000773424081074503
2024-01-31,0.01225633000077009,0.01425633000077009,-0.009869155931350768,-0.016317395544490076
2024-02-01,-0.002,0.010591999711198952,0.011077300431092155,0.013088111996556018
2024-02-02,-0.018349550429311967,-0.018349550429311967,0.0018486662245328586,0.010527475423016686
2024-02-05,0.01897719895234029,0.01897719895234029,-0.007155756478124362,-0.003641312254575091
2024-02-06,-0.024449894514768644,-0.024449894514768644,0.005605579536105869,0.0029033611676354543
2024-02-07,0.01352193416336156,0.01352193416336156,0.004676599519847921,0.008340472098269824
2024-02-08,-0.007984057220788987,-0.007984057220788987,0.0019009295242146194,0.0004416452487703282
2024-02-09,-0.003524043816686584,-0.003524043816686584,0.0033256158341270527,0.005779457003501465
2024-02-12,0.01382892637126987,0.01382892637126987,0.0031592945509856044,-0.00043891360205827734
2024-02-13,0.0016601457029631894,0.0016601457029631894,-0.014432624788148395,-0.01377296642497372
2024-02-14,-0.0035270559381515576,-0.0035270559381515576,0.0063442403898727245,0.009087459912580087
2024-02-15,0.006017126887520319,0.006017126887520319,0.008990276677304712,0.006899859742297121
2024-02-16,0.0014652506475884564,0.0014652506475884564,-0.0021789940878455347,-0.004980097439800768
2024-02-20,-0.013101502705062218,-0.013101502705062218,-0.0021651699955554816,
2024-02-21,0.0033178783332481476,0.0033178783332481476,0.0044757877946589265,0.0009059117482459467
2024-02-22,-0.006482590057875548,-0.006482590057875548,0.011819123362862196,0.02069541020391341
2024-02-23,0.003942369614219454,0.003942369614219454,0.002712894719476639,0.0006897559473673098
2024-02-26,-0.0038254162889333476,-0.0038254162889333476,-0.004281844864464314,-0.0036624892391068364
2024-02-27,-0.003573184560809184,-0.003573184560809184,0.0012621346561541343,0.0018577520975389117
2024-02-28,-0.008614480989156736,-0.008614480989156736,1.4329936335968549e-05,-0.0013217519019456114
2024-02-29,-0.0010445984138100495,-0.0010445984138100495,0.002376375479444699,0.003595055185208418
2024-03-01,0.0007110015395457303,0.0007110015395457303,0.006075220095120445,0.009388195743716743
2024-03-04,-0.016088540745482938,-0.016088540745482938,0.0017404928519081694,-0.0010723579849281073
2024-03-05,0.00355411597844274,0.00355411597844274,-0.004826488435227866,-0.009994216584689353
2024-03-06,-0.0016523825567401618,-0.0016523825567401618,0.006862435276700484,0.005067222017711925
2024-03-07,0.0020717440424270483,0.0020717440424270483,0.0068736635494392635,0.009926432787449091
2024-03-08,0.0015577721895352337,0.0015577721895352337,-0.0024451099306866445,-0.0060021153687100925
2024-03-11,0.00806846318844634,0.00806846318844634,0.0014397848019210946,-0.0008598423152295087
2024-03-12,0.002227670989514874,0.002227670989514874,0.0057079957332043605,0.010757247682681381
2024-03-13,-0.01418474309099926,-0.01418474309099926,0.00011300284301008924,-0.001567336081802484
2024-03-14,-0.008263701357452025,-0.008263701357452025,-0.00444780159907094,-0.0019767830154616695
2024-03-15,-0.02024444137751924,-0.02024444137751924,-0.003373953642071104,-0.006866682342682284
2024-03-18,0.002308642421662177,0.002308642421662177,0.0025160607990627184,0.005943123154694696
2024-03-19,-0.007163548560845889,-0.007163548560845889,0.005081709327543191,0.005557288238886571
2024-03-20,0.048292386095465156,0.048292386095465156,0.007497253192717132,0.009249279721762038
2024-03-21,0.05442021786352602,0.05442021786352602,0.005521279659385469,0.0033046073629769968
2024-03-22,0.005349614834498473,0.005349614834498473,-0.004616144416947817,-0.0018958881770726466
2024-03-25,-0.013099368942923961,-0.013099368942923961,-0.0017086901046817057,-0.0027627018670888237
2024-03-26,-0.007195123815481708,-0.007195123815481708,-0.002525949313879402,-0.001846964136193785
2024-03-27,-0.01653878575377521,-0.01653878575377521,0.013858577045155935,0.008403718592033815
2024-03-28,-0.0038246885612582826,-0.0038246885612582826,0.002926007324159305,-0.00019109300031516785
2024-04-01,0.010253630848224615,0.010253630848224615,-0.003736293574015544,-0.0017397471804491138
2024-04-02,-0.012916913584806844,-0.012916913584806844,-0.00802668835105661,-0.0063582197032967525
2024-04-03,0.01413231143628324,0.01413231143628324,-0.0009467196903845594,0.0010985988534895075
2024-04-04,-0.03508917418797464,-0.03508917418797464,-0.009853408432095045,-0.012206156048329309
2024-04-05,0.010981952497520764,0.010981952497520764,0.007852723178631544,0.010446957715479321
2024-04-08,-0.00044396005571278874,-0.00044396005571278874,0.0003776716433442186,0.0005591273540725972
2024-04-09,-0.006038182846744067,-0.006038182846744067,0.0035243432587093895,0.0011568788957971865
2024-04-10,-0.012913732769066932,-0.012913732769066932,-0.013174137285497663,-0.010013044315522523
2024-04-11,0.05023611689480745,0.05023611689480745,0.001132933104401117,0.00754671989233624
2024-04-12,-0.013670499273334077,-0.013670499273334077,-0.014580864066055303,-0.01380291555346802
2024-04-15,-0.010695148556184808,-0.010695148556184808,-0.0061870173638123955,-0.012528156694058823
2024-04-16,0.00421589756710772,0.00621589756710772,-0.002569346830711501,-0.0018237075630332944
2024-04-17,0.0,-0.017204428966410168,-0.0031889950980050928,-0.005918270351811028
2024-04-18,0.0,-0.0223717602193082,-0.00019183178021361304,-0.0020577312143444937
2024-04-19,0.0,-0.021332757816149572,0.0012406574411562307,-0.008728497882329878
2024-04-22,0.0,0.001241432887670535,0.007228128053973675,0.009209224224159485
2024-04-23,0.0,0.0047833040303622565,0.008712563409559105,0.011866617760247777
2024-04-24,0.0,0.006067083771969628,0.0010328609892813984,-0.000474588365427131
2024-04-25,0.0,-0.008828798533121684,-0.004501737355928619,-0.003798882639889589
2024-04-26,0.0,0.005773261838365962,0.0024407570592698312,0.009473891712670879
2024-04-29,0.0,-0.0035888463065690823,0.004035543517902301,0.003541443356069429
2024-04-30,0.0,-0.011988664103935509,-0.01279783418907088,-0.015841141385128266
2024-05-01,0.0,-0.01019399649468189,-0.004045798433293237,-0.0032472645291959923
2024-05-02,0.0,0.03438089938106059,0.006384903550198696,0.009353443441858289
2024-05-03,0.0,0.0003280603551390482,0.007829255296935261,0.01239531836517771
2024-05-06,0.0,0.01156437076953043,0.006857852983025395,0.010326814969085607
2024-05-07,0.0,-0.0039837395080370985,0.003746376425772409,0.0011034873191710926
2024-05-08,0.0,0.0021993619608939308,0.0003457787957090664,9.653908298812297e-05
2024-05-09,0.0,-0.01114552263752927,0.008004613967976715,0.005761958209233864
2024-05-10,0.0,0.006208854952131582,0.002601984203346526,0.0012882266365621398
2024-05-13,0.0,-0.0015354828476458714,-0.0004103136799600447,0.00013421870627516874
2024-05-14,0.0,-0.01449650056377294,0.0027336094141729643,0.004588336807673787
2024-05-15,0.0,-0.0075750480038245804,0.010898528461761602,0.012382833788202152
2024-05-16,0.0,0.02176344729958024,-7.590558565005143e-06,-0.002057411580288049
2024-05-17,0.0,0.00262370580617044,0.002200611941380593,0.0014374284791973668
2024-05-20,0.0,-0.011016303155892637,-0.001977673901471413,0.0011520663491471073
2024-05-21,0.0,-0.008251145392734416,0.00027354877696843266,0.0024526293065789684
2024-05-22,0.0,0.009631947100823268,-0.0016587310281796436,-0.0028793326873322034
2024-05-23,0.0,-0.01010498556939321,-0.012527453939836147,-0.0073042720052638455
2024-05-24,0.0,-0.01856459320598136,0.001184999903288056,0.006616456735151877
2024-05-28,0.0,-0.034442499372944746,-0.004705162336690495,
2024-05-29,0.0,-0.0008331894154745001,-0.010743143935895452,-0.0070025238807988055
2024-05-30,0.0,0.03890373028097649,0.002630950296848164,-0.006634164309870516
2024-05-31,0.0,0.05850735594568457,0.01467074354652633,0.009108289418098048
2024-06-03,0.0,0.0009762575761393943,-0.003127141462512777,0.0008154776805879838
2024-06-04,0.0,-0.000818736633792172,0.0019545537006163626,0.0011179275456751903
2024-06-05,0.0,-0.0005191672970898953,0.006061236631779844,0.011885200623485082
2024-06-06,0.0,0.011050126366708546,-0.0006957709109275279,-1.892158261529442e-05
2024-06-07,0.0,0.001392062422123308,-0.001163247300473338,-0.001215470249596895
2024-06-10,0.0,-0.005131611445293505,0.0036521514112761127,0.0030895594518385305
2024-06-11,0.0,-0.07729441463392395,-0.002727113066883729,0.002408571473818899
2024-06-12,0.0,-0.03274498851773089,0.002232620343004042,0.008212789407527454
2024-06-13,0.0,-0.0013287472122871513,-0.0003255204635529243,0.002013634866294245
2024-06-14,0.0,-0.02757048108648008,-0.001610681018256592,0.0006083904597147249
2024-06-17,0.0,0.03639825369660055,0.005678730709967705,0.007958910221575577
2024-06-18,0.0,0.022580991100231484,0.002666162287362413,0.0025408270080653494
2024-06-20,0.0,-0.016191790596262856,0.004188644505404854,
2024-06-21,0.0,0.0015631518817202927,0.0004441174475648418,-0.0013404905811840173
2024-06-24,0.0,-0.0012432073812533861,0.004549004066633141,-0.003250874547484739
2024-06-25,-0.002,0.00500570205459705,-0.004459620344378615,0.0038509689221994936
2024-06-26,-0.021150652990239327,-0.019150652990239325,-0.00021628287754113214,0.0012481518282372317
2024-06-27,0.0,0.005229174856221208,-0.0008770048095114955,0.0015764724631710525
2024-06-28,-0.002,0.014085607184077809,-0.0015973924351934494,-0.003934977773824011
2024-07-01,-0.0015493564901662982,-0.0015493564901662982,-0.0038151287731775477,0.0020580699833565586
2024-07-02,0.01848012117139708,0.01848012117139708,0.0035271091644034033,0.006729488704265263
2024-07-03,-0.011723010740377404,-0.011723010740377404,0.0011143758121657358,0.004462763867459474
2024-07-05,0.005191184965210427,0.005191184965210427,0.0015680436933548348,
2024-07-08,-0.0010659816869318384,-0.0010659816869318384,0.0007464688728006229,0.0011539136509408632
2024-07-09,-0.008009254423432033,-0.008009254423432033,0.00034465759569288787,0.0009723303215909418
2024-07-10,0.009804341727153165,0.009804341727153165,0.008411695249496726,0.009895739425191952
2024-07-11,-0.022654484428878296,-0.022654484428878296,0.005371280159251824,-0.008622661641151108
2024-07-12,-0.007968969217672095,-0.007968969217672095,0.0063156306644233315,0.006307417670854409
2024-07-15,0.02092251144693003,0.02092251144693003,0.0020686779072420485,0.002750070521798653
2024-07-16,0.009313166497515235,0.009313166497515235,0.01166422290660233,0.005930116669278673
2024-07-17,-0.019600250092965288,-0.019600250092965288,-0.0008228893194287359,-0.014021236273249915
2024-07-18,-0.012307987161869094,-0.012307987161869094,-0.009188095022099028,-0.0076849439517434615
2024-07-19,0.01734425756050606,0.01734425756050606,-0.005192904234361669,-0.006640585465875204
2024-07-22,0.03177858372044551,0.03177858372044551,0.006463878949732318,0.010310014653943655
2024-07-23,-0.002378336391416047,-0.002378336391416047,-0.004697492526876764,-0.0015686753676522613
2024-07-24,-0.06420985105546628,-0.06420985105546628,-0.008443229116285336,-0.022662373657600487
2024-07-25,-0.0364508274315094,-0.0364508274315094,0.0021084623815760075,-0.005210401360493
2024-07-26,0.009568758201316419,0.009568758201316419,0.014691451858990259,0.01119979357749612
2024-07-29,0.004294490307197085,0.004294490307197085,-0.00028281030050918816,0.0005877659773350086
2024-07-30,0.006352214270767043,0.006352214270767043,0.0004169006499094096,-0.0050664892638487835
2024-07-31,0.03276257832524454,0.03276257832524454,0.008007354490606413,0.01625441638944025
2024-08-01,-0.019145372450504294,-0.019145372450504294,-0.006991529031009326,-0.014160671908689748
2024-08-02,-0.0014939960933968432,-0.0014939960933968432,-0.014690744397183394,-0.018618694131834923
2024-08-05,-0.009725237034060141,-0.009725237034060141,-0.025303218353596814,-0.02912355817918022
2024-08-06,0.02367459143668349,0.02367459143668349,0.008365867703332112,0.009219560909415225
2024-08-07,0.004216353588710642,0.004216353588710642,-0.006635359892081762,-0.0066838488168313726
2024-08-08,0.00013296910117732708,0.00013296910117732708,0.019494538262937556,0.0231172195452638
2024-08-09,0.027554314970645755,0.027554314970645755,0.001225241230053889,0.0044095475592684785
2024-08-12,0.011131148277993665,0.013131148277993665,-0.0022326190336578538,0.0005254171578374933
2024-08-13,0.0,0.03415146025761051,0.01433732689849274,0.0164455772325256
2024-08-14,0.0,0.0038984429425636957,0.003274857160820848,0.0031548723144527724
2024-08-15,0.0,-0.005251970854234678,0.013054689482197804,0.017140336759196684
2024-08-16,0.0,-0.003913010915546522,0.0022763859723937555,0.002242011538596156
2024-08-19,0.0,0.04702776429849387,0.005991584092993698,0.00956133089350808
2024-08-20,0.0,-0.010458300696987055,-0.002003671548555565,-0.0016259571119814353
2024-08-21,0.0,0.005830471497695333,0.004425335009314991,0.003436360238446623
2024-08-22,0.0,-0.010099000915466005,-0.004424450088942597,-0.00784845185577876
2024-08-23,0.0,-0.008939213463579732,0.009042863551536804,0.010625308336750017
2024-08-26,0.0,-0.017807037728696296,0.0008677433152575923,-0.0023838221000610504
2024-08-27,0.0,-0.03867219600326499,0.001308445211226942,0.0013732414384064473
2024-08-28,0.0,0.037895367299943805,-0.0033536252806227232,-0.005805323569158638
2024-08-29,0.0,0.007653395475068936,0.0034693174976419008,8.952696107789038e-05
2024-08-30,0.0,0.002764158955094409,0.009576666496614906,0.009545995350848102
2024-09-03,0.0,0.015088858249822201,-0.013983739914251437,
2024-09-04,0.0,0.009659012456560201,0.0011382263223164003,-0.0020466950526479843
2024-09-05,0.0,-0.007029815334988587,-0.007618507151363607,-0.0024324222928843175
2024-09-06,0.0,-0.00042808731726295957,-0.010816407007423217,-0.016829835161566553
2024-09-09,0.0,-0.019297870732081335,0.011589294119504328,0.011196119760345846
2024-09-10,0.0,-0.005379757660925799,0.0021130307360399153,0.004355612982860579
2024-09-11,0.0,-0.05979285666098488,0.002978567607291351,0.01025910204694691
2024-09-12,0.0,-0.021025443228942283,0.003146225265149472,0.008423251468383519
2024-09-13,0.0,0.011198399614865018,0.0063758671353746875,0.005222756695539621
2024-09-16,0.0,-0.02861204030255493,0.0065041626047224925,0.001476693650596328
2024-09-17,0.0,-0.00019888888659735926,-0.0009200638776514368,0.0004086357464134771
2024-09-18,0.0,-0.015126148671786077,-0.003117616434120999,-0.0029656261019592733
2024-09-19,0.0,0.039314538175263425,0.009937964983459153,0.017064468298038316
2024-09-20,0.0,0.03722076162550447,-0.0015334701810674311,-0.001728616813656103
2024-09-23,0.0,0.009710506054113388,0.003010362563405219,0.0024986261292470058
2024-09-24,0.0,0.0021275790677026674,0.0002492507240301951,0.0028613586038446215
2024-09-25,0.0,-0.005752693888386506,-0.004812474894299319,-0.0022054765727956838
2024-09-26,0.0,0.008332562451656145,0.0052403196971423345,0.0039646768793273335
2024-09-27,0.0,-0.0704844239535849,0.0017383504486924194,-0.001450290876500726
2024-09-30,0.0,-0.025538107099029594,0.003761333572026864,0.004007095461138421
2024-10-01,0.0,-0.007849104847710953,-0.0036913555934602977,-0.008958323493068132
2024-10-02,0.0,0.007673538293254012,-7.786758375035103e-05,0.0004220236379359754
2024-10-03,0.0,-0.003718074902310242,-0.0031319526430813238,-0.0018281074093783323
2024-10-04,0.0,0.0010923589467035644,0.005464831052159923,0.009087336036124993
2024-10-07,0.0,-0.019049716375812986,-0.006906390788439509,-0.009040482792622595
2024-10-08,0.0,0.02230891709883709,0.0034238401530510346,0.009457612031593898
2024-10-09,0.0,0.027820682922110818,0.00930643378246423,0.006926469369018973
2024-10-10,0.0,-0.01473737772455963,-0.0034689666864793785,-0.0017501627523689445
2024-10-11,0.0,-0.023381333474545293,0.008709643092625195,0.005988255648767593
2024-10-14,0.0,-0.013462256376904458,0.006611783465980011,0.0081785089127
2024-10-15,0.0,0.019556413490298907,-0.007257199567699204,-0.007769766305357861
2024-10-16,0.0,-0.00192364439280035,0.007396460286084677,0.004346329024053963
2024-10-17,0.0,-0.01115566718250749,-0.0032504382864286785,8.600349890541814e-05
2024-10-18,0.0,-0.02293906310455429,0.0014819084799253316,0.003846449132983487
2024-10-21,0.0,-0.006038341948093384,-0.009180750351713814,-0.001642085411086458
2024-10-22,0.0,0.14863089511353078,-0.002066008622639816,-0.0005312147227685138
2024-10-23,0.0,0.009447486603990973,-0.0035702418325395838,-0.009137467513379516
2024-10-24,0.0,0.0005585143703137341,-0.001796332762028756,0.0021625551793504894
2024-10-25,-0.002,-0.032249210943457784,-0.005141070183973144,-0.000345292364963834
2024-10-28,-0.0061198188012483445,-0.0061198188012483445,0.002889732774182896,0.003091450291027975
2024-10-29,0.009935219174497913,0.011935219174497913,-0.003599633998283439,0.0016184206240155152
2024-10-30,0.0,0.02069721577771977,-0.0031023153660879248,-0.0030253152532839778
2024-10-31,0.0,0.010376676241843574,-0.0071254225854845395,-0.019603104000644245
2024-11-01,0.0,-0.006530279319048593,0.0014345630087066656,0.004220527329819701
2024-11-04,0.0,-0.0166727318983646,-0.001470902194623084,-0.0021538830639530326
2024-11-05,0.0,-0.016734112284773728,0.010105419286914972,0.012091704033957873
2024-11-06,0.0,-0.12551707692633007,0.018273981262063105,0.024865516520399922
2024-11-07,0.0,0.016149750189712986,0.0022890651189253694,0.007732140383788222
2024-11-08,0.0,0.005147326739050939,0.005866510544154801,0.004331775097860202
2024-11-11,0.0,-0.032141389747688764,0.0013788232763916328,0.0009530598702189863
2024-11-12,0.0,0.009464413552006612,-0.0076704021020111285,-0.003106540640482547
2024-11-13,0.0,-0.021632836760986263,0.0006098888318174083,0.00048582421637055617
2024-11-14,0.0,-0.05199026431151993,-0.004581958173387112,-0.006430176239068386
2024-11-15,0.0,-0.027415497006353373,-0.00923044356842029,-0.012808560073861108
2024-11-18,0.0,0.005858202459429085,0.005486700455039641,0.004097563742130994
2024-11-19,0.0,0.023117309866010516,-0.0035674968978497788,0.0036552081673326686
2024-11-20,0.0,0.007269527696213307,-0.0011368700581938947,0.00033882287032160896
2024-11-21,0.0,0.009228482586045916,0.010908480389168881,0.005368359607974105
2024-11-22,0.0,0.0028556799230813334,0.0055552668034777345,0.003099412387509881
2024-11-25,0.0,-0.00457254562216769,0.006888986106827857,0.0033921398614391585
2024-11-26,0.0,0.03700671941101075,0.0013690665314752826,0.00522128354141449
2024-11-27,0.0,-0.016003130763435236,0.0006045506315640757,-0.0030298159925298274
2024-11-29,0.0,-0.002505199938215019,0.0034526558596007133,
2024-12-02,-0.002,-0.0009509466537076516,-0.0022170047113979643,0.001792218141985602
2024-12-03,0.035851848890032345,0.03785184889003235,-0.004052781607762473,0.0004639596457520767
2024-12-04,0.0,0.024173145093350723,-0.0011673690725519628,0.00620952317140433
2024-12-05,0.0,0.0045409485014137885,-0.003976048263511814,-0.0016456130139689273
2024-12-06,-0.002,0.010856434592159458,-0.0016905231855296246,0.0018956669851328822
2024-12-09,-0.01730916459209314,-0.01730916459209314,-0.0033724696583953525,-0.005149721108997141
2024-12-10,0.018687114684397377,0.018687114684397377,-0.004693274965264636,-0.0031089661339965824
2024-12-11,-0.013615405635330476,-0.013615405635330476,-8.796201478258853e-05,0.007730357666168475
2024-12-12,-0.0016105005213338797,-0.0016105005213338797,-0.005957685826498757,-0.005152380870145135
2024-12-13,0.01393851557297826,0.01393851557297826,-0.000797664023576214,-0.00019869805758443437
2024-12-16,-0.004611937996189364,-0.004611937996189364,-0.0033900822314446226,0.004270015185904974
2024-12-17,-0.00673461083586796,-0.00673461083586796,-0.0042076055857256794,-0.004119931319041759
2024-12-18,-0.0038824898277067237,-0.0018824898277067237,-0.024787767404592615,-0.029803582795307815
2024-12-19,0.0,-0.008591204702319277,-0.005474184163242938,-0.0003069569088736124
2024-12-20,0.0,-0.004556495004220007,0.01046145319000175,0.012010899570405353
2024-12-23,0.0,-0.005032592304298422,0.0050498672983882885,0.005988234505162948
2024-12-24,0.0,-0.0054063190729914945,0.007642342721279603,0.011115071527136644
2024-12-26,-0.002,0.0007601662266657483,0.0018421292031624587,6.665365333424766e-05
2024-12-27,-0.000759015761121638,0.001240984238878362,-0.005890736041790561,-0.010526435622968289
2024-12-30,0.0,0.011098619740102567,-0.010507224027424888,-0.0114118896521197
2024-12-31,0.0,0.0010309397931304587,0.001978475762384957,-0.0036378598541576546
2025-01-02,0.0,0.008817015681765461,-0.0017546353836233647,-0.002457066638973049
2025-01-03,0.0,-0.003581091431260286,0.008964848045873273,0.012503369104386763
2025-01-06,0.0,-0.012865515217337142,0.00015353521899466127,0.0057605165540730585
2025-01-07,0.0,0.0012288395086288428,-0.0013261577028921587,-0.011303892702394291
2025-01-08,0.0,7.034585980003616e-05,0.0019614327289336885,0.0014610446421614576
2025-01-10,0.0,-0.0026725535543194456,-0.012182433961396823,
2025-01-13,0.0,0.012179197706638889,0.00835587655048403,0.001550468378249903
2025-01-14,0.0,0.01114996529029261,0.003608739602742439,0.0013760486818299444
2025-01-15,0.0,0.04069582691659002,0.011677171048773692,0.018189872366344506
2025-01-16,0.0,0.038468873836457806,0.005770360715279075,-0.0019231528367921191
2025-01-17,-0.002,0.005221496441605078,0.0063523156474143225,0.010040007716690669
2025-01-21,-0.016056879714612116,-0.014056879714612114,0.012876059013295443,
2025-01-22,0.0,-0.004483144820375151,-0.0034851629514260677,0.005621565726746214
2025-01-23,0.0,-0.0030023785553816573,0.008346346990823284,0.005458065583400229
2025-01-24,0.0,0.00899798468703572,-0.0015495256152310156,-0.0029193693517148844
2025-01-27,0.0,-0.03582948570003541,0.008656159678904827,-0.014145371801854822
2025-01-28,0.0,0.023196903091192933,-0.006900657952336159,0.008592366591027911
2025-01-29,0.0,-0.0036959567804342175,-0.001228091852445155,-0.00448298091773347
2025-01-30,0.0,0.0005598535657620474,0.008642160337958041,0.0053671737979417156
2025-01-31,0.0,-0.009137651015242887,-0.0058504051193699605,-0.005321857757179305
2025-02-03,0.0,-0.021261610973799194,-0.002678399211675584,-0.00672971782919185
2025-02-04,0.0,-0.00336262177913349,0.0017177674621085873,0.006708474732966652
2025-02-05,0.0,-0.04921993032190253,0.006192433460629422,0.004054459336477301
2025-02-06,0.0,0.048060678621469455,-0.000473368113653715,0.003475607966170857
2025-02-07,0.0,0.006441227803412719,-0.008100167606392457,-0.009153456656979642
2025-02-10,0.0,-0.023332227457784516,0.006774519131613697,0.006791099192188899
2025-02-11,0.0,-0.0028476490280453515,0.004842420154759138,0.0007604748177987286
2025-02-12,0.0,0.0004582902434646652,-0.003659243236609361,-0.003221465386853972
2025-02-13,0.0,-0.01244262280816177,0.007376357185592491,0.010557622259588673
2025-02-14,0.0,0.005429067986961855,-0.00391611305619995,-4.929908540496353e-05
2025-02-18,0.0,0.0035247351309577457,0.006801749100371423,
2025-02-19,0.0,-0.006276734240217907,0.004776154414410471,0.0023549656556058896
2025-02-20,0.0,0.019914857076890335,3.635669327073157e-05,-0.004160219154492495
2025-02-21,0.0,-0.0028946831971352616,-0.01054202482736044,-0.017104062312935597
2025-02-24,0.0,0.0005226751281333097,-0.00018683186628092274,-0.004550606356782505
2025-02-25,0.0,0.0012153012621203274,0.0037320227365750303,-0.004972923561347264
2025-02-26,0.0,-0.00665935608717616,-0.0032213351082788287,0.0005045847779403534
2025-02-27,0.0,0.0013373428128351517,-0.005170468172832696,-0.015961771386383883
2025-02-28,0.0,0.0025345872395794444,0.014184794086821328,0.015605413850941607
2025-03-03,0.0,0.004998841243470609,-0.008784369715563876,-0.017520017587888903
2025-03-04,0.0,-0.006464562659610706,-0.016455773034221525,-0.011836838995130883
2025-03-05,0.0,0.0005359994978255678,0.008282281738962676,0.010747989977533123
2025-03-06,0.0,0.0425863045106456,-0.008861807616887507,-0.017751259499615757
2025-03-07,0.0,0.012536453617751797,0.009708929933563811,0.005605003514265405
2025-03-10,0.0,0.008790501435330667,-0.014716539446844595,-0.026635625916893613
2025-03-11,0.0,-0.029463594565961704,-0.014039335221068818,-0.008312883898723533
2025-03-12,0.0,0.00292060316753906,-0.0033558935836186248,0.005306455323443426
2025-03-13,0.0,0.046140942058122025,-0.007384632418821056,-0.01333046625507539
2025-03-14,0.0,-0.0005859075936260894,0.01619693852149529,0.020655846459250116
2025-03-17,0.0,-0.015656280613184578,0.010634945082067561,0.0077113559743353655
2025-03-18,0.0,-0.010203069881519755,-0.0051362025965742755,-0.010808443576004967
2025-03-19,0.0,-0.0019831372541707637,0.005017972857558044,0.010890933806222636
2025-03-20,0.0,-0.0007892499008621545,-0.0024245821129799776,-0.0028918562308621887
2025-03-21,0.0,0.005688215448342193,-0.005123489417038691,0.00032994078344317224
2025-03-24,0.0,0.004998074245193385,0.011667362741946042,0.01790851112775793
2025-03-25,0.0,-0.009789681053423704,-0.003339640387837443,0.0024037380720982604
2025-03-26,0.0,-0.008592177701047476,-0.00020345312964075717,-0.011938115019942908
2025-03-27,0.0,-0.014009061189247163,-0.0014695636745384575,-0.002655782943625007
2025-03-28,0.0,-0.004071307735715846,-0.012985971152302666,-0.020138325776888455
2025-03-31,-0.002,-0.015957209221528768,0.009628712476791142,0.006712831808701525
2025-04-01,0.0036255120971298016,0.0036255120971298016,-0.0014750775852475145,0.002824468343526565
2025-04-02,0.00038368493346086115,0.002383684933460861,0.0037500607135346983,0.006328416675828619
2025-04-03,0.0,-0.05047237964359996,-0.04030536300453264,-0.0492810595876253
2025-04-04,-0.002,-0.0100240425126783,-0.05948745840356482,-0.05854282630156282
2025-04-07,0.03279894868912703,0.03479894868912703,-0.006517812555664864,-0.0017810680108507615
2025-04-08,0.0,-0.007202188572067558,-0.017211697113662213,-0.015662834609916687
2025-04-09,-0.002,0.01285789238623547,0.07742893987691135,0.1050192758263111
2025-04-10,-0.014826814349841011,-0.014826814349841011,-0.03354106232560902,-0.04381896476163283
2025-04-11,-0.0089517752568129,-0.0089517752568129,0.015215729610490872,0.017842845705135613
2025-04-14,-0.005616460044660654,-0.005616460044660654,0.01098650517385691,0.009701309641358513
2025-04-15,-0.010831213997374741,-0.010831213997374741,-0.004168444395534951,-0.0028009570003554307
2025-04-16,0.002814240902495104,0.004814240902495104,-0.014275846909891823,-0.022227880060647576
2025-04-17,0.0,0.007985211508690804,0.0053823883023922355,0.001426718914772973
2025-04-21,0.0,0.010592697071442614,-0.01884177498426632,-0.023802645293661384
2025-04-22,0.0,-0.005432638686315272,0.02167791564104262,0.026017648808891236
2025-04-23,0.0,-0.023246155607901275,0.008906332424964724,0.015495596298727987
2025-04-24,0.0,-0.009244815094898662,0.01675077011785732,0.021048917134121048
2025-04-25,0.0,-0.010698509827422875,0.0001996074312076135,0.007225320685248393
2025-04-28,0.0,0.0069790190665996454,0.0023551127459453857,0.0003812053910532409
2025-04-29,0.0,-0.021178628929966248,0.0050182739336572385,0.006299488255282926
2025-04-30,0.0,0.0043423371623414475,0.0033459566985844166,0.0003969200081936908
2025-05-01,0.0,-0.01154283762531677,-0.0013611913088180374,0.007086787382727833
2025-05-02,0.0,-0.009035077329296815,0.01519644439744753,0.014844334418104177
2025-05-05,0.0,-0.00919013577261657,-0.0058799578301915525,-0.005734550345610101
2025-05-06,0.0,-0.0074392717497085425,-0.009349550130438205,-0.008358272128269228
2025-05-07,0.0,0.0029681036534009997,0.0073588982451448836,0.0042055333826633845
2025-05-08,0.0,-0.02492841749449337,0.00530337063360597,0.006967705296860194
2025-05-09,0.0,-0.0003600387203154809,-0.0011223739617778295,-0.0012740913959354838
2025-05-12,0.0,-0.026160727298223774,0.026322500183065964,0.033047474409526156
2025-05-13,0.0,-0.028217959106350277,-0.0037599765998465075,0.006603869472230128
2025-05-14,0.0,-0.020519502412084056,-0.007054074534921278,0.0012780844466173669
2025-05-15,0.0,0.01098377809596163,0.013533222670228152,0.004884270229584153
2025-05-16,0.0,-0.005141686734639217,0.009087277215870727,0.006334010280944824
2025-05-19,0.0,-0.006073660341380849,0.002184529436825784,0.001093925331137946
2025-05-20,0.0,-0.0032816354834518946,-0.0008788777437813469,-0.0033622620970610306
2025-05-21,0.0,0.02130722615577718,-0.017597730162398732,-0.016850651674913175
2025-05-22,0.0,-0.017938257955718462,-0.003932155277702336,0.0003946236650713697
2025-05-23,0.0,-0.0023605548041765734,-0.0027289522763162405,-0.00682577549886576
2025-05-27,0.0,-0.006215101179830929,0.01689050361545763,
2025-05-28,0.0,0.0008890284184079889,-0.006108553278835867,-0.005785333975273588
2025-05-29,0.0,0.0017857030281319686,0.005459558736022341,0.003947320636030538
2025-05-30,0.0,-0.013621761704657565,-0.0005017525563966163,-0.0011183390997638876
2025-06-02,0.0,0.012345742428933382,0.0028744184035092895,0.005632906948234373
2025-06-03,0.0,-0.009579595835005394,0.005124081718045312,0.005702375605992627
2025-06-04,0.0,-0.0007885052410720461,-0.0013593328468636454,-0.0002683465004931218
2025-06-05,0.0,-0.005674287446818138,-0.0017993585597937411,-0.004832782960816684
2025-06-06,0.0,-0.016611132505850557,0.009314778245560783,0.010269002220969492
2025-06-09,0.0,0.010677285889248489,0.0013050827573143453,0.0009012919138797759
2025-06-10,0.0,0.01578949406073421,0.007780493082817354,0.00566982884976297
2025-06-11,0.0,-0.016769382379031028,-0.0008034055116995158,-0.0028521632488446302
2025-06-12,0.0,-0.00034750683072759525,0.0031689891089329565,0.003974445512229918
2025-06-13,0.0,0.010925731190215948,-0.008811475250792044,-0.011180277804555105
2025-06-16,0.0,-0.0029804921803354666,0.004326545444937425,0.009514273488879121
2025-06-17,0.0,0.0015835408934696815,-0.007920580033371408,-0.008545079722505178
2025-06-18,0.0,0.005242120671812511,-0.0019499652332880062,-0.0001506719699877479
2025-06-20,0.0,0.036031269377948094,-0.0005108627366321253,
2025-06-23,0.0,0.02483511052054943,0.006733621626789359,0.009877340797457723
2025-06-24,-0.002,-0.006715168289697315,0.008584475675271668,0.011047302183246677
2025-06-25,-0.04428438324029926,-0.04428438324029926,-0.004799451353649121,0.0005603485498484329
2025-06-26,-0.019762192372220655,-0.019762192372220655,0.006384012619690139,0.00782377492146935
2025-06-27,-0.024214685281220838,-0.024214685281220838,0.0060181484964390046,0.004968425624821915
2025-06-30,0.02509502313199341,0.02509502313199341,0.004828962215172927,0.004780978544703496
2025-07-01,0.01812867906790494,0.01812867906790494,0.01000729245369759,-0.00032351675428288207
2025-07-02,-0.01924475109476953,-0.01924475109476953,0.0004554138281906763,0.004533404674952779
2025-07-03,-0.007607463757271393,-0.007607463757271393,0.004895875393109061,0.00788132750658388
2025-07-07,0.0005145636267849252,0.0005145636267849252,-0.008012097558958617,
2025-07-08,0.009874687299229912,0.009874687299229912,0.0021015113286186947,-0.0005476004207373153
2025-07-09,-0.01925440317207816,-0.01925440317207816,0.0017624683758480694,0.005996687665528189
2025-07-10,-0.006180910115108795,-0.006180910115108795,0.004847843355903275,0.0028201239157372715
2025-07-11,-0.013464966350530627,-0.013464966350530627,-0.006410107458330907,-0.0035152414781096653
2025-07-14,-0.0093324158595115,-0.0093324158595115,-0.00014052850911879723,0.0019081606779420834
2025-07-15,-0.018776812784000674,-0.018776812784000674,-0.011302701915564149,-0.004273228812600283
2025-07-16,0.00044700855089541136,0.00044700855089541136,0.0037272427312852042,0.003343222494186504
2025-07-17,-0.014372918032374945,-0.014372918032374945,0.0004415759657937875,0.006119571230611909
2025-07-18,0.0011888255509011256,0.0011888255509011256,-0.002758193104290088,-0.0007322815495487411
2025-07-21,0.0023213035516496854,0.0023213035516496854,-0.00020047043181074163,0.0018961202137257605
2025-07-22,0.0037777681693827252,0.0037777681693827252,0.007221881095489139,0.00014315745726389828
2025-07-23,-0.011962455401047713,-0.011962455401047713,0.008096401537937113,0.00850745133662878
2025-07-24,0.024374494070717234,0.024374494070717234,-0.0027827516694846825,0.00033107130538478913
2025-07-25,-0.004368401415979791,-0.004368401415979791,0.0026386804672881444,0.004224296491786017
2025-07-28,-0.0013879730785726716,-0.0013879730785726716,-0.002782178842777098,-0.0002511098453120697
2025-07-29,0.06176704066117122,0.06176704066117122,-0.001455894796019355,-0.0026375098876267877
2025-07-30,0.009082865620907841,0.011082865620907842,-0.0045060251377434,-0.001259380470896465
2025-07-31,0.0,0.014199794779828136,-0.01183487052837624,-0.003751215554337106
2025-08-01,0.0,0.011820897845117343,-0.007256398778890353,-0.01639059783669361
2025-08-04,0.0,-0.007906960992542882,0.010795564443872039,0.015199997054630598
2025-08-05,0.0,-0.025045833610849774,-0.00012851661590366183,-0.005069969618996528
2025-08-06,0.0,-0.0023164177071124383,4.065499215723396e-05,0.007659667282124971
2025-08-07,0.0,-0.003968722832784969,-0.0008467019121109932,-0.0008375655634337287
2025-08-08,0.0,-0.00719228757917445,0.006768365343886912,0.007797445098702616
2025-08-11,0.0,-0.007824042481839766,-0.00271855908687428,-0.001977460235009665
2025-08-12,-0.002,-0.021564497534108495,0.00993167739241038,0.010645956381075239
2025-08-13,-0.020340635263183304,-0.018340635263183303,0.00875541462969951,0.003423258482342151
2025-08-14,0.0,0.0067134510731040225,-0.00028647287393654766,9.305267750447932e-05
2025-08-15,0.0,-0.040326257916030235,-0.000802261470259344,-0.0023414479548684586
2025-08-18,0.0,-0.02368489713339844,-0.0006532364994934678,-0.0002173878974071064
2025-08-19,0.0,0.008919234385343033,0.0049298809042295525,-0.0054253006827329475
2025-08-20,0.0,0.025727316519668586,0.0018426288144119708,-0.0026570072365471598
2025-08-21,0.0,0.022206532138789148,-0.0032902733064341747,-0.004011689053040168
2025-08-22,0.0,0.007638158525423322,0.013075420764350813,0.015356710144395658
2025-08-25,0.0,0.003908280075502535,-0.00844410901521448,-0.004401115445204051
2025-08-26,0.0,0.011117756707236304,0.0021084220766754472,0.004186966614810217
2025-08-27,0.0,-0.018228772196796805,0.0021207200720993837,0.0022786450217604504
2025-08-28,0.0,-0.005106775351390036,0.0006415725585569109,0.003541316007178885
2025-08-29,0.0,-0.0006452101106779184,-0.00047644244271076566,-0.005963766656904346
2025-09-02,0.0,0.04451999613448038,-0.005254429050650385,
2025-09-03,0.0,-0.006496414747711676,-0.003967860224057272,0.005419476296687709
2025-09-04,0.0,-0.008391950229017342,0.00619564368001763,0.008357604688930875
2025-09-05,0.0,-0.0059521490321967074,-0.00019422876147175456,-0.002896428037377663
2025-09-08,0.0,0.008202308315142737,-0.001620865869453891,0.002456656294075321
2025-09-09,0.0,0.006095325586573552,0.0015987878149467654,0.00231180914368867
2025-09-10,0.0,0.003155586932610366,-0.0003773558453668266,0.0028907540770020113
2025-09-11,0.0,0.022094597900144786,0.013577654441282373,0.008310343898671801
2025-09-12,0.0,-0.015644200957944165,-0.0068123821751554315,-0.0003347087939420401
2025-09-15,0.0,0.007157281102962987,-0.0019099062034856945,0.005324009290667231
2025-09-16,0.0,-0.00697717497790212,0.00036767286497320513,-0.0013768405847186527
2025-09-17,0.0,-0.013661187833727828,0.003363817691463378,-0.0012423553760646522
2025-09-18,0.0,0.007192922327745155,0.0037806788966801667,0.004672370490589994
2025-09-19,0.0,-0.025192898462683133,-0.0013656080261743773,0.004952930300824665
2025-09-22,0.0,-0.018778276151260265,0.00010047363109481913,0.004730992209795115
2025-09-23,0.0,-0.016469851396107016,0.0002140160503615714,-0.005443480659860334
2025-09-24,0.0,-0.0029449227872493378,-0.0009298920963095581,-0.0031816581403536492
2025-09-25,0.0,0.02290679065649226,-0.005329321102349568,-0.0046134455757694814
2025-09-26,0.0,0.004368037186073703,0.007185877378851874,0.005729103921045642
2025-09-29,0.0,-0.036953679600886136,0.0011316407602417423,0.002810434169152165
2025-09-30,0.0,-0.011198920057533313,0.004444939100200203,0.003766799753069261
2025-10-01,0.0,-0.016269277081880418,0.007484542223730349,0.0034076065490575846
2025-10-02,0.0,-0.02338023511264753,-8.96855264961162e-05,0.0011516391661055003
2025-10-03,0.0,-0.014424585539576817,0.004716813608266178,-1.4749984535544769e-05
2025-10-06,0.0,0.0005414615961114588,-0.002111812574241637,0.0035863272632872256
2025-10-07,0.0,-0.013630033247008067,-0.0021514183340329827,-0.0037075342375781917
2025-10-08,0.0,-0.01676120576411133,0.0005797647849329214,0.005963018112918661
2025-10-09,0.0,0.018879024971275693,-0.004888168260580342,-0.002896927773588187
2025-10-10,0.0,0.001473016049132747,-0.01953721000054214,-0.02702787419005037
2025-10-13,0.0,0.0035331217791194636,0.008989441203509856,0.01534405245669701
2025-10-14,0.0,-0.00900942491062906,0.006325603831037177,-0.0012216093756775015
2025-10-15,0.0,-0.011880034547220305,0.0028125516741812607,0.0044394680203003745
2025-10-16,0.0,-0.012032018563410074,-0.006755022537595501,-0.00681016559073544
2025-10-17,0.0,-0.0012283314979288917,0.006454740772226786,0.005676293099704743
2025-10-20,0.0,0.005845008343907776,0.009713855501718877,0.010400419493367341
2025-10-21,0.0,-0.003149559376874722,0.0032956884523089977,-1.4888084340025642e-05
2025-10-22,0.0,-0.004329302580373562,-0.0012548106876129534,-0.005198959693403782
2025-10-23,-0.002,0.02182676956395796,0.0050281534825147205,0.005929999418908372
2025-10-24,0.0003998783222944353,0.0023998783222944353,0.0026060881887875493,0.008172552647061071
2025-10-27,0.0,-0.00010814212474086204,0.007349812037330643,0.011797628449856656
2025-10-28,-0.002,-0.009249170076149782,-0.00433185066967101,0.002656129300611987
2025-10-29,0.016133309718601885,0.016133309718601885,-0.007832766972759841,0.0004803063616483083
2025-10-30,-0.038317224355803314,-0.038317224355803314,-0.004121333566114379,-0.010998124123417385
2025-10-31,0.04377440716722397,0.04377440716722397,-0.0002252193517667591,0.0032802000099823037
2025-11-03,0.0038630827147706492,0.0038630827147706492,-0.0026958541103326277,0.001876696652084675
2025-11-04,-0.03031335606971275,-0.03031335606971275,-0.005575913361238877,-0.011853550232820531
2025-11-05,-0.011707789475660091,-0.011707789475660091,0.005344043968576441,0.0034654935336064785
2025-11-06,-0.017685359968858505,-0.017685359968858505,-0.003695499838551569,-0.010729419520020933
2025-11-07,0.01153294650126463,0.01153294650126463,0.005044447529774529,0.0009845249103577203
2025-11-10,-0.008558384728056923,-0.008558384728056923,0.004592073595492887,0.015604317681877422
2025-11-11,-0.01709038949464714,-0.01709038949464714,0.010757903412495502,0.0022892485351109215
2025-11-12,-0.022929339210457644,-0.022929339210457644,0.004937404192877564,0.0005564170786802602
2025-11-13,-0.015905311260678564,-0.015905311260678564,-0.008597046122218082,-0.016594035637111593
2025-11-14,0.010662807579551736,0.010662807579551736,-0.0036645295285545037,-0.00016358859396425895
2025-11-17,0.03201307405395204,0.03201307405395204,-0.00881245703282211,-0.009316526675455239
2025-11-18,-0.002352517232990124,-0.00035251723299012383,-0.0022439628045536255,-0.008397461039591714
2025-11-19,0.0,-0.002060863870501195,-0.0008429563297152153,0.0038631427043962496
2025-11-20,0.0,0.001899011829439523,-0.009571887874775208,-0.015242276237766972
2025-11-21,0.0,-0.021793988128746944,0.015811213410024016,0.00996119766575232
2025-11-24,0.0,0.015562362156871568,0.0028907182653727594,0.014718553120582678
2025-11-25,-0.002,-0.007729725702360857,0.01374193953542655,0.009405944613086525
2025-11-26,0.0021175391844497904,0.0021175391844497904,0.004413833338994752,0.006903451122352244
2025-11-28,0.0033336694291193902,0.0033336694291193902,0.006919973235522848,
2025-12-01,0.00018763131634308428,0.00018763131634308428,-0.00815576553802471,-0.0045654326011898005
2025-12-02,0.008332120151097524,0.010332120151097524,0.00014844323997850436,0.0018521605335179991
2025-12-03,0.0,-0.012246540401232353,0.008625755351171601,0.0034628390228845785
2025-12-04,0.0,-0.011766699149287185,-0.002279545178101725,0.000731151162097321
2025-12-05,0.0,-0.00390690662420784,0.00021106640994836306,0.0018993336917458858
2025-12-08,0.0,-0.004996058656037028,-0.006141495285378941,-0.0030041115903878257
2025-12-09,0.0,-0.0022239972578926848,-0.0028735561139900767,-0.0008631857374462593
2025-12-10,0.0,0.019118000916495737,0.011142136143558065,0.006632175644087246
2025-12-11,0.0,0.004708103278298681,0.008264878513946102,0.0023269819723950036
2025-12-12,0.0,-0.003943820196988801,-0.002729385429994754,-0.01075200956203659
2025-12-15,0.0,-0.0006875077611620505,0.0016948674492087271,-0.001510850004248554
2025-12-16,0.0,-0.008029127610581166,-0.008146487582411594,-0.0027322728752857683
2025-12-17,0.0,-0.011486122325494508,-0.0021039687304561057,-0.01100356428531768
2025-12-18,0.0,0.012653196347083284,0.0013916962233829734,0.0075511768241409705
2025-12-19,0.0,-0.00938258873186315,0.0023459988710900067,0.009063578290348762
2025-12-22,0.0,0.014038037774753986,0.006397045520511503,0.006229818660208997
2025-12-23,0.0,-0.004452974450927072,0.0008763859172104763,0.004570524308344925
2025-12-24,0.0,0.016756681333660484,0.005163138735583703,0.0035176469336466454
2025-12-26,0.0,0.002081583482135718,0.0009557102113824969,-0.00010139418790333643
2025-12-29,0.0,0.00422796136751824,-0.0009603894827536049,-0.0035636809822511273
2025-12-30,0.0,0.0028140645637623196,-0.0006135490900281509,-0.0012212056239845337
2025-12-31,0.0,0.0001596293120593728,-0.006668372334430196,-0.0074088956888227475
