dgp,rep,method,balanced_accuracy,kappa,median_delay_days,missed_episodes,switch_ratio
HMM2 (correctly specified),0,HMM-2 ex post (smoothed),0.9550546313311306,0.9205060949999967,0.0,0.1443850267379679,0.8288770053475936
HMM2 (correctly specified),0,HMM-2 real time (filtered),0.9096563857113562,0.8267164756132053,2.0,0.11764705882352941,1.8716577540106951
HMM2 (correctly specified),0,Jump λ=10 ex post,0.6852279211868992,0.3047677816910427,0.0,0.2620320855614973,0.9545454545454546
HMM2 (correctly specified),0,Jump λ=10 real time,0.6621145100891239,0.26387955613968994,1.0,0.22994652406417113,1.4037433155080214
HMM2 (correctly specified),0,Jump λ=30 ex post,0.7211638306330883,0.39079697293098326,0.0,0.3315508021390374,0.5374331550802139
HMM2 (correctly specified),0,Jump λ=30 real time,0.6580302814041126,0.27349091474420584,4.0,0.34759358288770054,0.7887700534759359
HMM2 (correctly specified),0,Jump λ=100 ex post,0.721620265861899,0.44202931294807113,0.0,0.5240641711229946,0.2647058823529412
HMM2 (correctly specified),0,Jump λ=100 real time,0.6089445120421594,0.20306884013959725,9.5,0.47593582887700536,0.4197860962566845
HMM2 (correctly specified),0,Change-point (PELT) ex post,0.8714623328448736,0.6932134515086552,0.0,0.3582887700534759,0.3235294117647059
HMM2 (correctly specified),1,HMM-2 ex post (smoothed),0.956347841308936,0.9238690066654759,0.0,0.1569767441860465,0.8197674418604651
HMM2 (correctly specified),1,HMM-2 real time (filtered),0.9044102976890742,0.8238360405517621,2.0,0.12209302325581395,1.9186046511627908
HMM2 (correctly specified),1,Jump λ=10 ex post,0.6641278282678873,0.23074174387092283,0.0,0.14534883720930233,1.2819767441860466
HMM2 (correctly specified),1,Jump λ=10 real time,0.6395668361391463,0.1921739719638158,0.0,0.18023255813953487,1.8604651162790697
HMM2 (correctly specified),1,Jump λ=30 ex post,0.7181226240791575,0.3408974697981445,0.0,0.27325581395348836,0.6395348837209303
HMM2 (correctly specified),1,Jump λ=30 real time,0.6535906774592939,0.23356033540244703,3.0,0.27906976744186046,0.9534883720930233
HMM2 (correctly specified),1,Jump λ=100 ex post,0.6981165711265881,0.316476027366419,0.0,0.4069767441860465,0.3023255813953488
HMM2 (correctly specified),1,Jump λ=100 real time,0.6034943092563163,0.16001235647454004,2.5,0.37209302325581395,0.5116279069767442
HMM2 (correctly specified),1,Change-point (PELT) ex post,0.8827986070182654,0.7140275310570998,0.0,0.38953488372093026,0.3488372093023256
HMM2 (correctly specified),2,HMM-2 ex post (smoothed),0.9496607753715104,0.9107655738441417,0.0,0.12849162011173185,0.888268156424581
HMM2 (correctly specified),2,HMM-2 real time (filtered),0.9012043501898044,0.8162148090040046,2.0,0.09497206703910614,2.005586592178771
HMM2 (correctly specified),2,Jump λ=10 ex post,0.6875450786248489,0.277089160117743,0.0,0.1452513966480447,1.111731843575419
HMM2 (correctly specified),2,Jump λ=10 real time,0.6653058067653885,0.23986431225589833,0.0,0.15083798882681565,1.5027932960893855
HMM2 (correctly specified),2,Jump λ=30 ex post,0.7142044627316855,0.3316525988366864,0.0,0.22346368715083798,0.6871508379888268
HMM2 (correctly specified),2,Jump λ=30 real time,0.6616591968990887,0.24305244105348667,1.0,0.24581005586592178,1.005586592178771
HMM2 (correctly specified),2,Jump λ=100 ex post,0.6999138394378808,0.4039599571467061,0.0,0.5698324022346368,0.2569832402234637
HMM2 (correctly specified),2,Jump λ=100 real time,0.6191505007384426,0.22397678021743228,7.5,0.5307262569832403,0.441340782122905
HMM2 (correctly specified),2,Change-point (PELT) ex post,0.8667261681627692,0.6757064600455408,0.0,0.36312849162011174,0.2988826815642458
HMM2 (correctly specified),3,HMM-2 ex post (smoothed),0.956563608640181,0.9186105239794782,0.0,0.14285714285714285,0.7765042979942693
HMM2 (correctly specified),3,HMM-2 real time (filtered),0.9220132196376614,0.8459353963392685,1.0,0.09714285714285714,1.7106017191977076
HMM2 (correctly specified),3,Jump λ=10 ex post,0.7604740512732162,0.4946960514223919,1.0,0.25142857142857145,0.7020057306590258
HMM2 (correctly specified),3,Jump λ=10 real time,0.73602745818742,0.438773245153117,2.0,0.2571428571428571,1.011461318051576
HMM2 (correctly specified),3,Jump λ=30 ex post,0.7622510231026307,0.5075079546173327,1.0,0.3314285714285714,0.48424068767908307
HMM2 (correctly specified),3,Jump λ=30 real time,0.7065660546646608,0.3883668152754045,4.0,0.3657142857142857,0.6790830945558739
HMM2 (correctly specified),3,Jump λ=100 ex post,0.7255088625442773,0.4818494264380495,0.0,0.5542857142857143,0.24641833810888253
HMM2 (correctly specified),3,Jump λ=100 real time,0.6425818996177981,0.29062194820677023,8.0,0.5714285714285714,0.36103151862464183
HMM2 (correctly specified),3,Change-point (PELT) ex post,0.8911082162652655,0.7418240230600155,0.0,0.34285714285714286,0.34097421203438394
HMM2 (correctly specified),4,HMM-2 ex post (smoothed),0.9525553935032951,0.9193596679183158,0.0,0.125,0.8547008547008547
HMM2 (correctly specified),4,HMM-2 real time (filtered),0.9120762278191966,0.8387061997235958,1.0,0.08522727272727272,1.8917378917378918
HMM2 (correctly specified),4,Jump λ=10 ex post,0.7464214567513986,0.46727038664310405,2.0,0.3181818181818182,0.7207977207977208
HMM2 (correctly specified),4,Jump λ=10 real time,0.7187231190293272,0.40359623341142437,3.0,0.2897727272727273,1.0113960113960114
HMM2 (correctly specified),4,Jump λ=30 ex post,0.7537719844892685,0.4910130163582569,2.0,0.375,0.46153846153846156
HMM2 (correctly specified),4,Jump λ=30 real time,0.6925432830761179,0.3559945408955334,6.0,0.375,0.6780626780626781
HMM2 (correctly specified),4,Jump λ=100 ex post,0.7313095181948486,0.4754529148202735,0.0,0.5511363636363636,0.2564102564102564
HMM2 (correctly specified),4,Jump λ=100 real time,0.6223312949382795,0.23105784967195309,11.0,0.48863636363636365,0.39316239316239315
HMM2 (correctly specified),4,Change-point (PELT) ex post,0.8648370927888314,0.6759862899042606,0.0,0.3465909090909091,0.3076923076923077
HMM2 (correctly specified),5,HMM-2 ex post (smoothed),0.9556364259945865,0.921273300395245,0.0,0.11834319526627218,0.8698224852071006
HMM2 (correctly specified),5,HMM-2 real time (filtered),0.9094623584761596,0.8305157821248431,1.0,0.09467455621301775,1.9230769230769231
HMM2 (correctly specified),5,Jump λ=10 ex post,0.708655174906502,0.3258308668083161,0.0,0.14201183431952663,1.1390532544378698
HMM2 (correctly specified),5,Jump λ=10 real time,0.6852819538185801,0.2855460232696323,1.0,0.14201183431952663,1.5355029585798816
HMM2 (correctly specified),5,Jump λ=30 ex post,0.717091130456499,0.35515115174921696,0.0,0.26627218934911245,0.6242603550295858
HMM2 (correctly specified),5,Jump λ=30 real time,0.6672055207284575,0.266954439413027,2.0,0.23076923076923078,0.9260355029585798
HMM2 (correctly specified),5,Jump λ=100 ex post,0.7084142766100636,0.34721017297937284,0.0,0.378698224852071,0.26627218934911245
HMM2 (correctly specified),5,Jump λ=100 real time,0.6125089161352222,0.18271519668735625,0.0,0.35502958579881655,0.4822485207100592
HMM2 (correctly specified),5,Change-point (PELT) ex post,0.8666668466634941,0.6826284526822217,0.0,0.33727810650887574,0.33136094674556216
HMM2 (correctly specified),6,HMM-2 ex post (smoothed),0.9484881370736769,0.9100906362934644,0.0,0.1256544502617801,0.8481675392670157
HMM2 (correctly specified),6,HMM-2 real time (filtered),0.8964449804352357,0.8089245772388398,2.0,0.08376963350785341,1.963350785340314
HMM2 (correctly specified),6,Jump λ=10 ex post,0.6830402449635142,0.2951062256238791,0.0,0.2094240837696335,0.9764397905759162
HMM2 (correctly specified),6,Jump λ=10 real time,0.6550389739122686,0.24646649039098456,1.0,0.193717277486911,1.4109947643979057
HMM2 (correctly specified),6,Jump λ=30 ex post,0.6934012327720926,0.31062488443702907,0.0,0.2670157068062827,0.5445026178010471
HMM2 (correctly specified),6,Jump λ=30 real time,0.6474542770336715,0.235002985264939,1.0,0.2617801047120419,0.8089005235602095
HMM2 (correctly specified),6,Jump λ=100 ex post,0.680696738823461,0.27562023133288327,0.0,0.2931937172774869,0.29581151832460734
HMM2 (correctly specified),6,Jump λ=100 real time,0.603112770941161,0.15427893403230142,0.0,0.3193717277486911,0.5078534031413613
HMM2 (correctly specified),6,Change-point (PELT) ex post,0.8396297090915554,0.6137394113349929,0.0,0.35602094240837695,0.25654450261780104
HMM2 (correctly specified),7,HMM-2 ex post (smoothed),0.950137213195327,0.9128504176486287,0.0,0.09302325581395349,0.8775510204081632
HMM2 (correctly specified),7,HMM-2 real time (filtered),0.9058057229699252,0.8266719704396617,2.0,0.05232558139534884,1.9912536443148687
HMM2 (correctly specified),7,Jump λ=10 ex post,0.7208687438763672,0.3900564054025327,2.0,0.26744186046511625,0.8746355685131195
HMM2 (correctly specified),7,Jump λ=10 real time,0.6920662914671236,0.3292755389414964,3.0,0.26744186046511625,1.2536443148688046
HMM2 (correctly specified),7,Jump λ=30 ex post,0.7370438686613958,0.42578266399765896,2.0,0.3430232558139535,0.46647230320699706
HMM2 (correctly specified),7,Jump λ=30 real time,0.6705072190439557,0.29691343629125544,6.0,0.3430232558139535,0.7696793002915452
HMM2 (correctly specified),7,Jump λ=100 ex post,0.7101507856524463,0.4339572973648963,2.0,0.5406976744186046,0.27988338192419826
HMM2 (correctly specified),7,Jump λ=100 real time,0.6126639912996282,0.21668246200614205,10.0,0.5174418604651163,0.42565597667638483
HMM2 (correctly specified),7,Change-point (PELT) ex post,0.8557588422278136,0.655098817698316,0.0,0.37209302325581395,0.2886297376093295
HMM2 (correctly specified),8,HMM-2 ex post (smoothed),0.9597900546746397,0.9253773785172585,0.0,0.12352941176470589,0.8294117647058824
HMM2 (correctly specified),8,HMM-2 real time (filtered),0.9199985201560977,0.8420511199495968,1.0,0.10588235294117647,1.8823529411764706
HMM2 (correctly specified),8,Jump λ=10 ex post,0.7388159398976886,0.4470942098827648,2.0,0.23529411764705882,0.9441176470588235
HMM2 (correctly specified),8,Jump λ=10 real time,0.7183942553664238,0.4031299043408184,3.0,0.21176470588235294,1.361764705882353
HMM2 (correctly specified),8,Jump λ=30 ex post,0.7504568318994119,0.47378031031993917,1.0,0.31176470588235294,0.5294117647058824
HMM2 (correctly specified),8,Jump λ=30 real time,0.7040328865194179,0.3790253807451408,4.0,0.3235294117647059,0.7352941176470589
HMM2 (correctly specified),8,Jump λ=100 ex post,0.7426582104772518,0.4869903544202082,0.0,0.5058823529411764,0.3088235294117647
HMM2 (correctly specified),8,Jump λ=100 real time,0.6486473355604123,0.2877083263188478,8.5,0.4588235294117647,0.49411764705882355
HMM2 (correctly specified),8,Change-point (PELT) ex post,0.8802593878135285,0.7045092381024967,0.0,0.3058823529411765,0.3205882352941177
HMM2 (correctly specified),9,HMM-2 ex post (smoothed),0.9348332434501055,0.8925799451574385,0.0,0.13333333333333333,0.8461538461538461
HMM2 (correctly specified),9,HMM-2 real time (filtered),0.8871203133495289,0.8000051860838155,2.0,0.09230769230769231,1.8974358974358974
HMM2 (correctly specified),9,Jump λ=10 ex post,0.7370758783077744,0.401164767931377,1.0,0.24615384615384617,0.7384615384615385
HMM2 (correctly specified),9,Jump λ=10 real time,0.691094825038981,0.31197498809060975,2.0,0.22564102564102564,1.0717948717948718
HMM2 (correctly specified),9,Jump λ=30 ex post,0.7155953032497469,0.4227455293923753,2.0,0.4205128205128205,0.39487179487179486
HMM2 (correctly specified),9,Jump λ=30 real time,0.6558648322889615,0.28567543237430015,5.0,0.4,0.6205128205128205
HMM2 (correctly specified),9,Jump λ=100 ex post,0.6585934397974671,0.35333706914339935,1.0,0.6512820512820513,0.2
HMM2 (correctly specified),9,Jump λ=100 real time,0.5910641241011094,0.18403517774071843,8.0,0.5948717948717949,0.3230769230769231
HMM2 (correctly specified),9,Change-point (PELT) ex post,0.8230327220940572,0.6021118164441648,0.0,0.4564102564102564,0.2512820512820513
HMM2 (correctly specified),10,HMM-2 ex post (smoothed),0.9629201489016649,0.9290997863729245,0.0,0.09941520467836257,0.8651026392961877
HMM2 (correctly specified),10,HMM-2 real time (filtered),0.9192412852957547,0.8447966132293957,1.0,0.07017543859649122,1.8504398826979471
HMM2 (correctly specified),10,Jump λ=10 ex post,0.7462464735442216,0.4683809983707131,2.0,0.2631578947368421,0.7067448680351907
HMM2 (correctly specified),10,Jump λ=10 real time,0.7131496729237253,0.39236549596778103,3.0,0.26900584795321636,1.0058651026392962
HMM2 (correctly specified),10,Jump λ=30 ex post,0.7412311101548115,0.4680758719735525,1.0,0.36257309941520466,0.4662756598240469
HMM2 (correctly specified),10,Jump λ=30 real time,0.6742944180775519,0.32446213691884473,4.5,0.391812865497076,0.624633431085044
HMM2 (correctly specified),10,Jump λ=100 ex post,0.6733243171402894,0.39095600374989703,0.0,0.6666666666666666,0.20527859237536658
HMM2 (correctly specified),10,Jump λ=100 real time,0.6037839297565628,0.21393094091015175,13.0,0.5789473684210527,0.35777126099706746
HMM2 (correctly specified),10,Change-point (PELT) ex post,0.8592564330331409,0.6317404537340747,0.0,0.2982456140350877,0.2873900293255132
HMM2 (correctly specified),11,HMM-2 ex post (smoothed),0.9478215343638445,0.90459067718206,0.0,0.14917127071823205,0.7790055248618785
HMM2 (correctly specified),11,HMM-2 real time (filtered),0.9030410658015107,0.8176673889758075,1.0,0.08839779005524862,1.867403314917127
HMM2 (correctly specified),11,Jump λ=10 ex post,0.71145237705938,0.32214441725288245,0.0,0.27624309392265195,0.9751381215469613
HMM2 (correctly specified),11,Jump λ=10 real time,0.690156871378701,0.2842975945205197,1.0,0.2265193370165746,1.4558011049723756
HMM2 (correctly specified),11,Jump λ=30 ex post,0.7202456614737383,0.3561888560568792,0.0,0.3314917127071823,0.5414364640883977
HMM2 (correctly specified),11,Jump λ=30 real time,0.6638866082043046,0.2559684792514153,2.0,0.2983425414364641,0.8397790055248618
HMM2 (correctly specified),11,Jump λ=100 ex post,0.7254495781173051,0.4469561092029559,0.0,0.5414364640883977,0.23480662983425415
HMM2 (correctly specified),11,Jump λ=100 real time,0.6437078403001166,0.26855767863545543,0.0,0.5193370165745856,0.3701657458563536
HMM2 (correctly specified),11,Change-point (PELT) ex post,0.8575614477635976,0.6615370668290645,0.0,0.4419889502762431,0.23480662983425415
HMM2 (correctly specified),12,HMM-2 ex post (smoothed),0.9503769077644885,0.9111766399254271,0.0,0.10326086956521739,0.8913043478260869
HMM2 (correctly specified),12,HMM-2 real time (filtered),0.9017962677401175,0.816933452096258,2.0,0.06521739130434782,1.9184782608695652
HMM2 (correctly specified),12,Jump λ=10 ex post,0.7024916855879931,0.32644353891646194,0.0,0.16304347826086957,0.9510869565217391
HMM2 (correctly specified),12,Jump λ=10 real time,0.6767186345398313,0.280119107400965,1.0,0.16847826086956522,1.309782608695652
HMM2 (correctly specified),12,Jump λ=30 ex post,0.725758307079171,0.39407256130063795,0.0,0.29347826086956524,0.5
HMM2 (correctly specified),12,Jump λ=30 real time,0.6719681464018301,0.2888344406899612,3.0,0.2826086956521739,0.7934782608695652
HMM2 (correctly specified),12,Jump λ=100 ex post,0.7080017922836161,0.40470429903948646,0.0,0.5434782608695652,0.24456521739130435
HMM2 (correctly specified),12,Jump λ=100 real time,0.6055390074044478,0.19449450325786566,1.0,0.5489130434782609,0.391304347826087
HMM2 (correctly specified),12,Change-point (PELT) ex post,0.8463409058590955,0.5953275508982617,0.0,0.27717391304347827,0.28804347826086957
HMM2 (correctly specified),13,HMM-2 ex post (smoothed),0.9452560185559326,0.9094051384366453,0.0,0.1896551724137931,0.8103448275862069
HMM2 (correctly specified),13,HMM-2 real time (filtered),0.9064647434467026,0.8297346644077557,1.0,0.14367816091954022,1.793103448275862
HMM2 (correctly specified),13,Jump λ=10 ex post,0.7372868019763724,0.37823907783284816,0.0,0.22413793103448276,1.0172413793103448
HMM2 (correctly specified),13,Jump λ=10 real time,0.71379415989897,0.33306141162941316,1.0,0.20114942528735633,1.4482758620689655
HMM2 (correctly specified),13,Jump λ=30 ex post,0.7694310390510066,0.47191496514779785,0.0,0.3103448275862069,0.5172413793103449
HMM2 (correctly specified),13,Jump λ=30 real time,0.7026926446505947,0.33740110628843234,4.0,0.3103448275862069,0.8333333333333334
HMM2 (correctly specified),13,Jump λ=100 ex post,0.7465576919752186,0.4456247741388646,0.0,0.47126436781609193,0.28160919540229884
HMM2 (correctly specified),13,Jump λ=100 real time,0.6485294005306405,0.2528574301397295,6.0,0.4425287356321839,0.4885057471264368
HMM2 (correctly specified),13,Change-point (PELT) ex post,0.8684798022501762,0.6969735823946005,0.0,0.4482758620689655,0.28735632183908044
HMM2 (correctly specified),14,HMM-2 ex post (smoothed),0.9388862173440962,0.8986680302753555,0.0,0.1452513966480447,0.8263305322128851
HMM2 (correctly specified),14,HMM-2 real time (filtered),0.9003851957551078,0.8194164268129487,2.0,0.0893854748603352,1.9187675070028012
HMM2 (correctly specified),14,Jump λ=10 ex post,0.7628795441535501,0.4866949943253691,2.0,0.33519553072625696,0.6582633053221288
HMM2 (correctly specified),14,Jump λ=10 real time,0.7290477088883701,0.41289442200904913,4.0,0.33519553072625696,0.9551820728291317
HMM2 (correctly specified),14,Jump λ=30 ex post,0.766260332637412,0.5129943821072409,2.0,0.46368715083798884,0.39775910364145656
HMM2 (correctly specified),14,Jump λ=30 real time,0.6969482616271387,0.36216092476817585,6.0,0.44692737430167595,0.5546218487394958
HMM2 (correctly specified),14,Jump λ=100 ex post,0.7278749863457432,0.4526040585015878,0.0,0.5698324022346368,0.24089635854341737
HMM2 (correctly specified),14,Jump λ=100 real time,0.6196931954285211,0.2238633714304914,9.0,0.5139664804469274,0.3473389355742297
HMM2 (correctly specified),14,Change-point (PELT) ex post,0.850880700937944,0.662717129645874,0.0,0.4245810055865922,0.2969187675070028
HMM2 (correctly specified),15,HMM-2 ex post (smoothed),0.9487203607737648,0.9105229469690633,0.0,0.09424083769633508,0.8848167539267016
HMM2 (correctly specified),15,HMM-2 real time (filtered),0.8900615530677638,0.7995378421161117,1.0,0.06806282722513089,2.020942408376963
HMM2 (correctly specified),15,Jump λ=10 ex post,0.7358402626686182,0.38864025330625496,1.0,0.193717277486911,0.7539267015706806
HMM2 (correctly specified),15,Jump λ=10 real time,0.6988923612484671,0.31783041391409184,2.0,0.193717277486911,0.9947643979057592
HMM2 (correctly specified),15,Jump λ=30 ex post,0.7430054986352308,0.41698928293116044,0.0,0.29842931937172773,0.4869109947643979
HMM2 (correctly specified),15,Jump λ=30 real time,0.6601200996874876,0.26340540164860216,4.0,0.34554973821989526,0.6544502617801047
HMM2 (correctly specified),15,Jump λ=100 ex post,0.7041050674472882,0.3318185033744111,0.0,0.39267015706806285,0.20418848167539266
HMM2 (correctly specified),15,Jump λ=100 real time,0.608479053760038,0.16922579059792398,0.0,0.418848167539267,0.38219895287958117
HMM2 (correctly specified),15,Change-point (PELT) ex post,0.8532733098619407,0.6457758873782083,0.0,0.39790575916230364,0.2513089005235602
HMM2 (correctly specified),16,HMM-2 ex post (smoothed),0.9573819005828428,0.9223128399363469,0.0,0.0913978494623656,0.8221024258760108
HMM2 (correctly specified),16,HMM-2 real time (filtered),0.9160816725494179,0.8405774514389894,1.0,0.06451612903225806,1.9272237196765498
HMM2 (correctly specified),16,Jump λ=10 ex post,0.705440267639888,0.35242855365512615,1.0,0.1774193548387097,0.9757412398921833
HMM2 (correctly specified),16,Jump λ=10 real time,0.6787149992697186,0.3041436864244541,2.0,0.20430107526881722,1.4447439353099731
HMM2 (correctly specified),16,Jump λ=30 ex post,0.7279880553293339,0.4068774088739998,0.0,0.24731182795698925,0.568733153638814
HMM2 (correctly specified),16,Jump λ=30 real time,0.6652772850690233,0.2896719436419999,4.0,0.26881720430107525,0.8355795148247979
HMM2 (correctly specified),16,Jump λ=100 ex post,0.7153669425025238,0.3692298684145301,0.0,0.3118279569892473,0.2560646900269542
HMM2 (correctly specified),16,Jump λ=100 real time,0.6069512790643146,0.18058589137138759,0.0,0.3333333333333333,0.42048517520215634
HMM2 (correctly specified),16,Change-point (PELT) ex post,0.8324256096647045,0.60642878562924,0.0,0.3387096774193548,0.25336927223719674
HMM2 (correctly specified),17,HMM-2 ex post (smoothed),0.9536738793742003,0.9177592253481655,0.0,0.13903743315508021,0.8181818181818182
HMM2 (correctly specified),17,HMM-2 real time (filtered),0.9045279567237547,0.8216568472650583,1.0,0.10695187165775401,1.946524064171123
HMM2 (correctly specified),17,Jump λ=10 ex post,0.7302806755179456,0.431521526368949,2.0,0.3155080213903743,0.7540106951871658
HMM2 (correctly specified),17,Jump λ=10 real time,0.6972692345102616,0.36192029667426473,3.0,0.3155080213903743,1.0
HMM2 (correctly specified),17,Jump λ=30 ex post,0.7349121886527051,0.45680490725579803,1.0,0.37433155080213903,0.49732620320855614
HMM2 (correctly specified),17,Jump λ=30 real time,0.6653541493643989,0.30963264090928,6.0,0.3689839572192513,0.6898395721925134
HMM2 (correctly specified),17,Jump λ=100 ex post,0.6719984540189895,0.3571524113338993,0.0,0.5882352941176471,0.21390374331550802
HMM2 (correctly specified),17,Jump λ=100 real time,0.5981763409725184,0.19097649805164307,11.5,0.48663101604278075,0.3850267379679144
HMM2 (correctly specified),17,Change-point (PELT) ex post,0.8657038889886497,0.6776868366721331,0.0,0.3422459893048128,0.2967914438502674
HMM2 (correctly specified),18,HMM-2 ex post (smoothed),0.9526987359353902,0.9170420825156066,0.0,0.10778443113772455,0.8622754491017964
HMM2 (correctly specified),18,HMM-2 real time (filtered),0.9030659145896407,0.8188114350104183,2.0,0.0718562874251497,1.8383233532934131
HMM2 (correctly specified),18,Jump λ=10 ex post,0.6698137420440966,0.2622142855411024,0.0,0.19760479041916168,1.0419161676646707
HMM2 (correctly specified),18,Jump λ=10 real time,0.6489896795997534,0.22671178356646438,1.0,0.18562874251497005,1.5748502994011977
HMM2 (correctly specified),18,Jump λ=30 ex post,0.7003774191579877,0.3357622625005303,0.0,0.25748502994011974,0.6107784431137725
HMM2 (correctly specified),18,Jump λ=30 real time,0.6524668317820539,0.2500311525786617,3.0,0.2994011976047904,0.8562874251497006
HMM2 (correctly specified),18,Jump λ=100 ex post,0.7121551646614309,0.4152437376320567,0.0,0.46706586826347307,0.3143712574850299
HMM2 (correctly specified),18,Jump λ=100 real time,0.6110148733274461,0.20439955644041674,6.0,0.46706586826347307,0.4431137724550898
HMM2 (correctly specified),18,Change-point (PELT) ex post,0.8793639390268746,0.6819543388818304,0.0,0.2934131736526946,0.3263473053892216
HMM2 (correctly specified),19,HMM-2 ex post (smoothed),0.9418599979400075,0.9003867975293187,0.0,0.17543859649122806,0.7514619883040936
HMM2 (correctly specified),19,HMM-2 real time (filtered),0.9074805244263736,0.8316381145675341,1.0,0.11695906432748537,1.6929824561403508
HMM2 (correctly specified),19,Jump λ=10 ex post,0.7337119360983497,0.4047945773823036,0.5,0.23976608187134502,0.9766081871345029
HMM2 (correctly specified),19,Jump λ=10 real time,0.7121628862394691,0.3592877400024833,2.0,0.21637426900584794,1.4152046783625731
HMM2 (correctly specified),19,Jump λ=30 ex post,0.7526778685456915,0.4680301795276649,1.0,0.34502923976608185,0.5526315789473685
HMM2 (correctly specified),19,Jump λ=30 real time,0.7040353208365323,0.36384405675282006,5.0,0.3157894736842105,0.8128654970760234
HMM2 (correctly specified),19,Jump λ=100 ex post,0.7359102050228268,0.47163852743215584,0.0,0.5263157894736842,0.24853801169590642
HMM2 (correctly specified),19,Jump λ=100 real time,0.6407389760570915,0.26591146062915894,6.0,0.49122807017543857,0.4327485380116959
HMM2 (correctly specified),19,Change-point (PELT) ex post,0.8618793268061277,0.696470246407918,0.0,0.42105263157894735,0.2894736842105263
HMM2 (correctly specified),20,HMM-2 ex post (smoothed),0.9541764865049313,0.9164089527175284,0.0,0.11822660098522167,0.8666666666666667
HMM2 (correctly specified),20,HMM-2 real time (filtered),0.9118954735315159,0.832748976894089,1.0,0.09359605911330049,1.94320987654321
HMM2 (correctly specified),20,Jump λ=10 ex post,0.7163072164337051,0.41191253157839414,1.0,0.2857142857142857,0.7777777777777778
HMM2 (correctly specified),20,Jump λ=10 real time,0.6905021641255553,0.3567605583265292,2.0,0.24630541871921183,1.0641975308641975
HMM2 (correctly specified),20,Jump λ=30 ex post,0.7160702375446948,0.43354460491849,1.0,0.3891625615763547,0.4691358024691358
HMM2 (correctly specified),20,Jump λ=30 real time,0.6654188958217364,0.32237330969378897,5.0,0.35467980295566504,0.674074074074074
HMM2 (correctly specified),20,Jump λ=100 ex post,0.6915002826848806,0.3954182903152629,0.0,0.5123152709359606,0.2345679012345679
HMM2 (correctly specified),20,Jump λ=100 real time,0.613222408135045,0.2238427133425872,4.0,0.5123152709359606,0.37530864197530867
HMM2 (correctly specified),20,Change-point (PELT) ex post,0.8423307908046849,0.6315535686720927,0.0,0.3497536945812808,0.24938271604938272
HMM2 (correctly specified),21,HMM-2 ex post (smoothed),0.951949873202334,0.9137263092213065,0.0,0.08433734939759036,0.9036144578313253
HMM2 (correctly specified),21,HMM-2 real time (filtered),0.9104686332564111,0.8320874908499598,1.5,0.07228915662650602,1.891566265060241
HMM2 (correctly specified),21,Jump λ=10 ex post,0.7832488770137567,0.5243398754100381,1.0,0.2289156626506024,0.7198795180722891
HMM2 (correctly specified),21,Jump λ=10 real time,0.7472889581994623,0.4448397425345729,3.0,0.2289156626506024,0.9126506024096386
HMM2 (correctly specified),21,Jump λ=30 ex post,0.7817480229492648,0.537615931388877,1.0,0.3493975903614458,0.4367469879518072
HMM2 (correctly specified),21,Jump λ=30 real time,0.7156130398848468,0.39170807900613624,4.0,0.3192771084337349,0.6475903614457831
HMM2 (correctly specified),21,Jump λ=100 ex post,0.7452137061488882,0.5100616560469002,0.0,0.536144578313253,0.25903614457831325
HMM2 (correctly specified),21,Jump λ=100 real time,0.6435023314203845,0.2782414540326852,9.0,0.5240963855421686,0.3795180722891566
HMM2 (correctly specified),21,Change-point (PELT) ex post,0.8639110389182654,0.6546775175814963,0.0,0.3132530120481928,0.286144578313253
HMM2 (correctly specified),22,HMM-2 ex post (smoothed),0.9418040401472673,0.8989727515688676,0.0,0.08743169398907104,0.8961748633879781
HMM2 (correctly specified),22,HMM-2 real time (filtered),0.9026294957945512,0.8212632361746628,1.0,0.04371584699453552,1.907103825136612
HMM2 (correctly specified),22,Jump λ=10 ex post,0.6878196763306303,0.28691363703255646,0.0,0.2185792349726776,0.9398907103825137
HMM2 (correctly specified),22,Jump λ=10 real time,0.6653458990504022,0.249267794805472,0.0,0.21311475409836064,1.3989071038251366
HMM2 (correctly specified),22,Jump λ=30 ex post,0.7086922500936732,0.32441902049581195,0.0,0.26229508196721313,0.5737704918032787
HMM2 (correctly specified),22,Jump λ=30 real time,0.6611016764310698,0.24670114694063272,0.0,0.2568306010928962,0.8087431693989071
HMM2 (correctly specified),22,Jump λ=100 ex post,0.7198117971066119,0.39119637900021165,0.0,0.45901639344262296,0.2568306010928962
HMM2 (correctly specified),22,Jump λ=100 real time,0.6212946944813699,0.20486002413262472,0.0,0.44808743169398907,0.4562841530054645
HMM2 (correctly specified),22,Change-point (PELT) ex post,0.8625472946730579,0.6551382122700146,0.0,0.3333333333333333,0.2896174863387978
HMM2 (correctly specified),23,HMM-2 ex post (smoothed),0.9571016640569318,0.9210184807571274,0.0,0.1340782122905028,0.8100558659217877
HMM2 (correctly specified),23,HMM-2 real time (filtered),0.9094923833640132,0.8261383702763323,1.0,0.0893854748603352,1.8491620111731844
HMM2 (correctly specified),23,Jump λ=10 ex post,0.7646148535535424,0.4969558309314157,2.0,0.2737430167597765,0.6787709497206704
HMM2 (correctly specified),23,Jump λ=10 real time,0.7271939664230279,0.41505043356498816,3.0,0.2905027932960894,0.9581005586592178
HMM2 (correctly specified),23,Jump λ=30 ex post,0.7702074630249669,0.5210944962889483,1.0,0.3575418994413408,0.44972067039106145
HMM2 (correctly specified),23,Jump λ=30 real time,0.6969983318213027,0.365591783050097,5.0,0.3743016759776536,0.5782122905027933
HMM2 (correctly specified),23,Jump λ=100 ex post,0.7303892255202286,0.4636986010493598,0.0,0.5195530726256983,0.2430167597765363
HMM2 (correctly specified),23,Jump λ=100 real time,0.638011012178497,0.26225232162252876,3.0,0.5195530726256983,0.36033519553072624
HMM2 (correctly specified),23,Change-point (PELT) ex post,0.8653526035400132,0.6835678606369087,0.0,0.3854748603351955,0.29329608938547486
HMM2 (correctly specified),24,HMM-2 ex post (smoothed),0.9543378715948045,0.9199681800822268,0.0,0.12790697674418605,0.8197674418604651
HMM2 (correctly specified),24,HMM-2 real time (filtered),0.9094634398013733,0.8303022483798365,2.0,0.09302325581395349,1.930232558139535
HMM2 (correctly specified),24,Jump λ=10 ex post,0.7320433297115503,0.3737286987010806,0.0,0.1511627906976744,0.9069767441860465
HMM2 (correctly specified),24,Jump λ=10 real time,0.700373539004906,0.31753725152705525,2.0,0.14534883720930233,1.3313953488372092
HMM2 (correctly specified),24,Jump λ=30 ex post,0.7421423700245158,0.39685286151109533,0.0,0.22093023255813954,0.5581395348837209
HMM2 (correctly specified),24,Jump λ=30 real time,0.6870700730243287,0.2973130786801943,1.0,0.20930232558139536,0.8372093023255814
HMM2 (correctly specified),24,Jump λ=100 ex post,0.744334756716686,0.46269065116023966,0.0,0.436046511627907,0.27906976744186046
HMM2 (correctly specified),24,Jump λ=100 real time,0.6477103490097055,0.2666970086907644,0.0,0.4186046511627907,0.4011627906976744
HMM2 (correctly specified),24,Change-point (PELT) ex post,0.8521956456963413,0.6894849653768306,0.0,0.436046511627907,0.26744186046511625
HMM2 (correctly specified),25,HMM-2 ex post (smoothed),0.9520311716803038,0.9127000336540079,0.0,0.10101010101010101,0.8405063291139241
HMM2 (correctly specified),25,HMM-2 real time (filtered),0.9068651956977557,0.8228484856529644,1.0,0.08080808080808081,1.918987341772152
HMM2 (correctly specified),25,Jump λ=10 ex post,0.7668049799854568,0.5156047600628311,2.0,0.2878787878787879,0.7088607594936709
HMM2 (correctly specified),25,Jump λ=10 real time,0.7238994648668874,0.42251634468219523,4.0,0.2727272727272727,0.9772151898734177
HMM2 (correctly specified),25,Jump λ=30 ex post,0.7753532990462205,0.5447032945930966,2.0,0.41919191919191917,0.44556962025316454
HMM2 (correctly specified),25,Jump λ=30 real time,0.695715184578565,0.371809902375272,6.5,0.3838383838383838,0.6430379746835443
HMM2 (correctly specified),25,Jump λ=100 ex post,0.7504054974690604,0.5015319734840886,0.0,0.5555555555555556,0.22784810126582278
HMM2 (correctly specified),25,Jump λ=100 real time,0.6278263482459918,0.2405795843745907,0.0,0.5151515151515151,0.369620253164557
HMM2 (correctly specified),26,HMM-2 ex post (smoothed),0.9372715836701,0.896147287676486,0.0,0.13114754098360656,0.8191780821917808
HMM2 (correctly specified),26,HMM-2 real time (filtered),0.8991792674957653,0.8196282245123084,2.0,0.07650273224043716,1.8383561643835618
HMM2 (correctly specified),26,Jump λ=10 ex post,0.7317014242357391,0.38965851714821564,0.0,0.2459016393442623,0.8849315068493151
HMM2 (correctly specified),26,Jump λ=10 real time,0.7052632058574823,0.33960592497754905,1.0,0.2568306010928962,1.2684931506849315
HMM2 (correctly specified),26,Jump λ=30 ex post,0.7734357575097119,0.49026034303063337,0.0,0.30601092896174864,0.4958904109589041
HMM2 (correctly specified),26,Jump λ=30 real time,0.7033156226232836,0.352597258369199,4.0,0.3224043715846995,0.7041095890410959
HMM2 (correctly specified),26,Jump λ=100 ex post,0.7384945757232527,0.46281149090034535,0.0,0.5245901639344263,0.25205479452054796
HMM2 (correctly specified),26,Jump λ=100 real time,0.6385978175312108,0.2519869596024922,8.0,0.453551912568306,0.4438356164383562
HMM2 (correctly specified),27,HMM-2 ex post (smoothed),0.9564206741905081,0.9111335687692009,0.0,0.0918918918918919,0.8324324324324325
HMM2 (correctly specified),27,HMM-2 real time (filtered),0.9008992717768087,0.8089180555408665,2.0,0.08108108108108109,1.9567567567567568
HMM2 (correctly specified),27,Jump λ=10 ex post,0.6863564729397293,0.2854191138320261,0.0,0.17297297297297298,1.054054054054054
HMM2 (correctly specified),27,Jump λ=10 real time,0.6658879251130174,0.24904979654423098,1.0,0.16756756756756758,1.4378378378378378
HMM2 (correctly specified),27,Jump λ=30 ex post,0.7113851515950225,0.33893962480225936,0.0,0.22162162162162163,0.6459459459459459
HMM2 (correctly specified),27,Jump λ=30 real time,0.6627245371479689,0.2538024626955734,2.0,0.23783783783783785,0.8891891891891892
HMM2 (correctly specified),27,Jump λ=100 ex post,0.7064133110892797,0.312992902674578,0.0,0.2918918918918919,0.3
HMM2 (correctly specified),27,Jump λ=100 real time,0.6111646079934825,0.16384593566415662,0.0,0.35135135135135137,0.4837837837837838
HMM2 (correctly specified),28,HMM-2 ex post (smoothed),0.9420376328050303,0.8967349401546101,0.0,0.19318181818181818,0.7386363636363636
HMM2 (correctly specified),28,HMM-2 real time (filtered),0.9004821567184913,0.8170982884494489,1.0,0.1534090909090909,1.625
HMM2 (correctly specified),28,Jump λ=10 ex post,0.7552057714973401,0.46070823295832786,1.0,0.3352272727272727,0.6732954545454546
HMM2 (correctly specified),28,Jump λ=10 real time,0.7316534763470084,0.4056519995870854,3.0,0.32954545454545453,1.0028409090909092
HMM2 (correctly specified),28,Jump λ=30 ex post,0.7693170581625974,0.49487468160178405,1.0,0.3806818181818182,0.4289772727272727
HMM2 (correctly specified),28,Jump λ=30 real time,0.7079407846899066,0.36409792817909803,5.0,0.38636363636363635,0.5994318181818182
HMM2 (correctly specified),28,Jump λ=100 ex post,0.7617003809092671,0.4594956418685997,0.0,0.42613636363636365,0.2755681818181818
HMM2 (correctly specified),28,Jump λ=100 real time,0.6124512544332936,0.18739917384240412,5.5,0.5,0.4005681818181818
HMM2 (correctly specified),29,HMM-2 ex post (smoothed),0.9451094948803513,0.905213888854516,0.0,0.12435233160621761,0.8497409326424871
HMM2 (correctly specified),29,HMM-2 real time (filtered),0.894296264605497,0.8036385237436632,2.0,0.09326424870466321,1.9585492227979275
HMM2 (correctly specified),29,Jump λ=10 ex post,0.692987117690121,0.30883243150675144,0.0,0.20725388601036268,0.8989637305699482
HMM2 (correctly specified),29,Jump λ=10 real time,0.666923476227147,0.26168680629010144,2.0,0.20207253886010362,1.3601036269430051
HMM2 (correctly specified),29,Jump λ=30 ex post,0.7202944582299421,0.3783019745235575,1.0,0.29015544041450775,0.5207253886010362
HMM2 (correctly specified),29,Jump λ=30 real time,0.6588700455396784,0.26532563211141014,3.0,0.31088082901554404,0.7383419689119171
HMM2 (correctly specified),29,Jump λ=100 ex post,0.7050967932080279,0.40424475529402626,0.0,0.5233160621761658,0.24870466321243523
HMM2 (correctly specified),29,Jump λ=100 real time,0.6132235056995903,0.20931972532286125,6.0,0.5025906735751295,0.3756476683937824
HMM2 (correctly specified),30,HMM-2 ex post (smoothed),0.9518781363201374,0.9118696802248096,0.0,0.12834224598930483,0.8502673796791443
HMM2 (correctly specified),30,HMM-2 real time (filtered),0.9059197805432,0.8206851808412589,1.0,0.10160427807486631,1.8235294117647058
HMM2 (correctly specified),30,Jump λ=10 ex post,0.6839745447881787,0.28269496861857335,0.0,0.19786096256684493,1.0454545454545454
HMM2 (correctly specified),30,Jump λ=10 real time,0.6599852658896089,0.24326429913326442,1.0,0.18181818181818182,1.6203208556149733
HMM2 (correctly specified),30,Jump λ=30 ex post,0.698077198593966,0.30947337150823884,0.0,0.29411764705882354,0.5240641711229946
HMM2 (correctly specified),30,Jump λ=30 real time,0.645811236795294,0.22366794012882274,0.0,0.24598930481283424,0.8475935828877005
HMM2 (correctly specified),30,Jump λ=100 ex post,0.7004004494273872,0.343458542676663,0.0,0.40641711229946526,0.24598930481283424
HMM2 (correctly specified),30,Jump λ=100 real time,0.601022354755175,0.16387392156444724,0.0,0.37967914438502676,0.4411764705882353
HMM2 (correctly specified),31,HMM-2 ex post (smoothed),0.9500461507432323,0.9069274121015792,0.0,0.10204081632653061,0.8877551020408163
HMM2 (correctly specified),31,HMM-2 real time (filtered),0.9048293945037282,0.8189493619973411,1.0,0.07653061224489796,1.9489795918367347
HMM2 (correctly specified),31,Jump λ=10 ex post,0.7539400110608914,0.47003202479698336,2.0,0.29591836734693877,0.7142857142857143
HMM2 (correctly specified),31,Jump λ=10 real time,0.719411001370653,0.3928244921130244,3.0,0.27040816326530615,1.0255102040816326
HMM2 (correctly specified),31,Jump λ=30 ex post,0.7518886545976545,0.4687819903084727,1.0,0.40816326530612246,0.4336734693877551
HMM2 (correctly specified),31,Jump λ=30 real time,0.6782289678482127,0.3167990682493135,5.0,0.4030612244897959,0.5969387755102041
HMM2 (correctly specified),31,Jump λ=100 ex post,0.6739155345855038,0.391674180970915,3.0,0.6989795918367347,0.19387755102040816
HMM2 (correctly specified),31,Jump λ=100 real time,0.6049369090307025,0.21784071868171817,10.0,0.6377551020408163,0.33163265306122447
HMM2 (correctly specified),32,HMM-2 ex post (smoothed),0.9528749574177144,0.9148961816617526,0.0,0.12953367875647667,0.7979274611398963
HMM2 (correctly specified),32,HMM-2 real time (filtered),0.9142225062182117,0.8366994830109368,1.5,0.09844559585492228,1.7305699481865284
HMM2 (correctly specified),32,Jump λ=10 ex post,0.7015756415407794,0.34736137467137906,0.0,0.23834196891191708,0.8989637305699482
HMM2 (correctly specified),32,Jump λ=10 real time,0.6778621570628638,0.3003197843826002,2.0,0.18652849740932642,1.2772020725388602
HMM2 (correctly specified),32,Jump λ=30 ex post,0.7176998389802065,0.3813493047056231,0.0,0.2849740932642487,0.538860103626943
HMM2 (correctly specified),32,Jump λ=30 real time,0.664821367739592,0.28158386192838514,3.0,0.27979274611398963,0.7797927461139896
HMM2 (correctly specified),32,Jump λ=100 ex post,0.7354257350107503,0.4566164412069378,0.0,0.46113989637305697,0.2694300518134715
HMM2 (correctly specified),32,Jump λ=100 real time,0.6405666347456391,0.26026671249054256,0.0,0.44041450777202074,0.422279792746114
HMM2 (correctly specified),33,HMM-2 ex post (smoothed),0.9563539702067201,0.9187318051625706,0.0,0.11176470588235295,0.8705882352941177
HMM2 (correctly specified),33,HMM-2 real time (filtered),0.9083406203087132,0.8250533045349535,1.0,0.07058823529411765,1.9411764705882353
HMM2 (correctly specified),33,Jump λ=10 ex post,0.7552259990469254,0.46676753521037506,2.0,0.21764705882352942,0.7823529411764706
HMM2 (correctly specified),33,Jump λ=10 real time,0.7178275676727925,0.3876096825853753,3.0,0.25882352941176473,1.1588235294117648
HMM2 (correctly specified),33,Jump λ=30 ex post,0.750438610743575,0.49129016570192197,1.0,0.37058823529411766,0.4823529411764706
HMM2 (correctly specified),33,Jump λ=30 real time,0.6796566679511815,0.334849073552409,6.5,0.3411764705882353,0.6941176470588235
HMM2 (correctly specified),33,Jump λ=100 ex post,0.7095280959027768,0.4459274948028841,1.0,0.5470588235294118,0.3
HMM2 (correctly specified),33,Jump λ=100 real time,0.6080763859833291,0.2138162177986338,10.0,0.5294117647058824,0.4294117647058823
HMM2 (correctly specified),34,HMM-2 ex post (smoothed),0.9515326988985084,0.9122586344689724,0.0,0.07179487179487179,0.9179487179487179
HMM2 (correctly specified),34,HMM-2 real time (filtered),0.9098106759103398,0.8295161563878243,1.0,0.041025641025641026,2.071794871794872
HMM2 (correctly specified),34,Jump λ=10 ex post,0.743982302650732,0.44210814123632736,1.0,0.2512820512820513,0.764102564102564
HMM2 (correctly specified),34,Jump λ=10 real time,0.7092016707597439,0.3716735244705375,3.0,0.23076923076923078,1.0307692307692307
HMM2 (correctly specified),34,Jump λ=30 ex post,0.7489845458360775,0.4579420212852149,0.0,0.3282051282051282,0.4717948717948718
HMM2 (correctly specified),34,Jump λ=30 real time,0.6790176379821263,0.31698602831848444,5.0,0.29743589743589743,0.6923076923076923
HMM2 (correctly specified),34,Jump λ=100 ex post,0.7206669916475489,0.3722743819542843,0.0,0.3641025641025641,0.2153846153846154
HMM2 (correctly specified),34,Jump λ=100 real time,0.6244184660994132,0.2017332153500102,0.0,0.3333333333333333,0.4153846153846154
HMM2 (correctly specified),35,HMM-2 ex post (smoothed),0.9578422818175885,0.9215006634415359,0.0,0.14375,0.7875
HMM2 (correctly specified),35,HMM-2 real time (filtered),0.9102969359405343,0.8283656292655379,2.0,0.13125,1.75625
HMM2 (correctly specified),35,Jump λ=10 ex post,0.7905758141043424,0.5306424117576117,2.0,0.30625,0.678125
HMM2 (correctly specified),35,Jump λ=10 real time,0.7573239558005189,0.45397369668472964,4.0,0.28125,0.934375
HMM2 (correctly specified),35,Jump λ=30 ex post,0.7937308254051143,0.5511699508862249,1.0,0.38125,0.478125
HMM2 (correctly specified),35,Jump λ=30 real time,0.7157716907505018,0.38772610326733703,7.0,0.36875,0.621875
HMM2 (correctly specified),35,Jump λ=100 ex post,0.7842235920951712,0.521682948919898,0.0,0.49375,0.259375
HMM2 (correctly specified),35,Jump λ=100 real time,0.6473983236508429,0.2538350242495163,9.5,0.4375,0.421875
HMM2 (correctly specified),36,HMM-2 ex post (smoothed),0.952130151152856,0.9185856631815942,0.0,0.14285714285714285,0.8601190476190477
HMM2 (correctly specified),36,HMM-2 real time (filtered),0.9033636105045415,0.8232560788059653,2.0,0.10714285714285714,1.8005952380952381
HMM2 (correctly specified),36,Jump λ=10 ex post,0.7531697213087916,0.45314766969872233,2.0,0.30357142857142855,0.8303571428571429
HMM2 (correctly specified),36,Jump λ=10 real time,0.7262557089383563,0.3940091304210216,3.0,0.2916666666666667,1.0386904761904763
HMM2 (correctly specified),36,Jump λ=30 ex post,0.766821140023171,0.4701173432624163,1.0,0.38095238095238093,0.46726190476190477
HMM2 (correctly specified),36,Jump λ=30 real time,0.7001153716839724,0.33645044060182017,5.0,0.3392857142857143,0.6875
HMM2 (correctly specified),36,Jump λ=100 ex post,0.7076248978104014,0.4464783329113753,2.0,0.6309523809523809,0.25892857142857145
HMM2 (correctly specified),36,Jump λ=100 real time,0.6135371003638984,0.22142916231713483,11.0,0.5535714285714286,0.41369047619047616
HMM2 (correctly specified),37,HMM-2 ex post (smoothed),0.9473925392618379,0.9079059883264097,0.0,0.14375,0.8125
HMM2 (correctly specified),37,HMM-2 real time (filtered),0.9064489892796392,0.8303397446258284,1.0,0.1125,1.85
HMM2 (correctly specified),37,Jump λ=10 ex post,0.773521420942284,0.508742663923293,2.0,0.2375,0.80625
HMM2 (correctly specified),37,Jump λ=10 real time,0.7442381423315796,0.43950901043529367,4.0,0.26875,0.975
HMM2 (correctly specified),37,Jump λ=30 ex post,0.7813050358004667,0.5303898778921314,1.0,0.325,0.49375
HMM2 (correctly specified),37,Jump λ=30 real time,0.7122344238300566,0.3776074082947485,6.0,0.35,0.71875
HMM2 (correctly specified),37,Jump λ=100 ex post,0.7320129751968036,0.46131271118717865,0.0,0.49375,0.2625
HMM2 (correctly specified),37,Jump λ=100 real time,0.6420138454843942,0.259638082983096,9.0,0.44375,0.41875
HMM2 (correctly specified),38,HMM-2 ex post (smoothed),0.9531027318647424,0.9169905808527369,0.0,0.12352941176470589,0.8529411764705882
HMM2 (correctly specified),38,HMM-2 real time (filtered),0.9101933888985944,0.8297102580908685,1.0,0.08235294117647059,1.964705882352941
HMM2 (correctly specified),38,Jump λ=10 ex post,0.7531770067268153,0.44849735206973695,1.0,0.25882352941176473,0.8176470588235294
HMM2 (correctly specified),38,Jump λ=10 real time,0.7198874042682686,0.3823458320866807,3.0,0.22941176470588234,1.1411764705882352
HMM2 (correctly specified),38,Jump λ=30 ex post,0.7554906104476967,0.4652530909938257,1.0,0.3235294117647059,0.47058823529411764
HMM2 (correctly specified),38,Jump λ=30 real time,0.6946784709973006,0.34313810861475924,5.0,0.3058823529411765,0.6941176470588235
HMM2 (correctly specified),38,Jump λ=100 ex post,0.7083122474626513,0.4082747066900644,0.0,0.5352941176470588,0.2411764705882353
HMM2 (correctly specified),38,Jump λ=100 real time,0.6213305607057051,0.22684025898367344,1.0,0.5058823529411764,0.40588235294117647
HMM2 (correctly specified),39,HMM-2 ex post (smoothed),0.9493869200454951,0.9110198885868585,0.0,0.1676300578034682,0.7855072463768116
HMM2 (correctly specified),39,HMM-2 real time (filtered),0.9004717095563906,0.8162283385095204,2.0,0.12138728323699421,1.8115942028985508
HMM2 (correctly specified),39,Jump λ=10 ex post,0.7658356523396574,0.48182284982173995,1.0,0.27167630057803466,0.7217391304347827
HMM2 (correctly specified),39,Jump λ=10 real time,0.7285541653187064,0.40383509524658967,3.0,0.26011560693641617,0.9826086956521739
HMM2 (correctly specified),39,Jump λ=30 ex post,0.7727809898662672,0.5047582358205844,1.0,0.3468208092485549,0.4260869565217391
HMM2 (correctly specified),39,Jump λ=30 real time,0.7067037433146556,0.36730299397815913,5.0,0.3179190751445087,0.6173913043478261
HMM2 (correctly specified),39,Jump λ=100 ex post,0.7384903929284596,0.45288189967663195,0.0,0.4797687861271676,0.2463768115942029
HMM2 (correctly specified),39,Jump λ=100 real time,0.6345399322868032,0.24256760628390828,0.0,0.49710982658959535,0.3565217391304348
HMM2 (correctly specified),40,HMM-2 ex post (smoothed),0.954898006370221,0.9146948448541663,0.0,0.12568306010928962,0.8142076502732241
HMM2 (correctly specified),40,HMM-2 real time (filtered),0.9100530563497851,0.8256062765840948,1.0,0.10382513661202186,1.8360655737704918
HMM2 (correctly specified),40,Jump λ=10 ex post,0.7531209349787766,0.44137893540922857,0.0,0.22404371584699453,0.8333333333333334
HMM2 (correctly specified),40,Jump λ=10 real time,0.726698240133121,0.39006237276508027,1.0,0.22404371584699453,1.226775956284153
HMM2 (correctly specified),40,Jump λ=30 ex post,0.7558106192805236,0.4429413732623996,0.0,0.273224043715847,0.49453551912568305
HMM2 (correctly specified),40,Jump λ=30 real time,0.7045946516723424,0.3469615217033062,1.0,0.24043715846994534,0.7349726775956285
HMM2 (correctly specified),40,Jump λ=100 ex post,0.7379789727176485,0.406480217286734,0.0,0.3333333333333333,0.2677595628415301
HMM2 (correctly specified),40,Jump λ=100 real time,0.655350887852977,0.25778387560828564,0.0,0.32786885245901637,0.45081967213114754
HMM2 (correctly specified),41,HMM-2 ex post (smoothed),0.9605438020397001,0.9235333737114566,0.0,0.09467455621301775,0.8397626112759644
HMM2 (correctly specified),41,HMM-2 real time (filtered),0.916995903166662,0.8388792876079465,1.0,0.07692307692307693,1.967359050445104
HMM2 (correctly specified),41,Jump λ=10 ex post,0.7007559633455629,0.33475645224657946,0.0,0.21301775147928995,1.1068249258160237
HMM2 (correctly specified),41,Jump λ=10 real time,0.6751110930594614,0.2876436602612308,2.0,0.20118343195266272,1.4451038575667656
HMM2 (correctly specified),41,Jump λ=30 ex post,0.7171394652490422,0.36432799804272953,0.0,0.25443786982248523,0.5964391691394659
HMM2 (correctly specified),41,Jump λ=30 real time,0.6624159534990266,0.2693533289518234,3.0,0.23668639053254437,0.9940652818991098
HMM2 (correctly specified),41,Jump λ=100 ex post,0.7201196029492946,0.39556102490849954,0.0,0.41420118343195267,0.3115727002967359
HMM2 (correctly specified),41,Jump λ=100 real time,0.6224822755840996,0.21377109258816662,3.0,0.40828402366863903,0.5014836795252225
HMM2 (correctly specified),42,HMM-2 ex post (smoothed),0.949580693001356,0.912677442203504,0.0,0.10416666666666667,0.8541666666666666
HMM2 (correctly specified),42,HMM-2 real time (filtered),0.9097694480485414,0.8295005094550507,1.0,0.0625,1.875
HMM2 (correctly specified),42,Jump λ=10 ex post,0.7478330668670121,0.4813493968382989,2.0,0.28125,0.71875
HMM2 (correctly specified),42,Jump λ=10 real time,0.7070648865020035,0.39221407885334636,4.0,0.265625,0.9583333333333334
HMM2 (correctly specified),42,Jump λ=30 ex post,0.7430130230549995,0.46245860235173397,1.0,0.3697916666666667,0.4479166666666667
HMM2 (correctly specified),42,Jump λ=30 real time,0.6625401730869198,0.29831368776629663,6.0,0.34375,0.65625
HMM2 (correctly specified),42,Jump λ=100 ex post,0.7089707715112115,0.39584745810715827,0.0,0.484375,0.21354166666666666
HMM2 (correctly specified),42,Jump λ=100 real time,0.5828441060862238,0.14962778602721438,0.0,0.46875,0.3645833333333333
HMM2 (correctly specified),43,HMM-2 ex post (smoothed),0.9540829686155687,0.922007162883628,0.0,0.16,0.8057142857142857
HMM2 (correctly specified),43,HMM-2 real time (filtered),0.9133974504139515,0.8385971536696569,2.0,0.11428571428571428,1.8
HMM2 (correctly specified),43,Jump λ=10 ex post,0.7605851589380996,0.5087593396348844,3.5,0.26857142857142857,0.8
HMM2 (correctly specified),43,Jump λ=10 real time,0.730629275620009,0.44188298902061474,5.0,0.2571428571428571,1.0
HMM2 (correctly specified),43,Jump λ=30 ex post,0.756867759263204,0.5174251363738449,4.0,0.37714285714285717,0.5657142857142857
HMM2 (correctly specified),43,Jump λ=30 real time,0.6854439757002659,0.36044907118792757,8.0,0.32,0.72
HMM2 (correctly specified),43,Jump λ=100 ex post,0.7032646915796955,0.43954959900707957,1.5,0.6228571428571429,0.2342857142857143
HMM2 (correctly specified),43,Jump λ=100 real time,0.6047308928322236,0.21117899437197618,13.0,0.5371428571428571,0.49142857142857144
HMM2 (correctly specified),44,HMM-2 ex post (smoothed),0.9536530062940642,0.9131562500412913,0.0,0.12021857923497267,0.8082191780821918
HMM2 (correctly specified),44,HMM-2 real time (filtered),0.9090985366682707,0.8264126847275349,1.0,0.08743169398907104,1.7452054794520548
HMM2 (correctly specified),44,Jump λ=10 ex post,0.717249287716645,0.3759461186249844,1.0,0.20765027322404372,0.8602739726027397
HMM2 (correctly specified),44,Jump λ=10 real time,0.6823673348381035,0.30735841262954244,3.0,0.20765027322404372,1.2438356164383562
HMM2 (correctly specified),44,Jump λ=30 ex post,0.7320149646340811,0.41602383685799627,1.0,0.2568306010928962,0.547945205479452
HMM2 (correctly specified),44,Jump λ=30 real time,0.6741172364933508,0.30111499571766753,4.0,0.28415300546448086,0.7397260273972602
HMM2 (correctly specified),44,Jump λ=100 ex post,0.7403415666032678,0.4051173514308485,0.0,0.33879781420765026,0.2356164383561644
HMM2 (correctly specified),44,Jump λ=100 real time,0.6217576069188875,0.1961983633035984,0.0,0.3551912568306011,0.4273972602739726
HMM2 (correctly specified),45,HMM-2 ex post (smoothed),0.9574017692032806,0.9252408573698391,0.0,0.13291139240506328,0.7974683544303798
HMM2 (correctly specified),45,HMM-2 real time (filtered),0.913241042633677,0.8377833210582144,2.0,0.10126582278481013,1.740506329113924
HMM2 (correctly specified),45,Jump λ=10 ex post,0.7379976037939887,0.41420681654666347,2.0,0.2088607594936709,1.0
HMM2 (correctly specified),45,Jump λ=10 real time,0.7146769585719271,0.36637673382179503,2.0,0.23417721518987342,1.3860759493670887
HMM2 (correctly specified),45,Jump λ=30 ex post,0.7517115976813639,0.46252198939041045,1.5,0.34177215189873417,0.6012658227848101
HMM2 (correctly specified),45,Jump λ=30 real time,0.6970685150630433,0.3478699021912304,4.0,0.3291139240506329,0.810126582278481
HMM2 (correctly specified),45,Jump λ=100 ex post,0.7262159706405122,0.46820297498066166,1.0,0.5569620253164557,0.310126582278481
HMM2 (correctly specified),45,Jump λ=100 real time,0.6478474541756036,0.2927618793101716,11.0,0.5253164556962026,0.44936708860759494
HMM2 (correctly specified),46,HMM-2 ex post (smoothed),0.9496919766051519,0.908048346123085,0.0,0.1069182389937107,0.8490566037735849
HMM2 (correctly specified),46,HMM-2 real time (filtered),0.9090135030806898,0.826502941460826,1.0,0.06918238993710692,1.880503144654088
HMM2 (correctly specified),46,Jump λ=10 ex post,0.7111745392514055,0.33805921745532197,1.0,0.22012578616352202,1.0974842767295598
HMM2 (correctly specified),46,Jump λ=10 real time,0.6902765390486925,0.29859429370150725,1.0,0.20125786163522014,1.550314465408805
HMM2 (correctly specified),46,Jump λ=30 ex post,0.728574600846965,0.409233160184878,1.0,0.31446540880503143,0.5628930817610063
HMM2 (correctly specified),46,Jump λ=30 real time,0.6841926096271984,0.319494535889579,3.0,0.3018867924528302,0.8207547169811321
HMM2 (correctly specified),46,Jump λ=100 ex post,0.7135211112005688,0.4120503512565564,1.0,0.4716981132075472,0.29559748427672955
HMM2 (correctly specified),46,Jump λ=100 real time,0.636555844165319,0.24847239115320274,8.0,0.44025157232704404,0.48742138364779874
HMM2 (correctly specified),47,HMM-2 ex post (smoothed),0.9530467880978866,0.9153628400852808,0.0,0.11891891891891893,0.8378378378378378
HMM2 (correctly specified),47,HMM-2 real time (filtered),0.9109680801491147,0.8327871099531958,1.0,0.08108108108108109,1.772972972972973
HMM2 (correctly specified),47,Jump λ=10 ex post,0.7552614532288128,0.4838328938076686,2.0,0.31891891891891894,0.6945945945945946
HMM2 (correctly specified),47,Jump λ=10 real time,0.724023783934101,0.4136851383339295,3.5,0.3081081081081081,0.9324324324324325
HMM2 (correctly specified),47,Jump λ=30 ex post,0.7657809540630731,0.5195316297521184,2.0,0.3945945945945946,0.45135135135135135
HMM2 (correctly specified),47,Jump λ=30 real time,0.6973881687235066,0.3702857180622854,5.0,0.372972972972973,0.5918918918918918
HMM2 (correctly specified),47,Jump λ=100 ex post,0.7326856933755224,0.4737926643731001,0.5,0.5567567567567567,0.2648648648648649
HMM2 (correctly specified),47,Jump λ=100 real time,0.6371968290593151,0.2643235515244675,12.0,0.4810810810810811,0.3675675675675676
HMM2 (correctly specified),48,HMM-2 ex post (smoothed),0.9536112975808657,0.9165542619594841,0.0,0.1206896551724138,0.8591954022988506
HMM2 (correctly specified),48,HMM-2 real time (filtered),0.9110464682628479,0.8321793952206576,1.0,0.09770114942528736,1.8074712643678161
HMM2 (correctly specified),48,Jump λ=10 ex post,0.7475982695606773,0.4613476327249143,2.0,0.26436781609195403,0.7385057471264368
HMM2 (correctly specified),48,Jump λ=10 real time,0.7123387036622659,0.3823508343872767,4.0,0.2471264367816092,0.9741379310344828
HMM2 (correctly specified),48,Jump λ=30 ex post,0.764814089654658,0.46529839947140506,0.0,0.29310344827586204,0.46264367816091956
HMM2 (correctly specified),48,Jump λ=30 real time,0.6836624524502126,0.3094829617759344,4.0,0.2988505747126437,0.617816091954023
HMM2 (correctly specified),48,Jump λ=100 ex post,0.7188797518709131,0.42696101313707535,0.0,0.5402298850574713,0.22126436781609196
HMM2 (correctly specified),48,Jump λ=100 real time,0.6072306755177643,0.19152595059672495,3.0,0.5114942528735632,0.4051724137931034
HMM2 (correctly specified),49,HMM-2 ex post (smoothed),0.9525201933438281,0.9187612750582005,0.0,0.12777777777777777,0.883008356545961
HMM2 (correctly specified),49,HMM-2 real time (filtered),0.90683126359044,0.8254766349624958,1.0,0.1,2.0083565459610027
HMM2 (correctly specified),49,Jump λ=10 ex post,0.7514246361605359,0.4815015819779832,2.0,0.3333333333333333,0.7186629526462396
HMM2 (correctly specified),49,Jump λ=10 real time,0.7277556102533721,0.42282076216820597,3.0,0.3055555555555556,1.0584958217270195
HMM2 (correctly specified),49,Jump λ=30 ex post,0.7498869627338741,0.5003187455798594,1.0,0.46111111111111114,0.41225626740947074
HMM2 (correctly specified),49,Jump λ=30 real time,0.6979222345157887,0.37839130531535425,5.0,0.4388888888888889,0.6518105849582173
HMM2 (correctly specified),49,Jump λ=100 ex post,0.7229264138395741,0.479814837780531,0.0,0.6277777777777778,0.22284122562674094
HMM2 (correctly specified),49,Jump λ=100 real time,0.648560449030458,0.29975555457611636,8.0,0.5777777777777777,0.3342618384401114
HMM2 (correctly specified),50,HMM-2 ex post (smoothed),0.9461856984809501,0.9099849005011542,0.0,0.13559322033898305,0.8192090395480226
HMM2 (correctly specified),50,HMM-2 real time (filtered),0.9061072267474479,0.8287330726110862,2.0,0.1016949152542373,1.8135593220338984
HMM2 (correctly specified),50,Jump λ=10 ex post,0.7097835736283656,0.35421515146686433,2.0,0.2542372881355932,0.8700564971751412
HMM2 (correctly specified),50,Jump λ=10 real time,0.6858285345498927,0.3046581540055173,3.0,0.23728813559322035,1.3672316384180792
HMM2 (correctly specified),50,Jump λ=30 ex post,0.7297376460210653,0.4220694138571387,2.0,0.3615819209039548,0.480225988700565
HMM2 (correctly specified),50,Jump λ=30 real time,0.6772520984938426,0.31596222553787634,5.5,0.3672316384180791,0.7231638418079096
HMM2 (correctly specified),50,Jump λ=100 ex post,0.7019845276348536,0.4108039156369899,1.0,0.5819209039548022,0.2598870056497175
HMM2 (correctly specified),50,Jump λ=100 real time,0.6115111482083675,0.21529093568463897,11.0,0.5536723163841808,0.384180790960452
HMM2 (correctly specified),51,HMM-2 ex post (smoothed),0.9561360522245129,0.9235261123289781,0.0,0.08379888268156424,0.8599439775910365
HMM2 (correctly specified),51,HMM-2 real time (filtered),0.9098232422730453,0.8302130275180718,1.0,0.07262569832402235,1.8907563025210083
HMM2 (correctly specified),51,Jump λ=10 ex post,0.728827951318356,0.3950932241599817,1.0,0.18435754189944134,0.9915966386554622
HMM2 (correctly specified),51,Jump λ=10 real time,0.6992525656780784,0.33717085758931375,2.5,0.13966480446927373,1.5014005602240896
HMM2 (correctly specified),51,Jump λ=30 ex post,0.7414305865524546,0.4247975828424233,0.0,0.2346368715083799,0.5686274509803921
HMM2 (correctly specified),51,Jump λ=30 real time,0.6861245202364941,0.3212302687069981,4.0,0.2346368715083799,0.834733893557423
HMM2 (correctly specified),51,Jump λ=100 ex post,0.720074274798731,0.42307782132743865,0.0,0.4301675977653631,0.28291316526610644
HMM2 (correctly specified),51,Jump λ=100 real time,0.6207396622162109,0.22127135503836803,5.0,0.4022346368715084,0.4481792717086835
HMM2 (correctly specified),52,HMM-2 ex post (smoothed),0.9534191184332257,0.9161426410532224,0.0,0.13953488372093023,0.8546511627906976
HMM2 (correctly specified),52,HMM-2 real time (filtered),0.9100853775984772,0.8255919397102806,1.0,0.0755813953488372,1.8546511627906976
HMM2 (correctly specified),52,Jump λ=10 ex post,0.6986155442020012,0.3148395398723175,0.0,0.2441860465116279,1.0261627906976745
HMM2 (correctly specified),52,Jump λ=10 real time,0.6806534063285373,0.2801266520874539,1.0,0.22093023255813954,1.444767441860465
HMM2 (correctly specified),52,Jump λ=30 ex post,0.7225600045833822,0.3701595737542107,0.0,0.3081395348837209,0.5901162790697675
HMM2 (correctly specified),52,Jump λ=30 real time,0.6756449315095022,0.2816916017474562,0.5,0.32558139534883723,0.8459302325581395
HMM2 (correctly specified),52,Jump λ=100 ex post,0.7183400248293437,0.39428844132685126,0.0,0.47093023255813954,0.2616279069767442
HMM2 (correctly specified),52,Jump λ=100 real time,0.6275895807133212,0.21811322212244233,0.0,0.4127906976744186,0.4796511627906977
HMM2 (correctly specified),53,HMM-2 ex post (smoothed),0.951109262544042,0.913660612658675,0.0,0.12087912087912088,0.8241758241758241
HMM2 (correctly specified),53,HMM-2 real time (filtered),0.9075977276389791,0.8292113451342065,1.0,0.08241758241758242,1.8571428571428572
HMM2 (correctly specified),53,Jump λ=10 ex post,0.7005019693681063,0.31800655863481697,0.0,0.21978021978021978,1.0769230769230769
HMM2 (correctly specified),53,Jump λ=10 real time,0.6755377299643996,0.27423479968664854,1.0,0.19230769230769232,1.554945054945055
HMM2 (correctly specified),53,Jump λ=30 ex post,0.7512892631034436,0.4710219150476246,1.0,0.3791208791208791,0.5054945054945055
HMM2 (correctly specified),53,Jump λ=30 real time,0.6850839795734301,0.3341722184112209,4.5,0.32967032967032966,0.7472527472527473
HMM2 (correctly specified),53,Jump λ=100 ex post,0.7437151087207055,0.4611749368110908,0.0,0.4945054945054945,0.24725274725274726
HMM2 (correctly specified),53,Jump λ=100 real time,0.6367156261442605,0.24568359896541547,0.0,0.46153846153846156,0.41208791208791207
HMM2 (correctly specified),54,HMM-2 ex post (smoothed),0.9452130385297599,0.9000509329281925,0.0,0.0989010989010989,0.8846153846153846
HMM2 (correctly specified),54,HMM-2 real time (filtered),0.9021235616883421,0.8143266329327556,2.0,0.09340659340659341,1.8131868131868132
HMM2 (correctly specified),54,Jump λ=10 ex post,0.7229943467315989,0.37676581360244754,1.0,0.23626373626373626,0.945054945054945
HMM2 (correctly specified),54,Jump λ=10 real time,0.6989189806326075,0.3253502466584145,2.0,0.21428571428571427,1.3956043956043955
HMM2 (correctly specified),54,Jump λ=30 ex post,0.7465925353642895,0.4358916351518548,0.0,0.3241758241758242,0.554945054945055
HMM2 (correctly specified),54,Jump λ=30 real time,0.6903684026722698,0.3230435358742991,3.0,0.34065934065934067,0.8021978021978022
HMM2 (correctly specified),54,Jump λ=100 ex post,0.7283417248310191,0.42779442272180657,0.0,0.5164835164835165,0.23076923076923078
HMM2 (correctly specified),54,Jump λ=100 real time,0.6462022274490802,0.2563751639651658,5.0,0.4725274725274725,0.44505494505494503
HMM2 (correctly specified),55,HMM-2 ex post (smoothed),0.9500422987455831,0.9114298033738949,0.0,0.15591397849462366,0.7741935483870968
HMM2 (correctly specified),55,HMM-2 real time (filtered),0.9084877096237277,0.8293003153880062,2.0,0.11827956989247312,1.7956989247311828
HMM2 (correctly specified),55,Jump λ=10 ex post,0.7323710698436133,0.4149107537611758,1.0,0.25806451612903225,0.9193548387096774
HMM2 (correctly specified),55,Jump λ=10 real time,0.7099210812802899,0.36859394723598504,3.0,0.22580645161290322,1.2258064516129032
HMM2 (correctly specified),55,Jump λ=30 ex post,0.7409355389726888,0.464254196382892,2.0,0.3655913978494624,0.4838709677419355
HMM2 (correctly specified),55,Jump λ=30 real time,0.6899491020795909,0.3531002742348355,5.0,0.3602150537634409,0.6989247311827957
HMM2 (correctly specified),55,Jump λ=100 ex post,0.7412871555384225,0.4451624807274891,0.0,0.44623655913978494,0.26344086021505375
HMM2 (correctly specified),55,Jump λ=100 real time,0.6194102820054541,0.21219860637024002,1.5,0.4838709677419355,0.3870967741935484
HMM2 (correctly specified),56,HMM-2 ex post (smoothed),0.9579570282483423,0.9229863961280883,0.0,0.09580838323353294,0.8918918918918919
HMM2 (correctly specified),56,HMM-2 real time (filtered),0.9117007792948832,0.8307883777488823,1.5,0.0658682634730539,1.9189189189189189
HMM2 (correctly specified),56,Jump λ=10 ex post,0.7013728337850809,0.3202965249800107,1.0,0.17964071856287425,1.057057057057057
HMM2 (correctly specified),56,Jump λ=10 real time,0.6774212256178991,0.2784540718535272,2.0,0.16766467065868262,1.5795795795795795
HMM2 (correctly specified),56,Jump λ=30 ex post,0.722343164893289,0.39507901456132455,1.0,0.32335329341317365,0.5345345345345346
HMM2 (correctly specified),56,Jump λ=30 real time,0.668345055258474,0.2881204973070509,5.0,0.32335329341317365,0.8408408408408409
HMM2 (correctly specified),56,Jump λ=100 ex post,0.7142225250304179,0.34799694273164994,0.0,0.3772455089820359,0.25825825825825827
HMM2 (correctly specified),56,Jump λ=100 real time,0.6169896656118466,0.18909079201996826,0.0,0.40119760479041916,0.4144144144144144
HMM2 (correctly specified),57,HMM-2 ex post (smoothed),0.9518585037816782,0.9106977999088198,0.0,0.11695906432748537,0.7982456140350878
HMM2 (correctly specified),57,HMM-2 real time (filtered),0.9178345649000857,0.8393275173934698,2.0,0.08187134502923976,1.7222222222222223
HMM2 (correctly specified),57,Jump λ=10 ex post,0.7300671337958637,0.42479502006073133,3.0,0.2573099415204678,0.8625730994152047
HMM2 (correctly specified),57,Jump λ=10 real time,0.697966944255992,0.35270306974733545,4.0,0.23976608187134502,1.219298245614035
HMM2 (correctly specified),57,Jump λ=30 ex post,0.7451381990588195,0.47235029742575096,2.0,0.3508771929824561,0.5292397660818714
HMM2 (correctly specified),57,Jump λ=30 real time,0.6673635593118828,0.3087623374469146,6.0,0.38596491228070173,0.7280701754385965
HMM2 (correctly specified),57,Jump λ=100 ex post,0.7390743406929988,0.423418315977918,0.0,0.40350877192982454,0.30409356725146197
HMM2 (correctly specified),57,Jump λ=100 real time,0.59550632980347,0.1609852351096034,6.5,0.43859649122807015,0.4502923976608187
HMM2 (correctly specified),58,HMM-2 ex post (smoothed),0.9532909181573368,0.9137615991591784,0.0,0.1712707182320442,0.8011049723756906
HMM2 (correctly specified),58,HMM-2 real time (filtered),0.9084998655041452,0.8253375656629691,1.5,0.1270718232044199,1.7403314917127073
HMM2 (correctly specified),58,Jump λ=10 ex post,0.6495893989890297,0.21081301655710427,0.0,0.19889502762430938,1.1049723756906078
HMM2 (correctly specified),58,Jump λ=10 real time,0.6369974065185678,0.1919288638717066,0.0,0.18232044198895028,1.6574585635359116
HMM2 (correctly specified),58,Jump λ=30 ex post,0.655473956517487,0.22105422689782384,0.0,0.27071823204419887,0.6187845303867403
HMM2 (correctly specified),58,Jump λ=30 real time,0.6270643317550381,0.17914990977728495,0.0,0.23204419889502761,0.9779005524861878
HMM2 (correctly specified),58,Jump λ=100 ex post,0.6805214636245849,0.295314238388134,0.0,0.4198895027624309,0.27348066298342544
HMM2 (correctly specified),58,Jump λ=100 real time,0.5975584093850669,0.15180044027726736,0.0,0.425414364640884,0.4530386740331492
HMM2 (correctly specified),59,HMM-2 ex post (smoothed),0.9582287308228731,0.9206949698752978,0.0,0.11398963730569948,0.8181818181818182
HMM2 (correctly specified),59,HMM-2 real time (filtered),0.9114365411436541,0.8267937219730942,1.0,0.08290155440414508,1.8571428571428572
HMM2 (correctly specified),59,Jump λ=10 ex post,0.7503486750348675,0.4565106815869786,1.0,0.23316062176165803,0.7090909090909091
HMM2 (correctly specified),59,Jump λ=10 real time,0.7113319386331939,0.37582935449866683,3.0,0.2694300518134715,0.9428571428571428
HMM2 (correctly specified),59,Jump λ=30 ex post,0.7487447698744769,0.4725129156179626,1.0,0.35751295336787564,0.4753246753246753
HMM2 (correctly specified),59,Jump λ=30 real time,0.680299860529986,0.3295099725992481,5.0,0.37823834196891193,0.5896103896103896
HMM2 (correctly specified),59,Jump λ=100 ex post,0.7254532775453277,0.43518643155202585,0.0,0.49222797927461137,0.24675324675324675
HMM2 (correctly specified),59,Jump λ=100 real time,0.6171199442119943,0.2143723275256877,6.5,0.5025906735751295,0.36103896103896105
HMM2 (correctly specified),60,HMM-2 ex post (smoothed),0.9565662806103874,0.925145092747216,0.0,0.13142857142857142,0.839541547277937
HMM2 (correctly specified),60,HMM-2 real time (filtered),0.9154107724064477,0.8425679833281444,2.0,0.09142857142857143,1.9512893982808024
HMM2 (correctly specified),60,Jump λ=10 ex post,0.733358504959946,0.45204314269227275,2.5,0.24571428571428572,0.8538681948424068
HMM2 (correctly specified),60,Jump λ=10 real time,0.708311192741448,0.39253311085618947,4.0,0.2342857142857143,1.157593123209169
HMM2 (correctly specified),60,Jump λ=30 ex post,0.7307117791923958,0.4685968497758948,2.0,0.41714285714285715,0.47564469914040114
HMM2 (correctly specified),60,Jump λ=30 real time,0.6847254635109634,0.3617621961345122,6.0,0.38857142857142857,0.6991404011461319
HMM2 (correctly specified),60,Jump λ=100 ex post,0.7082792228749214,0.45550034314465726,2.0,0.6057142857142858,0.2521489971346705
HMM2 (correctly specified),60,Jump λ=100 real time,0.6327320837191956,0.2748559098753649,10.0,0.5885714285714285,0.38968481375358166
HMM2 (correctly specified),61,HMM-2 ex post (smoothed),0.947748226868359,0.9106788567415378,0.0,0.192090395480226,0.7429378531073446
HMM2 (correctly specified),61,HMM-2 real time (filtered),0.9009630636755042,0.8196912793871912,2.0,0.14124293785310735,1.7740112994350283
HMM2 (correctly specified),61,Jump λ=10 ex post,0.6862343169762807,0.2910989497525729,0.0,0.2542372881355932,1.0225988700564972
HMM2 (correctly specified),61,Jump λ=10 real time,0.6709823789021614,0.26138811137930373,1.0,0.21468926553672316,1.5819209039548023
HMM2 (correctly specified),61,Jump λ=30 ex post,0.717010116985838,0.40576918226802605,0.0,0.384180790960452,0.4915254237288136
HMM2 (correctly specified),61,Jump λ=30 real time,0.6769586919290717,0.31722447017014943,4.0,0.3446327683615819,0.7909604519774012
HMM2 (correctly specified),61,Jump λ=100 ex post,0.6888471137378587,0.3775144063357062,0.0,0.5649717514124294,0.22033898305084745
HMM2 (correctly specified),61,Jump λ=100 real time,0.6209137813294363,0.22637225631709046,5.0,0.5254237288135594,0.4350282485875706
HMM2 (correctly specified),62,HMM-2 ex post (smoothed),0.9477382703367341,0.9076949873029175,0.0,0.12359550561797752,0.8426966292134831
HMM2 (correctly specified),62,HMM-2 real time (filtered),0.9022762823056989,0.8186256453007033,2.0,0.0898876404494382,1.8932584269662922
HMM2 (correctly specified),62,Jump λ=10 ex post,0.7510680238756722,0.46794682212489,2.0,0.2696629213483146,0.7640449438202247
HMM2 (correctly specified),62,Jump λ=10 real time,0.718449793383606,0.39709935313894396,4.0,0.2640449438202247,1.0056179775280898
HMM2 (correctly specified),62,Jump λ=30 ex post,0.7341434563693103,0.4826102969011258,1.0,0.42696629213483145,0.46629213483146065
HMM2 (correctly specified),62,Jump λ=30 real time,0.6920449964591164,0.37517603297128144,6.0,0.398876404494382,0.6123595505617978
HMM2 (correctly specified),62,Jump λ=100 ex post,0.6592825625102141,0.36622980651291126,2.0,0.6797752808988764,0.21910112359550563
HMM2 (correctly specified),62,Jump λ=100 real time,0.6054443225239107,0.22545985141054148,12.0,0.5898876404494382,0.3595505617977528
HMM2 (correctly specified),63,HMM-2 ex post (smoothed),0.950181122775328,0.9124305752800904,0.0,0.1188118811881188,0.8613861386138614
HMM2 (correctly specified),63,HMM-2 real time (filtered),0.9052338814579772,0.8221431515978341,1.0,0.08415841584158416,1.886138613861386
HMM2 (correctly specified),63,Jump λ=10 ex post,0.6987950661128199,0.32111682508470385,0.0,0.16831683168316833,0.9257425742574258
HMM2 (correctly specified),63,Jump λ=10 real time,0.6715696468916824,0.27174582117808554,1.0,0.1782178217821782,1.381188118811881
HMM2 (correctly specified),63,Jump λ=30 ex post,0.7190312491913349,0.369250629641668,0.0,0.2524752475247525,0.5297029702970297
HMM2 (correctly specified),63,Jump λ=30 real time,0.6580346967018125,0.25773944469872145,1.0,0.2524752475247525,0.7821782178217822
HMM2 (correctly specified),63,Jump λ=100 ex post,0.6978608232111233,0.3621880951340489,0.0,0.44554455445544555,0.23514851485148514
HMM2 (correctly specified),63,Jump λ=100 real time,0.600017312268494,0.17151116024972368,0.0,0.40594059405940597,0.43564356435643564
HMM2 (correctly specified),64,HMM-2 ex post (smoothed),0.9469407323810315,0.9061438532712379,0.0,0.08152173913043478,0.875
HMM2 (correctly specified),64,HMM-2 real time (filtered),0.9027734412916548,0.8216526014615702,1.0,0.06521739130434782,2.016304347826087
HMM2 (correctly specified),64,Jump λ=10 ex post,0.7628555196307798,0.5001944159453229,1.0,0.266304347826087,0.654891304347826
HMM2 (correctly specified),64,Jump λ=10 real time,0.7308546771373171,0.42648618595933474,3.0,0.25,0.9266304347826086
HMM2 (correctly specified),64,Jump λ=30 ex post,0.7667523335197683,0.4928043335718424,0.0,0.32065217391304346,0.39945652173913043
HMM2 (correctly specified),64,Jump λ=30 real time,0.7049767600850605,0.3682992887892871,4.0,0.32608695652173914,0.5625
HMM2 (correctly specified),64,Jump λ=100 ex post,0.717858267341037,0.45430939659680813,0.0,0.5760869565217391,0.21467391304347827
HMM2 (correctly specified),64,Jump λ=100 real time,0.6408623003826517,0.27232177384812095,0.0,0.5163043478260869,0.3451086956521739
HMM2 (correctly specified),65,HMM-2 ex post (smoothed),0.9526853695352128,0.9134446236864946,0.0,0.1076923076923077,0.823076923076923
HMM2 (correctly specified),65,HMM-2 real time (filtered),0.905934321525227,0.8229979010779718,1.5,0.07692307692307693,1.7153846153846153
HMM2 (correctly specified),65,Jump λ=10 ex post,0.6792817814089174,0.29011598354275137,0.0,0.17435897435897435,1.005128205128205
HMM2 (correctly specified),65,Jump λ=10 real time,0.6622085774964674,0.2587396414975053,1.0,0.14358974358974358,1.405128205128205
HMM2 (correctly specified),65,Jump λ=30 ex post,0.7141349013466389,0.3904002986179639,0.0,0.29743589743589743,0.5282051282051282
HMM2 (correctly specified),65,Jump λ=30 real time,0.6623167316353149,0.28429826060536634,2.0,0.30256410256410254,0.7589743589743589
HMM2 (correctly specified),65,Jump λ=100 ex post,0.6816764733105645,0.39240487195808227,0.0,0.5743589743589743,0.23076923076923078
HMM2 (correctly specified),65,Jump λ=100 real time,0.6125789643231455,0.22798254782612692,7.0,0.5333333333333333,0.4
HMM2 (correctly specified),66,HMM-2 ex post (smoothed),0.9505802562376063,0.9089263307487871,0.0,0.125,0.7929155313351499
HMM2 (correctly specified),66,HMM-2 real time (filtered),0.9112402788275245,0.8301349792158866,1.0,0.10869565217391304,1.7465940054495912
HMM2 (correctly specified),66,Jump λ=10 ex post,0.7356964978959799,0.4012062111498973,1.0,0.2554347826086957,0.8664850136239782
HMM2 (correctly specified),66,Jump λ=10 real time,0.7126584356793648,0.3508260560542307,2.0,0.21739130434782608,1.231607629427793
HMM2 (correctly specified),66,Jump λ=30 ex post,0.7551994187381328,0.4594453708297763,1.0,0.31521739130434784,0.5340599455040872
HMM2 (correctly specified),66,Jump λ=30 real time,0.6999995110750936,0.34343417409965216,3.0,0.29347826086956524,0.7520435967302452
HMM2 (correctly specified),66,Jump λ=100 ex post,0.7189958390426825,0.4337354967747974,0.0,0.5217391304347826,0.2670299727520436
HMM2 (correctly specified),66,Jump λ=100 real time,0.6498722469380641,0.270934884527647,7.0,0.4945652173913043,0.4359673024523161
HMM2 (correctly specified),67,HMM-2 ex post (smoothed),0.9444155409727906,0.9033899380578184,0.0,0.11538461538461539,0.8681318681318682
HMM2 (correctly specified),67,HMM-2 real time (filtered),0.8937973920590216,0.8097075254162077,2.0,0.1043956043956044,1.8846153846153846
HMM2 (correctly specified),67,Jump λ=10 ex post,0.6762219231676355,0.2574468827801005,0.0,0.19230769230769232,1.0631868131868132
HMM2 (correctly specified),67,Jump λ=10 real time,0.653236032686358,0.221198159758343,1.0,0.18681318681318682,1.4587912087912087
HMM2 (correctly specified),67,Jump λ=30 ex post,0.6820121749130199,0.26808245910590967,0.0,0.25274725274725274,0.6181318681318682
HMM2 (correctly specified),67,Jump λ=30 real time,0.6359317168970466,0.19972096267875838,1.0,0.23626373626373626,0.9532967032967034
HMM2 (correctly specified),67,Jump λ=100 ex post,0.6914481949589262,0.31238980513139125,0.0,0.3901098901098901,0.2554945054945055
HMM2 (correctly specified),67,Jump λ=100 real time,0.5995684518992279,0.15642921970236834,0.0,0.37362637362637363,0.45879120879120877
HMM2 (correctly specified),68,HMM-2 ex post (smoothed),0.9519672742687277,0.9118113002055972,0.0,0.1323529411764706,0.8329238329238329
HMM2 (correctly specified),68,HMM-2 real time (filtered),0.9084192376089683,0.8259774850258961,1.0,0.10784313725490197,1.8402948402948403
HMM2 (correctly specified),68,Jump λ=10 ex post,0.7090783390503069,0.3815604985217077,0.0,0.2696078431372549,0.7837837837837838
HMM2 (correctly specified),68,Jump λ=10 real time,0.6817061128851312,0.32518146202745957,2.0,0.24509803921568626,1.162162162162162
HMM2 (correctly specified),68,Jump λ=30 ex post,0.7223546884325938,0.4126966299093301,0.0,0.3382352941176471,0.4348894348894349
HMM2 (correctly specified),68,Jump λ=30 real time,0.6581702644349344,0.2858004609532584,3.0,0.3480392156862745,0.6412776412776413
HMM2 (correctly specified),68,Jump λ=100 ex post,0.7169014457573937,0.3806895007480774,0.0,0.4019607843137255,0.21867321867321868
HMM2 (correctly specified),68,Jump λ=100 real time,0.6137478024882803,0.1948956318784535,0.0,0.4019607843137255,0.39803439803439805
HMM2 (correctly specified),69,HMM-2 ex post (smoothed),0.9408968280658516,0.8997907237877295,0.0,0.12849162011173185,0.8324022346368715
HMM2 (correctly specified),69,HMM-2 real time (filtered),0.8979946542578974,0.8123094875500089,1.0,0.08379888268156424,1.776536312849162
HMM2 (correctly specified),69,Jump λ=10 ex post,0.7105529412164346,0.32601421745340076,1.0,0.1564245810055866,1.0558659217877095
HMM2 (correctly specified),69,Jump λ=10 real time,0.6824931845577089,0.27636870714454576,2.0,0.1787709497206704,1.441340782122905
HMM2 (correctly specified),69,Jump λ=30 ex post,0.7213949687625016,0.3651392289945514,1.0,0.2681564245810056,0.5865921787709497
HMM2 (correctly specified),69,Jump λ=30 real time,0.6613522482924485,0.2554926474121165,5.0,0.27932960893854747,0.8659217877094972
HMM2 (correctly specified),69,Jump λ=100 ex post,0.7182392419487893,0.3574231578100475,0.0,0.35195530726256985,0.3128491620111732
HMM2 (correctly specified),69,Jump λ=100 real time,0.612055526420242,0.1759223335223491,0.5,0.41899441340782123,0.547486033519553
HMM2 (correctly specified),70,HMM-2 ex post (smoothed),0.9528747855805126,0.9148319611399176,0.0,0.11042944785276074,0.8220858895705522
HMM2 (correctly specified),70,HMM-2 real time (filtered),0.911469657611546,0.8332802528758635,2.0,0.05521472392638037,1.9202453987730062
HMM2 (correctly specified),70,Jump λ=10 ex post,0.6674243342852497,0.2538549846616177,0.0,0.22699386503067484,1.205521472392638
HMM2 (correctly specified),70,Jump λ=10 real time,0.6473868475103508,0.2203569769756486,1.0,0.20245398773006135,1.6595092024539877
HMM2 (correctly specified),70,Jump λ=30 ex post,0.6851989693380675,0.2927463908485004,0.0,0.27607361963190186,0.6533742331288344
HMM2 (correctly specified),70,Jump λ=30 real time,0.6455344358331057,0.22495210846760283,0.5,0.3006134969325153,0.9785276073619632
HMM2 (correctly specified),70,Jump λ=100 ex post,0.7049291831537481,0.34358895327893013,0.0,0.36809815950920244,0.2883435582822086
HMM2 (correctly specified),70,Jump λ=100 real time,0.6169711573486997,0.18731585917804494,0.0,0.4110429447852761,0.5184049079754601
HMM2 (correctly specified),71,HMM-2 ex post (smoothed),0.951703751173906,0.9172158876454264,0.0,0.12429378531073447,0.830028328611898
HMM2 (correctly specified),71,HMM-2 real time (filtered),0.9061113267468285,0.8252860346415396,1.0,0.0847457627118644,1.8441926345609065
HMM2 (correctly specified),71,Jump λ=10 ex post,0.7288048509843401,0.36576239504861097,1.0,0.20903954802259886,0.9943342776203966
HMM2 (correctly specified),71,Jump λ=10 real time,0.7038794458651367,0.31832209372514053,2.0,0.2033898305084746,1.3824362606232294
HMM2 (correctly specified),71,Jump λ=30 ex post,0.7417199298267894,0.4155838724927875,1.0,0.3050847457627119,0.5580736543909348
HMM2 (correctly specified),71,Jump λ=30 real time,0.6892388403395597,0.31657501501233976,3.0,0.3107344632768362,0.8328611898016998
HMM2 (correctly specified),71,Jump λ=100 ex post,0.7115589933237134,0.4260501216329232,0.0,0.5536723163841808,0.24079320113314448
HMM2 (correctly specified),71,Jump λ=100 real time,0.6307849757435421,0.2526794450319896,6.0,0.536723163841808,0.37110481586402266
HMM2 (correctly specified),72,HMM-2 ex post (smoothed),0.9386841295627766,0.8916082269768411,0.0,0.10152284263959391,0.8527918781725888
HMM2 (correctly specified),72,HMM-2 real time (filtered),0.8920809011556505,0.8021722801654715,1.0,0.07614213197969544,1.7766497461928934
HMM2 (correctly specified),72,Jump λ=10 ex post,0.6972647187874963,0.3064905225006582,0.0,0.15736040609137056,0.9314720812182741
HMM2 (correctly specified),72,Jump λ=10 real time,0.6682007653133718,0.2579936667716096,1.0,0.17258883248730963,1.251269035532995
HMM2 (correctly specified),72,Jump λ=30 ex post,0.7149720788825507,0.35634348410956207,0.0,0.26903553299492383,0.5152284263959391
HMM2 (correctly specified),72,Jump λ=30 real time,0.6601869098478286,0.25949002824037004,3.0,0.27411167512690354,0.7893401015228426
HMM2 (correctly specified),72,Jump λ=100 ex post,0.7150637091166863,0.39376169627605284,0.0,0.4365482233502538,0.2563451776649746
HMM2 (correctly specified),72,Jump λ=100 real time,0.6134224381042714,0.19686197927760307,1.0,0.41624365482233505,0.44923857868020306
HMM2 (correctly specified),73,HMM-2 ex post (smoothed),0.9480726136608489,0.9101859103322251,0.0,0.14285714285714285,0.8296703296703297
HMM2 (correctly specified),73,HMM-2 real time (filtered),0.901883830455259,0.8169517487873372,2.0,0.12087912087912088,1.8626373626373627
HMM2 (correctly specified),73,Jump λ=10 ex post,0.7260727367870226,0.380226222546307,0.0,0.24725274725274726,0.9120879120879121
HMM2 (correctly specified),73,Jump λ=10 real time,0.6988104472558254,0.3271914846946439,2.0,0.23626373626373626,1.3736263736263736
HMM2 (correctly specified),73,Jump λ=30 ex post,0.7450312432665374,0.45274241901166334,1.0,0.37362637362637363,0.4945054945054945
HMM2 (correctly specified),73,Jump λ=30 real time,0.6892084526118138,0.3348426309388759,4.0,0.34065934065934067,0.7582417582417582
HMM2 (correctly specified),73,Jump λ=100 ex post,0.7206816572782959,0.4113292049051167,0.0,0.4835164835164835,0.23626373626373626
HMM2 (correctly specified),73,Jump λ=100 real time,0.6209863945578231,0.21504317703775455,1.0,0.5054945054945055,0.42032967032967034
HMM2 (correctly specified),74,HMM-2 ex post (smoothed),0.9591320739498383,0.9264962722349073,0.0,0.14204545454545456,0.8068181818181818
HMM2 (correctly specified),74,HMM-2 real time (filtered),0.9195587882550809,0.8455572593392418,1.0,0.10227272727272728,1.8011363636363635
HMM2 (correctly specified),74,Jump λ=10 ex post,0.7168576230904846,0.35564382383948323,0.0,0.18181818181818182,0.9801136363636364
HMM2 (correctly specified),74,Jump λ=10 real time,0.6926826793463186,0.3112458778355083,1.0,0.1875,1.40625
HMM2 (correctly specified),74,Jump λ=30 ex post,0.7377435613243105,0.39561552463102734,0.0,0.22727272727272727,0.6193181818181818
HMM2 (correctly specified),74,Jump λ=30 real time,0.6788347873368863,0.2923065071906443,3.0,0.2215909090909091,0.8835227272727273
HMM2 (correctly specified),74,Jump λ=100 ex post,0.7430046864034743,0.4220766368377947,0.0,0.3409090909090909,0.3068181818181818
HMM2 (correctly specified),74,Jump λ=100 real time,0.6229455805552826,0.20578203527202032,0.0,0.35795454545454547,0.5142045454545454
HMM2 (correctly specified),75,HMM-2 ex post (smoothed),0.9544958604660098,0.917842114152338,0.0,0.13736263736263737,0.8241758241758241
HMM2 (correctly specified),75,HMM-2 real time (filtered),0.9111904096978725,0.8312334947429608,1.0,0.12637362637362637,1.8186813186813187
HMM2 (correctly specified),75,Jump λ=10 ex post,0.703421413869175,0.3249908819110098,0.5,0.17582417582417584,0.9560439560439561
HMM2 (correctly specified),75,Jump λ=10 real time,0.6695505247744054,0.2652964968604963,2.0,0.1978021978021978,1.4120879120879122
HMM2 (correctly specified),75,Jump λ=30 ex post,0.7128867837823062,0.35413876044705017,1.0,0.25274725274725274,0.5631868131868132
HMM2 (correctly specified),75,Jump λ=30 real time,0.639870738378201,0.22590206397765134,5.0,0.2802197802197802,0.8296703296703297
HMM2 (correctly specified),75,Jump λ=100 ex post,0.7094743094743095,0.3767627203824042,0.0,0.42857142857142855,0.2664835164835165
HMM2 (correctly specified),75,Jump λ=100 real time,0.6054900726542518,0.18131103725815567,0.0,0.45054945054945056,0.4175824175824176
HMM2 (correctly specified),76,HMM-2 ex post (smoothed),0.9550448341451283,0.9237420862411893,0.0,0.10119047619047619,0.8809523809523809
HMM2 (correctly specified),76,HMM-2 real time (filtered),0.9112732958175058,0.8363285403478771,2.0,0.07738095238095238,1.8988095238095237
HMM2 (correctly specified),76,Jump λ=10 ex post,0.7691960984591164,0.49090605519803976,2.0,0.19047619047619047,0.7738095238095238
HMM2 (correctly specified),76,Jump λ=10 real time,0.7258620874097148,0.3998918180638862,4.0,0.17857142857142858,1.1130952380952381
HMM2 (correctly specified),76,Jump λ=30 ex post,0.7396010475554082,0.4878543696178447,3.0,0.39285714285714285,0.49404761904761907
HMM2 (correctly specified),76,Jump λ=30 real time,0.6743474935950154,0.33495737122980895,7.0,0.35119047619047616,0.6845238095238095
HMM2 (correctly specified),76,Jump λ=100 ex post,0.7538652675355895,0.49393339607727127,0.0,0.47619047619047616,0.27380952380952384
HMM2 (correctly specified),76,Jump λ=100 real time,0.624844637774806,0.2278816687423708,8.0,0.44642857142857145,0.4226190476190476
HMM2 (correctly specified),77,HMM-2 ex post (smoothed),0.9511071139297994,0.9138469892729626,0.0,0.09944751381215469,0.8895027624309392
HMM2 (correctly specified),77,HMM-2 real time (filtered),0.9121943989000202,0.8327253570954345,1.0,0.0718232044198895,1.9226519337016574
HMM2 (correctly specified),77,Jump λ=10 ex post,0.7425485487669032,0.4499277214313916,2.0,0.26519337016574585,0.8011049723756906
HMM2 (correctly specified),77,Jump λ=10 real time,0.7137237141125333,0.38922935791049174,4.0,0.2541436464088398,1.1049723756906078
HMM2 (correctly specified),77,Jump λ=30 ex post,0.7423462182830517,0.46862938094092843,2.0,0.3756906077348066,0.5220994475138122
HMM2 (correctly specified),77,Jump λ=30 real time,0.6845308368035503,0.3443375477511835,6.0,0.35911602209944754,0.7430939226519337
HMM2 (correctly specified),77,Jump λ=100 ex post,0.721650970975338,0.4593199749260308,2.0,0.5580110497237569,0.3149171270718232
HMM2 (correctly specified),77,Jump λ=100 real time,0.6197140624692686,0.23796090014092686,10.0,0.5414364640883977,0.4281767955801105
HMM2 (correctly specified),78,HMM-2 ex post (smoothed),0.9565292817076319,0.9215990180028599,0.0,0.125,0.8181818181818182
HMM2 (correctly specified),78,HMM-2 real time (filtered),0.9197426230499202,0.8459983635612883,1.0,0.07954545454545454,1.7784090909090908
HMM2 (correctly specified),78,Jump λ=10 ex post,0.6840279150026911,0.2998319488185103,0.0,0.17613636363636365,1.0880681818181819
HMM2 (correctly specified),78,Jump λ=10 real time,0.6657371115429792,0.26528633104247545,2.0,0.16477272727272727,1.6789772727272727
HMM2 (correctly specified),78,Jump λ=30 ex post,0.6887616648658588,0.32088663487835556,0.0,0.2897727272727273,0.5823863636363636
HMM2 (correctly specified),78,Jump λ=30 real time,0.6451859405365267,0.23879417828432614,4.0,0.2556818181818182,0.9744318181818182
HMM2 (correctly specified),78,Jump λ=100 ex post,0.6686717388380047,0.32580086163345756,0.0,0.5284090909090909,0.2869318181818182
HMM2 (correctly specified),78,Jump λ=100 real time,0.5760372278930241,0.13976047501938427,8.5,0.48863636363636365,0.5340909090909091
HMM2 (correctly specified),79,HMM-2 ex post (smoothed),0.9548252398303554,0.9160996859533952,0.0,0.13297872340425532,0.7819148936170213
HMM2 (correctly specified),79,HMM-2 real time (filtered),0.9106946744929685,0.8262273878268616,1.0,0.10106382978723404,1.872340425531915
HMM2 (correctly specified),79,Jump λ=10 ex post,0.7651570558168472,0.5015712160270753,2.0,0.26063829787234044,0.6914893617021277
HMM2 (correctly specified),79,Jump λ=10 real time,0.7325497946332443,0.43025289305262315,4.0,0.2712765957446808,0.9202127659574468
HMM2 (correctly specified),79,Jump λ=30 ex post,0.7714389404852232,0.5047227730471017,1.0,0.2925531914893617,0.4787234042553192
HMM2 (correctly specified),79,Jump λ=30 real time,0.6963097623349093,0.35446576395095286,6.0,0.31382978723404253,0.6170212765957447
HMM2 (correctly specified),79,Jump λ=100 ex post,0.7240261340162686,0.45312033365940363,0.0,0.5106382978723404,0.26063829787234044
HMM2 (correctly specified),79,Jump λ=100 real time,0.6099099762499072,0.2088806164125474,11.0,0.4734042553191489,0.39893617021276595
HMM2 (correctly specified),80,HMM-2 ex post (smoothed),0.9540386246830161,0.9147964606873376,0.0,0.12727272727272726,0.793939393939394
HMM2 (correctly specified),80,HMM-2 real time (filtered),0.9164606630000425,0.840275018157199,1.0,0.08484848484848485,1.812121212121212
HMM2 (correctly specified),80,Jump λ=10 ex post,0.7222452964696402,0.36163832736397994,1.0,0.22424242424242424,1.0212121212121212
HMM2 (correctly specified),80,Jump λ=10 real time,0.7041875741159751,0.3263419059007263,2.0,0.18787878787878787,1.378787878787879
HMM2 (correctly specified),80,Jump λ=30 ex post,0.7415291682594786,0.4330462796162863,1.0,0.37575757575757573,0.5636363636363636
HMM2 (correctly specified),80,Jump λ=30 real time,0.6917953639512908,0.32848317296695995,4.0,0.3212121212121212,0.8393939393939394
HMM2 (correctly specified),80,Jump λ=100 ex post,0.7448544619586783,0.4525769765177724,0.0,0.509090909090909,0.2606060606060606
HMM2 (correctly specified),80,Jump λ=100 real time,0.6521515874737831,0.26362027688144063,6.5,0.5151515151515151,0.4636363636363636
HMM2 (correctly specified),81,HMM-2 ex post (smoothed),0.9496402678045548,0.9078636753430165,0.0,0.11666666666666667,0.8277777777777777
HMM2 (correctly specified),81,HMM-2 real time (filtered),0.9038845453827082,0.819318958094641,1.0,0.09444444444444444,1.8611111111111112
HMM2 (correctly specified),81,Jump λ=10 ex post,0.6289174830454352,0.18026185772805137,0.0,0.11666666666666667,1.2083333333333333
HMM2 (correctly specified),81,Jump λ=10 real time,0.6124554072310795,0.1560553202531899,1.0,0.10555555555555556,1.7805555555555554
HMM2 (correctly specified),81,Jump λ=30 ex post,0.6787381509691097,0.29096481520789785,0.0,0.2388888888888889,0.6194444444444445
HMM2 (correctly specified),81,Jump λ=30 real time,0.6211659345062838,0.1897853407017408,3.0,0.23333333333333334,0.975
HMM2 (correctly specified),81,Jump λ=100 ex post,0.6770295362279085,0.29334299480259596,0.0,0.3611111111111111,0.3111111111111111
HMM2 (correctly specified),81,Jump λ=100 real time,0.560203042943519,0.09329229123897409,0.0,0.40555555555555556,0.5361111111111111
HMM2 (correctly specified),82,HMM-2 ex post (smoothed),0.9472783538376964,0.9095585412667946,0.0,0.15168539325842698,0.8370786516853933
HMM2 (correctly specified),82,HMM-2 real time (filtered),0.9024306674501924,0.8221382434048211,2.0,0.1348314606741573,1.7808988764044944
HMM2 (correctly specified),82,Jump λ=10 ex post,0.7004461041710108,0.34065602465596034,2.0,0.2640449438202247,1.0112359550561798
HMM2 (correctly specified),82,Jump λ=10 real time,0.6738079666875185,0.2894338863248054,2.0,0.2696629213483146,1.404494382022472
HMM2 (correctly specified),82,Jump λ=30 ex post,0.7115855970276572,0.3907506137327349,2.0,0.38764044943820225,0.5674157303370787
HMM2 (correctly specified),82,Jump λ=30 real time,0.6641873447955566,0.2914983333777392,5.0,0.37640449438202245,0.8202247191011236
HMM2 (correctly specified),82,Jump λ=100 ex post,0.691978813211255,0.3740307184724785,2.0,0.5168539325842697,0.31179775280898875
HMM2 (correctly specified),82,Jump λ=100 real time,0.6124525303458255,0.20501164208892342,9.0,0.4943820224719101,0.46629213483146065
HMM2 (correctly specified),83,HMM-2 ex post (smoothed),0.9504573347971199,0.9130327302738999,0.0,0.05714285714285714,0.9142857142857143
HMM2 (correctly specified),83,HMM-2 real time (filtered),0.9030962752460538,0.8207162939403426,2.0,0.04,1.937142857142857
HMM2 (correctly specified),83,Jump λ=10 ex post,0.7298329670348229,0.4117322582711924,2.0,0.22285714285714286,0.8
HMM2 (correctly specified),83,Jump λ=10 real time,0.7030121705371768,0.3525341726139327,3.0,0.2,1.16
HMM2 (correctly specified),83,Jump λ=30 ex post,0.7307118035380806,0.4309205931245138,2.0,0.32,0.52
HMM2 (correctly specified),83,Jump λ=30 real time,0.663233545665587,0.2890925660686646,6.0,0.3142857142857143,0.7542857142857143
HMM2 (correctly specified),83,Jump λ=100 ex post,0.6868343759786993,0.39994778792551333,1.5,0.5771428571428572,0.2571428571428571
HMM2 (correctly specified),83,Jump λ=100 real time,0.5897312110022508,0.17587457293751407,10.0,0.5371428571428571,0.4
HMM2 (correctly specified),84,HMM-2 ex post (smoothed),0.950939943946042,0.916573827576977,0.0,0.1092896174863388,0.8524590163934426
HMM2 (correctly specified),84,HMM-2 real time (filtered),0.9032151773830391,0.8192035071214367,2.0,0.06557377049180328,1.8688524590163935
HMM2 (correctly specified),84,Jump λ=10 ex post,0.744084445447068,0.4606843937810655,3.0,0.26229508196721313,0.7213114754098361
HMM2 (correctly specified),84,Jump λ=10 real time,0.7145761586310373,0.3925436383026236,4.0,0.22404371584699453,1.0491803278688525
HMM2 (correctly specified),84,Jump λ=30 ex post,0.7518142131232896,0.481763295217681,2.0,0.33879781420765026,0.4808743169398907
HMM2 (correctly specified),84,Jump λ=30 real time,0.6804152486540367,0.33040395738968464,7.0,0.29508196721311475,0.6557377049180327
HMM2 (correctly specified),84,Jump λ=100 ex post,0.6851611497345887,0.4060830997233299,1.0,0.6120218579234973,0.22404371584699453
HMM2 (correctly specified),84,Jump λ=100 real time,0.6158181835958576,0.23436418305899287,8.0,0.4972677595628415,0.3989071038251366
HMM2 (correctly specified),85,HMM-2 ex post (smoothed),0.9564858161162106,0.9225380888926815,0.0,0.1,0.8764705882352941
HMM2 (correctly specified),85,HMM-2 real time (filtered),0.916076502861555,0.8407559292475165,1.0,0.1,1.8764705882352941
HMM2 (correctly specified),85,Jump λ=10 ex post,0.6973296059341421,0.3292845694330988,1.0,0.18235294117647058,1.0470588235294118
HMM2 (correctly specified),85,Jump λ=10 real time,0.6737550124772519,0.2841973426268787,2.0,0.17647058823529413,1.6058823529411765
HMM2 (correctly specified),85,Jump λ=30 ex post,0.7191685087897577,0.366104806136899,0.0,0.2235294117647059,0.6088235294117647
HMM2 (correctly specified),85,Jump λ=30 real time,0.6688363234192773,0.2745946316139798,2.0,0.2411764705882353,0.8647058823529412
HMM2 (correctly specified),85,Jump λ=100 ex post,0.7096492681156797,0.38984896817062864,0.0,0.4411764705882353,0.29411764705882354
HMM2 (correctly specified),85,Jump λ=100 real time,0.6056408291502755,0.18589053494313512,3.0,0.38823529411764707,0.5029411764705882
HMM2 (correctly specified),86,HMM-2 ex post (smoothed),0.9551680638009689,0.919182584619696,0.0,0.13978494623655913,0.7741935483870968
HMM2 (correctly specified),86,HMM-2 real time (filtered),0.9109182061584913,0.8304826962879116,2.0,0.11827956989247312,1.7903225806451613
HMM2 (correctly specified),86,Jump λ=10 ex post,0.7464067560856976,0.48102144559641713,2.0,0.3118279569892473,0.7956989247311828
HMM2 (correctly specified),86,Jump λ=10 real time,0.720328620999964,0.4214724332070804,3.0,0.26881720430107525,1.0806451612903225
HMM2 (correctly specified),86,Jump λ=30 ex post,0.7407463735573205,0.48685617606308684,1.0,0.4032258064516129,0.45698924731182794
HMM2 (correctly specified),86,Jump λ=30 real time,0.6952796337934035,0.3812589965212303,6.0,0.3870967741935484,0.6774193548387096
HMM2 (correctly specified),86,Jump λ=100 ex post,0.7184288739084055,0.4528947662375302,0.0,0.532258064516129,0.25806451612903225
HMM2 (correctly specified),86,Jump λ=100 real time,0.6361408288570585,0.271837391365787,8.0,0.521505376344086,0.3924731182795699
HMM2 (correctly specified),87,HMM-2 ex post (smoothed),0.9442363491078491,0.9055415530453357,0.0,0.14136125654450263,0.8272251308900523
HMM2 (correctly specified),87,HMM-2 real time (filtered),0.9032332515948127,0.8220326757941802,1.0,0.09947643979057591,1.7539267015706805
HMM2 (correctly specified),87,Jump λ=10 ex post,0.7220862137511161,0.38466361366393553,2.0,0.2617801047120419,0.7146596858638743
HMM2 (correctly specified),87,Jump λ=10 real time,0.6797245972348022,0.29961622395591003,3.0,0.28272251308900526,1.013089005235602
HMM2 (correctly specified),87,Jump λ=30 ex post,0.7320942697061861,0.44108513394603055,3.0,0.387434554973822,0.5078534031413613
HMM2 (correctly specified),87,Jump λ=30 real time,0.6421060571010611,0.2524778728251792,7.0,0.39790575916230364,0.612565445026178
HMM2 (correctly specified),87,Jump λ=100 ex post,0.7277626645444779,0.32855404932271015,0.0,0.32460732984293195,0.19633507853403143
HMM2 (correctly specified),87,Jump λ=100 real time,0.605058639472032,0.14651071793479742,0.0,0.41361256544502617,0.337696335078534
HMM2 (correctly specified),88,HMM-2 ex post (smoothed),0.9444198512456016,0.9002848873647329,0.0,0.11594202898550725,0.8647342995169082
HMM2 (correctly specified),88,HMM-2 real time (filtered),0.9004279616187996,0.8132401262636089,2.0,0.07729468599033816,1.7922705314009661
HMM2 (correctly specified),88,Jump λ=10 ex post,0.6994765760083685,0.316979703024146,0.0,0.22705314009661837,0.8285024154589372
HMM2 (correctly specified),88,Jump λ=10 real time,0.6789571342373614,0.28193654661159284,0.0,0.2318840579710145,1.1521739130434783
HMM2 (correctly specified),88,Jump λ=30 ex post,0.7176659088767918,0.35330716527665773,0.0,0.27053140096618356,0.4927536231884058
HMM2 (correctly specified),88,Jump λ=30 real time,0.6628545748113626,0.2597674313782473,0.0,0.2946859903381642,0.6932367149758454
HMM2 (correctly specified),88,Jump λ=100 ex post,0.7068861104399535,0.3428852431531706,0.0,0.391304347826087,0.2391304347826087
HMM2 (correctly specified),88,Jump λ=100 real time,0.6192004922285821,0.19037271807250633,0.0,0.40096618357487923,0.3864734299516908
HMM2 (correctly specified),89,HMM-2 ex post (smoothed),0.9565365483254005,0.9227609189182696,0.0,0.11413043478260869,0.8695652173913043
HMM2 (correctly specified),89,HMM-2 real time (filtered),0.9127923666804314,0.8326099913774336,1.0,0.07065217391304347,1.7880434782608696
HMM2 (correctly specified),89,Jump λ=10 ex post,0.7443205383857483,0.44397396247412024,1.0,0.2554347826086957,0.7608695652173914
HMM2 (correctly specified),89,Jump λ=10 real time,0.7176741703071006,0.38564514396880833,3.0,0.22826086956521738,1.0434782608695652
HMM2 (correctly specified),89,Jump λ=30 ex post,0.7617265889316323,0.4879982405974539,1.0,0.3423913043478261,0.4945652173913043
HMM2 (correctly specified),89,Jump λ=30 real time,0.68438559529243,0.33371395300072704,6.0,0.3532608695652174,0.6684782608695652
HMM2 (correctly specified),89,Jump λ=100 ex post,0.7206053081509494,0.4554984107180441,0.0,0.5543478260869565,0.266304347826087
HMM2 (correctly specified),89,Jump λ=100 real time,0.6136418691544776,0.22023373063556106,10.5,0.5108695652173914,0.3858695652173913
HMM2 (correctly specified),90,HMM-2 ex post (smoothed),0.952521500052611,0.9141053371712751,0.0,0.11891891891891893,0.8054054054054054
HMM2 (correctly specified),90,HMM-2 real time (filtered),0.9106359731533535,0.8286657147766119,1.0,0.0972972972972973,1.718918918918919
HMM2 (correctly specified),90,Jump λ=10 ex post,0.7234792365015182,0.4112812584997001,1.0,0.22162162162162163,0.9027027027027027
HMM2 (correctly specified),90,Jump λ=10 real time,0.6988939239921234,0.35782815576882054,2.0,0.21081081081081082,1.3405405405405406
HMM2 (correctly specified),90,Jump λ=30 ex post,0.7281661962991913,0.4398552689144546,1.0,0.3081081081081081,0.4972972972972973
HMM2 (correctly specified),90,Jump λ=30 real time,0.6865862360205033,0.34974332378799977,4.0,0.2972972972972973,0.7243243243243244
HMM2 (correctly specified),90,Jump λ=100 ex post,0.7171498267594625,0.403657207623352,0.0,0.44324324324324327,0.21621621621621623
HMM2 (correctly specified),90,Jump λ=100 real time,0.635977498459249,0.24348806382920773,0.0,0.44324324324324327,0.3783783783783784
HMM2 (correctly specified),91,HMM-2 ex post (smoothed),0.9505254156990509,0.9121951270262469,0.0,0.12154696132596685,0.8176795580110497
HMM2 (correctly specified),91,HMM-2 real time (filtered),0.9065565749188333,0.824688948187107,2.0,0.09392265193370165,1.6629834254143647
HMM2 (correctly specified),91,Jump λ=10 ex post,0.6687552780503245,0.24180500241401526,0.0,0.1712707182320442,1.0966850828729282
HMM2 (correctly specified),91,Jump λ=10 real time,0.6466990010274134,0.20639591008184,0.0,0.16022099447513813,1.5883977900552486
HMM2 (correctly specified),91,Jump λ=30 ex post,0.7260309395552602,0.368529357247654,0.0,0.26519337016574585,0.5193370165745856
HMM2 (correctly specified),91,Jump λ=30 real time,0.654969948351861,0.24496883897416488,4.0,0.2541436464088398,0.8121546961325967
HMM2 (correctly specified),91,Jump λ=100 ex post,0.7033455035186146,0.3694318458161274,0.0,0.4419889502762431,0.281767955801105
HMM2 (correctly specified),91,Jump λ=100 real time,0.5795606272796617,0.1355595451563285,0.0,0.4530386740331492,0.46408839779005523
HMM2 (correctly specified),92,HMM-2 ex post (smoothed),0.9459608825275463,0.9030775005351298,0.0,0.10101010101010101,0.8434343434343434
HMM2 (correctly specified),92,HMM-2 real time (filtered),0.895819472819922,0.8066780131282105,2.0,0.07575757575757576,1.9848484848484849
HMM2 (correctly specified),92,Jump λ=10 ex post,0.6761073715790773,0.27167158653893875,0.0,0.16666666666666666,1.0
HMM2 (correctly specified),92,Jump λ=10 real time,0.6516922829796248,0.23059737666072044,0.0,0.15151515151515152,1.4393939393939394
HMM2 (correctly specified),92,Jump λ=30 ex post,0.6911569516663094,0.2980587779059036,0.0,0.22727272727272727,0.5833333333333334
HMM2 (correctly specified),92,Jump λ=30 real time,0.6267220036054402,0.19348546793832833,0.5,0.2222222222222222,0.797979797979798
HMM2 (correctly specified),92,Jump λ=100 ex post,0.6977469593862113,0.4090085582871855,0.0,0.5505050505050505,0.22727272727272727
HMM2 (correctly specified),92,Jump λ=100 real time,0.613655213193197,0.21846911106412026,2.0,0.494949494949495,0.44696969696969696
HMM2 (correctly specified),93,HMM-2 ex post (smoothed),0.946240764103697,0.9033890449195473,0.0,0.0989010989010989,0.8736263736263736
HMM2 (correctly specified),93,HMM-2 real time (filtered),0.9050574690764361,0.824364737528849,1.0,0.07692307692307693,1.835164835164835
HMM2 (correctly specified),93,Jump λ=10 ex post,0.6889224516617375,0.29398346303203826,1.0,0.21978021978021978,1.0357142857142858
HMM2 (correctly specified),93,Jump λ=10 real time,0.6614695850437976,0.24423221313449395,2.0,0.16483516483516483,1.5961538461538463
HMM2 (correctly specified),93,Jump λ=30 ex post,0.7006508364124411,0.35954542716469784,2.0,0.37362637362637363,0.5521978021978022
HMM2 (correctly specified),93,Jump λ=30 real time,0.6471021189931878,0.24953175606006328,4.5,0.31868131868131866,0.8873626373626373
HMM2 (correctly specified),93,Jump λ=100 ex post,0.6779165771922278,0.3619642280026466,0.0,0.5824175824175825,0.23351648351648352
HMM2 (correctly specified),93,Jump λ=100 real time,0.5935212076566186,0.17588924312039267,0.0,0.5824175824175825,0.42032967032967034
HMM2 (correctly specified),94,HMM-2 ex post (smoothed),0.9493573140416841,0.9060068365864018,0.0,0.12222222222222222,0.7833333333333333
HMM2 (correctly specified),94,HMM-2 real time (filtered),0.9028919932293169,0.8162962290816701,1.0,0.08888888888888889,1.7
HMM2 (correctly specified),94,Jump λ=10 ex post,0.7621385554015085,0.4593006129539906,1.5,0.26666666666666666,0.6388888888888888
HMM2 (correctly specified),94,Jump λ=10 real time,0.719381156666695,0.3705218314508705,3.0,0.26666666666666666,1.0277777777777777
HMM2 (correctly specified),94,Jump λ=30 ex post,0.7629289507500908,0.47929315287845997,1.0,0.35,0.45555555555555555
HMM2 (correctly specified),94,Jump λ=30 real time,0.6886464675214841,0.32854340556912054,5.0,0.37222222222222223,0.6166666666666667
HMM2 (correctly specified),94,Jump λ=100 ex post,0.709180380032679,0.39984631765604006,0.0,0.5166666666666667,0.25
HMM2 (correctly specified),94,Jump λ=100 real time,0.5880129711722576,0.1545819742869886,10.0,0.5055555555555555,0.3888888888888889
HMM2 (correctly specified),95,HMM-2 ex post (smoothed),0.9528312783029764,0.9112593711147835,0.0,0.07777777777777778,0.85
HMM2 (correctly specified),95,HMM-2 real time (filtered),0.9069396682604229,0.8219910391280647,1.0,0.05555555555555555,1.9444444444444444
HMM2 (correctly specified),95,Jump λ=10 ex post,0.7504997014430976,0.4535497506974028,1.0,0.2388888888888889,0.7611111111111111
HMM2 (correctly specified),95,Jump λ=10 real time,0.714638150487207,0.3780848771474563,3.0,0.22777777777777777,1.1333333333333333
HMM2 (correctly specified),95,Jump λ=30 ex post,0.7678223942374887,0.4992615823776424,1.0,0.31666666666666665,0.4777777777777778
HMM2 (correctly specified),95,Jump λ=30 real time,0.692848726810991,0.34803740474127254,5.0,0.3055555555555556,0.6666666666666666
HMM2 (correctly specified),95,Jump λ=100 ex post,0.740438115909814,0.4544688633623778,0.0,0.4388888888888889,0.25555555555555554
HMM2 (correctly specified),95,Jump λ=100 real time,0.5988834988834989,0.17816828223123293,1.5,0.4111111111111111,0.3888888888888889
HMM2 (correctly specified),96,HMM-2 ex post (smoothed),0.9517701128910714,0.91369982047827,0.0,0.125,0.8095238095238095
HMM2 (correctly specified),96,HMM-2 real time (filtered),0.9121951949174802,0.8331570171393896,1.0,0.07142857142857142,1.8869047619047619
HMM2 (correctly specified),96,Jump λ=10 ex post,0.7267995324556205,0.3722136640119418,0.0,0.22023809523809523,0.9404761904761905
HMM2 (correctly specified),96,Jump λ=10 real time,0.7000379458221517,0.32071297398809817,1.0,0.19047619047619047,1.4464285714285714
HMM2 (correctly specified),96,Jump λ=30 ex post,0.7592634645705866,0.45183239715954826,0.0,0.26785714285714285,0.5
HMM2 (correctly specified),96,Jump λ=30 real time,0.6988906443174197,0.3351748684238238,2.0,0.26785714285714285,0.7440476190476191
HMM2 (correctly specified),96,Jump λ=100 ex post,0.7450852568748522,0.45358018258493993,0.0,0.43452380952380953,0.2767857142857143
HMM2 (correctly specified),96,Jump λ=100 real time,0.6578127615226603,0.2800921501475647,0.0,0.4642857142857143,0.37797619047619047
HMM2 (correctly specified),97,HMM-2 ex post (smoothed),0.9439522484603349,0.9034857244263527,0.0,0.11578947368421053,0.8258575197889182
HMM2 (correctly specified),97,HMM-2 real time (filtered),0.9042214323787181,0.8211945959151269,1.0,0.07368421052631578,1.83377308707124
HMM2 (correctly specified),97,Jump λ=10 ex post,0.6890358873954473,0.3138042244209174,0.0,0.19473684210526315,0.9868073878627969
HMM2 (correctly specified),97,Jump λ=10 real time,0.6624520412728547,0.26509256185571217,1.0,0.15789473684210525,1.3905013192612137
HMM2 (correctly specified),97,Jump λ=30 ex post,0.695577153203333,0.3394408982370314,0.0,0.2894736842105263,0.554089709762533
HMM2 (correctly specified),97,Jump λ=30 real time,0.6438962603706518,0.24367639949738928,3.0,0.26842105263157895,0.7994722955145118
HMM2 (correctly specified),97,Jump λ=100 ex post,0.694167514689613,0.368005162143188,0.0,0.43157894736842106,0.29023746701846964
HMM2 (correctly specified),97,Jump λ=100 real time,0.5926730257232677,0.16521247960180518,2.0,0.4052631578947368,0.45910290237467016
HMM2 (correctly specified),98,HMM-2 ex post (smoothed),0.9521786268086612,0.9105873661448537,0.0,0.10909090909090909,0.8
HMM2 (correctly specified),98,HMM-2 real time (filtered),0.9126874207366403,0.8352088967809725,1.0,0.09696969696969697,1.7272727272727273
HMM2 (correctly specified),98,Jump λ=10 ex post,0.7584638517110763,0.47989433808489557,1.0,0.26666666666666666,0.6575757575757576
HMM2 (correctly specified),98,Jump λ=10 real time,0.729698735662235,0.4159484448335835,3.0,0.26666666666666666,0.8333333333333334
HMM2 (correctly specified),98,Jump λ=30 ex post,0.7625020089720507,0.5012755704119523,1.0,0.34545454545454546,0.47575757575757577
HMM2 (correctly specified),98,Jump λ=30 real time,0.703590276846841,0.37310457905197614,5.0,0.3333333333333333,0.6151515151515151
HMM2 (correctly specified),98,Jump λ=100 ex post,0.7508627778892845,0.48401262832790404,0.0,0.4727272727272727,0.2636363636363636
HMM2 (correctly specified),98,Jump λ=100 real time,0.637563913702214,0.25173600797114604,7.0,0.49696969696969695,0.3787878787878788
HMM2 (correctly specified),99,HMM-2 ex post (smoothed),0.9532599318914012,0.9187988149443143,0.0,0.12290502793296089,0.88268156424581
HMM2 (correctly specified),99,HMM-2 real time (filtered),0.9073034986060342,0.8249277548571687,1.5,0.08379888268156424,2.0446927374301676
HMM2 (correctly specified),99,Jump λ=10 ex post,0.6681771117616897,0.25851139075386753,0.0,0.17318435754189945,1.0726256983240223
HMM2 (correctly specified),99,Jump λ=10 real time,0.6479656185734686,0.22550921484400077,0.0,0.16759776536312848,1.4804469273743017
HMM2 (correctly specified),99,Jump λ=30 ex post,0.7031156467835871,0.3356332132131986,0.0,0.2569832402234637,0.5251396648044693
HMM2 (correctly specified),99,Jump λ=30 real time,0.6515218577879225,0.2445050397295253,2.0,0.2905027932960894,0.8435754189944135
HMM2 (correctly specified),99,Jump λ=100 ex post,0.7054366319875177,0.3695508294364206,0.0,0.39664804469273746,0.30726256983240224
HMM2 (correctly specified),99,Jump λ=100 real time,0.6061942804214426,0.18126959867190173,1.0,0.3743016759776536,0.4888268156424581
HMM2 with t(4) shocks (misspecified),0,HMM-2 ex post (smoothed),0.8616964327536252,0.7496321142127491,0.0,0.13736263736263737,2.6483516483516483
HMM2 with t(4) shocks (misspecified),0,HMM-2 real time (filtered),0.7840494130107896,0.6064325620551545,1.0,0.13736263736263737,5.648351648351649
HMM2 with t(4) shocks (misspecified),0,Jump λ=10 ex post,0.7392974005378066,0.4346244813611202,2.0,0.2857142857142857,0.717032967032967
HMM2 with t(4) shocks (misspecified),0,Jump λ=10 real time,0.7002179402371281,0.3497833040696583,4.0,0.27472527472527475,0.9862637362637363
HMM2 with t(4) shocks (misspecified),0,Jump λ=30 ex post,0.7323751482887408,0.42530335649494766,2.5,0.34065934065934067,0.5027472527472527
HMM2 with t(4) shocks (misspecified),0,Jump λ=30 real time,0.6688922126066221,0.2947906418761298,5.0,0.33516483516483514,0.6895604395604396
HMM2 with t(4) shocks (misspecified),0,Jump λ=100 ex post,0.6773359479629596,0.38599809665645635,0.0,0.6208791208791209,0.21978021978021978
HMM2 with t(4) shocks (misspecified),0,Jump λ=100 real time,0.6069912226448497,0.21272573580631027,7.0,0.5769230769230769,0.37362637362637363
HMM2 with t(4) shocks (misspecified),0,Change-point (PELT) ex post,0.8308747792995131,0.659849206056064,0.0,0.45054945054945056,0.3076923076923077
HMM2 with t(4) shocks (misspecified),1,HMM-2 ex post (smoothed),0.8428903505026695,0.7167834911018851,1.0,0.11413043478260869,2.953804347826087
HMM2 with t(4) shocks (misspecified),1,HMM-2 real time (filtered),0.7710106215813726,0.5796522816734693,1.0,0.10869565217391304,5.763586956521739
HMM2 with t(4) shocks (misspecified),1,Jump λ=10 ex post,0.6919134146796485,0.30541820486707294,0.0,0.21195652173913043,0.9266304347826086
HMM2 with t(4) shocks (misspecified),1,Jump λ=10 real time,0.6657792185515075,0.2543587200864641,1.0,0.1956521739130435,1.236413043478261
HMM2 with t(4) shocks (misspecified),1,Jump λ=30 ex post,0.7089991646172327,0.36401284165680203,0.0,0.31521739130434784,0.5407608695652174
HMM2 with t(4) shocks (misspecified),1,Jump λ=30 real time,0.656220709329117,0.2565919846533893,2.0,0.29347826086956524,0.7853260869565217
HMM2 with t(4) shocks (misspecified),1,Jump λ=100 ex post,0.6712228854311099,0.35029447771278654,0.0,0.5815217391304348,0.20923913043478262
HMM2 with t(4) shocks (misspecified),1,Jump λ=100 real time,0.5916029382635608,0.1705258383377185,1.5,0.5108695652173914,0.39945652173913043
HMM2 with t(4) shocks (misspecified),1,Change-point (PELT) ex post,0.8080196933474133,0.5946152784042825,0.0,0.43478260869565216,0.33695652173913043
HMM2 with t(4) shocks (misspecified),2,HMM-2 ex post (smoothed),0.8902919924649244,0.7987438448779122,0.0,0.09574468085106383,2.175531914893617
HMM2 with t(4) shocks (misspecified),2,HMM-2 real time (filtered),0.8144787809832779,0.6584178360891271,1.0,0.0851063829787234,5.164893617021277
HMM2 with t(4) shocks (misspecified),2,Jump λ=10 ex post,0.7342634605354046,0.41995479427481575,1.0,0.2553191489361702,0.7154255319148937
HMM2 with t(4) shocks (misspecified),2,Jump λ=10 real time,0.6969944048126372,0.3433799731100988,2.0,0.2712765957446808,1.0345744680851063
HMM2 with t(4) shocks (misspecified),2,Jump λ=30 ex post,0.7400126188456554,0.4411054702073801,0.0,0.3617021276595745,0.40691489361702127
HMM2 with t(4) shocks (misspecified),2,Jump λ=30 real time,0.6766122059743528,0.3129351075901714,1.0,0.3670212765957447,0.6356382978723404
HMM2 with t(4) shocks (misspecified),2,Jump λ=100 ex post,0.7442061233947204,0.4680572338380302,0.0,0.46808510638297873,0.23138297872340424
HMM2 with t(4) shocks (misspecified),2,Jump λ=100 real time,0.6301730280846323,0.2379945112317574,0.0,0.4627659574468085,0.3377659574468085
HMM2 with t(4) shocks (misspecified),2,Change-point (PELT) ex post,0.847600950622373,0.6374422176072434,0.0,0.3191489361702128,0.3271276595744681
HMM2 with t(4) shocks (misspecified),3,HMM-2 ex post (smoothed),0.850016893241809,0.7340683948716223,1.0,0.09574468085106383,2.4574468085106385
HMM2 with t(4) shocks (misspecified),3,HMM-2 real time (filtered),0.7793981033354314,0.6048940180263578,1.0,0.0797872340425532,5.308510638297872
HMM2 with t(4) shocks (misspecified),3,Jump λ=10 ex post,0.732346274790872,0.4097570888936718,1.0,0.2712765957446808,0.7712765957446809
HMM2 with t(4) shocks (misspecified),3,Jump λ=10 real time,0.6969272822170434,0.3362551122291587,3.0,0.22872340425531915,1.1170212765957446
HMM2 with t(4) shocks (misspecified),3,Jump λ=30 ex post,0.7329643720796319,0.44615993573516544,1.0,0.39361702127659576,0.4574468085106383
HMM2 with t(4) shocks (misspecified),3,Jump λ=30 real time,0.666585568714954,0.30318730746140465,5.0,0.3776595744680851,0.6382978723404256
HMM2 with t(4) shocks (misspecified),3,Jump λ=100 ex post,0.6890323568948268,0.39474391975254897,0.0,0.601063829787234,0.23404255319148937
HMM2 with t(4) shocks (misspecified),3,Jump λ=100 real time,0.6049313875010349,0.20583541764359048,9.0,0.5478723404255319,0.3723404255319149
HMM2 with t(4) shocks (misspecified),3,Change-point (PELT) ex post,0.8308196045257817,0.6251805122612499,0.0,0.40425531914893614,0.3404255319148936
HMM2 with t(4) shocks (misspecified),4,HMM-2 ex post (smoothed),0.8427731292743672,0.7272305370876473,0.0,0.06432748538011696,3.434017595307918
HMM2 with t(4) shocks (misspecified),4,HMM-2 real time (filtered),0.7647896737316922,0.5795671811207215,1.0,0.05263157894736842,6.706744868035191
HMM2 with t(4) shocks (misspecified),4,Jump λ=10 ex post,0.7414570019130223,0.4136178995646873,0.0,0.25146198830409355,0.7917888563049853
HMM2 with t(4) shocks (misspecified),4,Jump λ=10 real time,0.7155042682341879,0.3585837354389043,1.0,0.23976608187134502,1.067448680351906
HMM2 with t(4) shocks (misspecified),4,Jump λ=30 ex post,0.7410202435692108,0.41546418723407663,0.0,0.32748538011695905,0.46920821114369504
HMM2 with t(4) shocks (misspecified),4,Jump λ=30 real time,0.6851635991670286,0.3065757133647369,3.0,0.32748538011695905,0.7038123167155426
HMM2 with t(4) shocks (misspecified),4,Jump λ=100 ex post,0.7337569163066782,0.3971820990817816,0.0,0.391812865497076,0.24633431085043989
HMM2 with t(4) shocks (misspecified),4,Jump λ=100 real time,0.6393047358835577,0.22579022364620482,0.0,0.4152046783625731,0.375366568914956
HMM2 with t(4) shocks (misspecified),4,Change-point (PELT) ex post,0.8208248477600895,0.6278201055673649,0.0,0.4502923976608187,0.2668621700879765
HMM2 with t(4) shocks (misspecified),5,HMM-2 ex post (smoothed),0.8919524544403179,0.7937586283194442,0.0,0.09359605911330049,2.206896551724138
HMM2 with t(4) shocks (misspecified),5,HMM-2 real time (filtered),0.815330154155413,0.6519607732156565,1.0,0.07881773399014778,5.394088669950739
HMM2 with t(4) shocks (misspecified),5,Jump λ=10 ex post,0.6893456577849006,0.33383894084704335,1.0,0.19704433497536947,0.9137931034482759
HMM2 with t(4) shocks (misspecified),5,Jump λ=10 real time,0.6550406208762736,0.26863789342707867,2.0,0.1921182266009852,1.2192118226600985
HMM2 with t(4) shocks (misspecified),5,Jump λ=30 ex post,0.7010976848271635,0.3658609842272206,0.5,0.28078817733990147,0.5394088669950738
HMM2 with t(4) shocks (misspecified),5,Jump λ=30 real time,0.6365760331665822,0.24172568814122375,2.0,0.27586206896551724,0.770935960591133
HMM2 with t(4) shocks (misspecified),5,Jump λ=100 ex post,0.6592847114646752,0.30289640923117633,0.0,0.4729064039408867,0.23891625615763548
HMM2 with t(4) shocks (misspecified),5,Jump λ=100 real time,0.5840142999197906,0.15442627473292625,0.0,0.4433497536945813,0.39655172413793105
HMM2 with t(4) shocks (misspecified),5,Change-point (PELT) ex post,0.8357773479896075,0.5897272861852629,0.0,0.2413793103448276,0.2733990147783251
HMM2 with t(4) shocks (misspecified),6,HMM-2 ex post (smoothed),0.8912819536144554,0.799738623818701,1.0,0.11666666666666667,2.1944444444444446
HMM2 with t(4) shocks (misspecified),6,HMM-2 real time (filtered),0.810503623289845,0.6529523650262425,1.0,0.08888888888888889,5.305555555555555
HMM2 with t(4) shocks (misspecified),6,Jump λ=10 ex post,0.7080646343336975,0.3833865702161926,2.0,0.2833333333333333,0.8777777777777778
HMM2 with t(4) shocks (misspecified),6,Jump λ=10 real time,0.6722684869421109,0.3064066260803101,3.0,0.2722222222222222,1.261111111111111
HMM2 with t(4) shocks (misspecified),6,Jump λ=30 ex post,0.7171554145603056,0.39642356092146214,1.0,0.35,0.55
HMM2 with t(4) shocks (misspecified),6,Jump λ=30 real time,0.6598415062138581,0.28217969952906075,4.0,0.3611111111111111,0.75
HMM2 with t(4) shocks (misspecified),6,Jump λ=100 ex post,0.7149454265567701,0.41031268604829696,0.0,0.5388888888888889,0.22777777777777777
HMM2 with t(4) shocks (misspecified),6,Jump λ=100 real time,0.6164656943233127,0.20924334067897943,5.0,0.5277777777777778,0.37777777777777777
HMM2 with t(4) shocks (misspecified),6,Change-point (PELT) ex post,0.8350450567344067,0.6272270938598097,0.0,0.4,0.32222222222222224
HMM2 with t(4) shocks (misspecified),7,HMM-2 ex post (smoothed),0.8914284551738341,0.7927026044072275,0.0,0.09411764705882353,2.4277286135693217
HMM2 with t(4) shocks (misspecified),7,HMM-2 real time (filtered),0.812215383491163,0.6500442599805725,1.0,0.08235294117647059,5.536873156342183
HMM2 with t(4) shocks (misspecified),7,Jump λ=10 ex post,0.6424978390671618,0.19682138009994932,0.0,0.17647058823529413,1.2654867256637168
HMM2 with t(4) shocks (misspecified),7,Jump λ=10 real time,0.6135359095553474,0.15331756657327256,1.0,0.17058823529411765,1.8112094395280236
HMM2 with t(4) shocks (misspecified),7,Jump λ=30 ex post,0.6549624548299244,0.21111541390188193,0.0,0.2235294117647059,0.7699115044247787
HMM2 with t(4) shocks (misspecified),7,Jump λ=30 real time,0.6046016371733082,0.13921576086991172,2.5,0.23529411764705882,1.12094395280236
HMM2 with t(4) shocks (misspecified),7,Jump λ=100 ex post,0.6674081632288055,0.361241874776276,1.0,0.6470588235294118,0.25958702064896755
HMM2 with t(4) shocks (misspecified),7,Jump λ=100 real time,0.6025284702741747,0.1996361029685071,11.0,0.5705882352941176,0.4631268436578171
HMM2 with t(4) shocks (misspecified),7,Change-point (PELT) ex post,0.8435721925311314,0.6344808122583082,0.0,0.4,0.3746312684365782
HMM2 with t(4) shocks (misspecified),8,HMM-2 ex post (smoothed),0.8706143729167103,0.7642703003903115,0.0,0.07853403141361257,2.4607329842931938
HMM2 with t(4) shocks (misspecified),8,HMM-2 real time (filtered),0.797014296240681,0.6284494034747201,1.0,0.07853403141361257,5.12565445026178
HMM2 with t(4) shocks (misspecified),8,Jump λ=10 ex post,0.7146351756519207,0.38102930530012435,2.0,0.31413612565445026,0.8167539267015707
HMM2 with t(4) shocks (misspecified),8,Jump λ=10 real time,0.6818479471463854,0.30973216310012164,3.0,0.2931937172774869,1.1465968586387434
HMM2 with t(4) shocks (misspecified),8,Jump λ=30 ex post,0.7271197083319623,0.40151261429987883,0.0,0.3769633507853403,0.4712041884816754
HMM2 with t(4) shocks (misspecified),8,Jump λ=30 real time,0.6593790163931157,0.2703208361712913,5.0,0.3507853403141361,0.6963350785340314
HMM2 with t(4) shocks (misspecified),8,Jump λ=100 ex post,0.6776161208111107,0.303595844228443,0.0,0.4712041884816754,0.18848167539267016
HMM2 with t(4) shocks (misspecified),8,Jump λ=100 real time,0.5884068884787536,0.14030579546857147,0.0,0.450261780104712,0.38219895287958117
HMM2 with t(4) shocks (misspecified),8,Change-point (PELT) ex post,0.8049610836745865,0.5899778168929183,0.0,0.4712041884816754,0.2617801047120419
HMM2 with t(4) shocks (misspecified),9,HMM-2 ex post (smoothed),0.8749515690779959,0.7566530200803119,0.0,0.10344827586206896,2.8879310344827585
HMM2 with t(4) shocks (misspecified),9,HMM-2 real time (filtered),0.7947043621670962,0.6118291268568132,1.0,0.08045977011494253,6.313218390804598
HMM2 with t(4) shocks (misspecified),9,Jump λ=10 ex post,0.6759497090079869,0.2599408351297846,0.0,0.22988505747126436,1.117816091954023
HMM2 with t(4) shocks (misspecified),9,Jump λ=10 real time,0.6469128993135568,0.2114691112976248,1.0,0.20689655172413793,1.5201149425287357
HMM2 with t(4) shocks (misspecified),9,Jump λ=30 ex post,0.6798392645042264,0.293671006906672,0.0,0.3620689655172414,0.5603448275862069
HMM2 with t(4) shocks (misspecified),9,Jump λ=30 real time,0.6284759530027946,0.2001493254684834,4.5,0.3333333333333333,0.8936781609195402
HMM2 with t(4) shocks (misspecified),9,Jump λ=100 ex post,0.6697006280260656,0.27035799413258166,0.0,0.4367816091954023,0.3132183908045977
HMM2 with t(4) shocks (misspecified),9,Jump λ=100 real time,0.5734501024235366,0.11346748708738907,0.0,0.4540229885057471,0.49712643678160917
HMM2 with t(4) shocks (misspecified),9,Change-point (PELT) ex post,0.8285696501017912,0.5339875713905791,0.0,0.28735632183908044,0.32471264367816094
HMM2 with t(4) shocks (misspecified),10,HMM-2 ex post (smoothed),0.8678883156693276,0.7580652730605577,0.0,0.12169312169312169,2.417989417989418
HMM2 with t(4) shocks (misspecified),10,HMM-2 real time (filtered),0.793774187932806,0.6194302928709251,1.0,0.12169312169312169,5.5132275132275135
HMM2 with t(4) shocks (misspecified),10,Jump λ=10 ex post,0.7088132890673198,0.36875340110774,0.0,0.21693121693121692,0.9629629629629629
HMM2 with t(4) shocks (misspecified),10,Jump λ=10 real time,0.6916893692603902,0.3323611224525872,1.0,0.21164021164021163,1.2645502645502646
HMM2 with t(4) shocks (misspecified),10,Jump λ=30 ex post,0.7148577641848854,0.3915216659254599,0.0,0.31216931216931215,0.5529100529100529
HMM2 with t(4) shocks (misspecified),10,Jump λ=30 real time,0.6762262054142145,0.311259821768602,0.0,0.31216931216931215,0.8518518518518519
HMM2 with t(4) shocks (misspecified),10,Jump λ=100 ex post,0.7234058391655684,0.38344758746269136,0.0,0.3544973544973545,0.2724867724867725
HMM2 with t(4) shocks (misspecified),10,Jump λ=100 real time,0.6366847123835802,0.22442628772502538,0.0,0.3439153439153439,0.455026455026455
HMM2 with t(4) shocks (misspecified),10,Change-point (PELT) ex post,0.8437357727432765,0.6308070019559249,0.0,0.31746031746031744,0.335978835978836
HMM2 with t(4) shocks (misspecified),11,HMM-2 ex post (smoothed),0.8696294869227029,0.7545199734993441,1.0,0.07894736842105263,2.4947368421052634
HMM2 with t(4) shocks (misspecified),11,HMM-2 real time (filtered),0.7899808552449643,0.6105397942965916,1.0,0.07368421052631578,5.621052631578947
HMM2 with t(4) shocks (misspecified),11,Jump λ=10 ex post,0.6577559201050818,0.22393616556901053,0.0,0.20526315789473684,1.0447368421052632
HMM2 with t(4) shocks (misspecified),11,Jump λ=10 real time,0.6303203200813547,0.1819030520832663,0.0,0.22105263157894736,1.4026315789473685
HMM2 with t(4) shocks (misspecified),11,Jump λ=30 ex post,0.6908769380983568,0.3026973296204475,0.0,0.32105263157894737,0.48157894736842105
HMM2 with t(4) shocks (misspecified),11,Jump λ=30 real time,0.6344052166386249,0.2067484592914105,0.0,0.33157894736842103,0.7868421052631579
HMM2 with t(4) shocks (misspecified),11,Jump λ=100 ex post,0.6820596630819934,0.3022769027406438,0.0,0.4421052631578947,0.25526315789473686
HMM2 with t(4) shocks (misspecified),11,Jump λ=100 real time,0.5979213841047055,0.15726785096158769,0.0,0.45789473684210524,0.4026315789473684
HMM2 with t(4) shocks (misspecified),11,Change-point (PELT) ex post,0.7861094493287686,0.5582832656687443,0.0,0.5105263157894737,0.2578947368421053
HMM2 with t(4) shocks (misspecified),12,HMM-2 ex post (smoothed),0.8813742622674245,0.7801311778209005,0.0,0.09090909090909091,2.3838383838383836
HMM2 with t(4) shocks (misspecified),12,HMM-2 real time (filtered),0.8041146427564021,0.6358629570488907,1.0,0.0707070707070707,5.555555555555555
HMM2 with t(4) shocks (misspecified),12,Jump λ=10 ex post,0.7130240097775276,0.3885117827219209,2.0,0.22727272727272727,0.797979797979798
HMM2 with t(4) shocks (misspecified),12,Jump λ=10 real time,0.6739798846906344,0.30922036800719854,3.0,0.2474747474747475,1.0757575757575757
HMM2 with t(4) shocks (misspecified),12,Jump λ=30 ex post,0.7227218128876397,0.41003141523229014,0.0,0.32323232323232326,0.47474747474747475
HMM2 with t(4) shocks (misspecified),12,Jump λ=30 real time,0.6423713802842222,0.25142316376848095,4.0,0.3282828282828283,0.7171717171717171
HMM2 with t(4) shocks (misspecified),12,Jump λ=100 ex post,0.6628671641649077,0.24013808901085798,0.0,0.23737373737373738,0.20454545454545456
HMM2 with t(4) shocks (misspecified),12,Jump λ=100 real time,0.5579021580859373,0.08402354120813249,0.0,0.24242424242424243,0.40404040404040403
HMM2 with t(4) shocks (misspecified),12,Change-point (PELT) ex post,0.8320619838597594,0.6455400263610469,0.0,0.398989898989899,0.3409090909090909
HMM2 with t(4) shocks (misspecified),13,HMM-2 ex post (smoothed),0.8576483405170707,0.7430581770134246,0.0,0.08092485549132948,2.927536231884058
HMM2 with t(4) shocks (misspecified),13,HMM-2 real time (filtered),0.7831483223987419,0.6037566262514049,1.0,0.06936416184971098,6.3826086956521735
HMM2 with t(4) shocks (misspecified),13,Jump λ=10 ex post,0.7227342849895526,0.3966874829140923,2.0,0.2947976878612717,0.9246376811594202
HMM2 with t(4) shocks (misspecified),13,Jump λ=10 real time,0.6927295826232989,0.331218045398063,4.0,0.28901734104046245,1.2492753623188406
HMM2 with t(4) shocks (misspecified),13,Jump λ=30 ex post,0.7212598609904223,0.4228131612358993,2.0,0.3930635838150289,0.5652173913043478
HMM2 with t(4) shocks (misspecified),13,Jump λ=30 real time,0.6636745626583404,0.296684324214635,6.0,0.3583815028901734,0.8028985507246377
HMM2 with t(4) shocks (misspecified),13,Jump λ=100 ex post,0.6566450410614124,0.37070852198627446,4.0,0.7283236994219653,0.18840579710144928
HMM2 with t(4) shocks (misspecified),13,Jump λ=100 real time,0.6179529900162009,0.2594101884033332,11.0,0.6358381502890174,0.3507246376811594
HMM2 with t(4) shocks (misspecified),13,Change-point (PELT) ex post,0.7987566926826669,0.6193601287043466,0.0,0.5491329479768786,0.25217391304347825
HMM2 with t(4) shocks (misspecified),14,HMM-2 ex post (smoothed),0.8635823545872569,0.7598102670916645,0.5,0.11794871794871795,2.12853470437018
HMM2 with t(4) shocks (misspecified),14,HMM-2 real time (filtered),0.7834208725206027,0.610667123212328,1.0,0.08205128205128205,4.894601542416453
HMM2 with t(4) shocks (misspecified),14,Jump λ=10 ex post,0.6679656476345226,0.2612931359051781,0.0,0.2,1.056555269922879
HMM2 with t(4) shocks (misspecified),14,Jump λ=10 real time,0.6451259232303783,0.21986845820324685,0.0,0.18461538461538463,1.5501285347043703
HMM2 with t(4) shocks (misspecified),14,Jump λ=30 ex post,0.6948440359154419,0.325627923104138,0.0,0.2923076923076923,0.583547557840617
HMM2 with t(4) shocks (misspecified),14,Jump λ=30 real time,0.6488890526689952,0.23971609114526116,1.0,0.2717948717948718,0.9023136246786633
HMM2 with t(4) shocks (misspecified),14,Jump λ=100 ex post,0.6985205282369058,0.33262516625804284,0.0,0.38461538461538464,0.2853470437017995
HMM2 with t(4) shocks (misspecified),14,Jump λ=100 real time,0.6057454573092438,0.17171112113266707,0.0,0.4,0.43444730077120824
HMM2 with t(4) shocks (misspecified),14,Change-point (PELT) ex post,0.8213291600115005,0.6037032776711828,0.0,0.38461538461538464,0.2879177377892031
HMM2 with t(4) shocks (misspecified),15,HMM-2 ex post (smoothed),0.8618693170702115,0.7537081912610785,1.0,0.0872093023255814,2.691860465116279
HMM2 with t(4) shocks (misspecified),15,HMM-2 real time (filtered),0.7808092713292312,0.6027440165293654,1.0,0.0755813953488372,5.587209302325581
HMM2 with t(4) shocks (misspecified),15,Jump λ=10 ex post,0.7433527437606289,0.42377834968032635,1.5,0.27906976744186046,0.8197674418604651
HMM2 with t(4) shocks (misspecified),15,Jump λ=10 real time,0.7085327583329504,0.34768535361255626,3.0,0.23837209302325582,1.186046511627907
HMM2 with t(4) shocks (misspecified),15,Jump λ=30 ex post,0.7339959573549315,0.4380625011301629,1.5,0.4069767441860465,0.5174418604651163
HMM2 with t(4) shocks (misspecified),15,Jump λ=30 real time,0.6668386617690367,0.29172511988010563,6.0,0.37790697674418605,0.6976744186046512
HMM2 with t(4) shocks (misspecified),15,Jump λ=100 ex post,0.6934756513484107,0.4033604586264634,0.0,0.6453488372093024,0.18604651162790697
HMM2 with t(4) shocks (misspecified),15,Jump λ=100 real time,0.6111504963590597,0.2115945483068271,9.0,0.622093023255814,0.36046511627906974
HMM2 with t(4) shocks (misspecified),15,Change-point (PELT) ex post,0.8100385235648246,0.5909360783880173,0.0,0.45930232558139533,0.29069767441860467
HMM2 with t(4) shocks (misspecified),16,HMM-2 ex post (smoothed),0.8348356471115093,0.7094307636837478,1.0,0.09523809523809523,2.9177718832891246
HMM2 with t(4) shocks (misspecified),16,HMM-2 real time (filtered),0.7708869980594119,0.5854656955105538,1.0,0.07936507936507936,5.840848806366048
HMM2 with t(4) shocks (misspecified),16,Jump λ=10 ex post,0.6796705478429617,0.28500435339684527,0.0,0.19576719576719576,1.0450928381962865
HMM2 with t(4) shocks (misspecified),16,Jump λ=10 real time,0.6564061800268697,0.2430405344750759,1.0,0.17989417989417988,1.3740053050397878
HMM2 with t(4) shocks (misspecified),16,Jump λ=30 ex post,0.7080758322137632,0.3475650746346066,0.0,0.2804232804232804,0.6127320954907162
HMM2 with t(4) shocks (misspecified),16,Jump λ=30 real time,0.6408326615912823,0.2264032041698364,1.0,0.2962962962962963,0.8779840848806366
HMM2 with t(4) shocks (misspecified),16,Jump λ=100 ex post,0.7015350052246604,0.3636257126289142,0.0,0.4603174603174603,0.27851458885941643
HMM2 with t(4) shocks (misspecified),16,Jump λ=100 real time,0.6062601880877743,0.18178254595210097,0.0,0.3968253968253968,0.46419098143236076
HMM2 with t(4) shocks (misspecified),16,Change-point (PELT) ex post,0.8126257650395581,0.6143781646219468,0.0,0.47619047619047616,0.2891246684350133
HMM2 with t(4) shocks (misspecified),17,HMM-2 ex post (smoothed),0.8347624266446985,0.7205538785870202,1.0,0.10160427807486631,2.5614973262032086
HMM2 with t(4) shocks (misspecified),17,HMM-2 real time (filtered),0.7676893754723111,0.5910261920656377,1.0,0.08021390374331551,5.352941176470588
HMM2 with t(4) shocks (misspecified),17,Jump λ=10 ex post,0.7070357315778848,0.3418692956891346,0.0,0.20320855614973263,0.8877005347593583
HMM2 with t(4) shocks (misspecified),17,Jump λ=10 real time,0.6848156210211062,0.2974464641873158,1.0,0.19786096256684493,1.2834224598930482
HMM2 with t(4) shocks (misspecified),17,Jump λ=30 ex post,0.7171621661296277,0.400337996073729,0.0,0.34759358288770054,0.4919786096256685
HMM2 with t(4) shocks (misspecified),17,Jump λ=30 real time,0.6658275999672217,0.2909423239837179,3.0,0.32085561497326204,0.7379679144385026
HMM2 with t(4) shocks (misspecified),17,Jump λ=100 ex post,0.7251077157518305,0.4352858225110886,0.0,0.47593582887700536,0.25133689839572193
HMM2 with t(4) shocks (misspecified),17,Jump λ=100 real time,0.6356815699511845,0.24616190577764607,0.0,0.46524064171123,0.46524064171123
HMM2 with t(4) shocks (misspecified),17,Change-point (PELT) ex post,0.8018183543324726,0.6365010412535099,0.0,0.5187165775401069,0.28609625668449196
HMM2 with t(4) shocks (misspecified),18,HMM-2 ex post (smoothed),0.8535201501320016,0.7290832471805744,1.0,0.11578947368421053,2.736842105263158
HMM2 with t(4) shocks (misspecified),18,HMM-2 real time (filtered),0.7773268869874996,0.5880121825877478,1.0,0.1,5.605263157894737
HMM2 with t(4) shocks (misspecified),18,Jump λ=10 ex post,0.7053514742835332,0.3584362826485792,0.0,0.34210526315789475,0.7289473684210527
HMM2 with t(4) shocks (misspecified),18,Jump λ=10 real time,0.6726956964280034,0.2904362283271317,2.0,0.3157894736842105,1.0710526315789475
HMM2 with t(4) shocks (misspecified),18,Jump λ=30 ex post,0.7149828238811667,0.3876601486380107,0.0,0.39473684210526316,0.4342105263157895
HMM2 with t(4) shocks (misspecified),18,Jump λ=30 real time,0.6442087852667069,0.24943909242458417,3.0,0.4052631578947368,0.6289473684210526
HMM2 with t(4) shocks (misspecified),18,Jump λ=100 ex post,0.6748021565571424,0.35858812091473957,0.0,0.5789473684210527,0.22894736842105262
HMM2 with t(4) shocks (misspecified),18,Jump λ=100 real time,0.6003284137536181,0.18938226099925337,1.0,0.5631578947368421,0.32894736842105265
HMM2 with t(4) shocks (misspecified),18,Change-point (PELT) ex post,0.8267285855148064,0.6070575025116719,0.0,0.4105263157894737,0.3
HMM2 with t(4) shocks (misspecified),19,HMM-2 ex post (smoothed),0.8480805550295916,0.7225279736524122,0.0,0.09289617486338798,3.07103825136612
HMM2 with t(4) shocks (misspecified),19,HMM-2 real time (filtered),0.7746002704637658,0.584383504158295,1.0,0.08196721311475409,6.251366120218579
HMM2 with t(4) shocks (misspecified),19,Jump λ=10 ex post,0.6797911804611777,0.30568121193295417,0.0,0.28415300546448086,0.9480874316939891
HMM2 with t(4) shocks (misspecified),19,Jump λ=10 real time,0.6512980729550053,0.2499844499886954,1.0,0.24043715846994534,1.355191256830601
HMM2 with t(4) shocks (misspecified),19,Jump λ=30 ex post,0.6902007116012971,0.3410261550850474,0.0,0.366120218579235,0.5655737704918032
HMM2 with t(4) shocks (misspecified),19,Jump λ=30 real time,0.6395864167584459,0.2417581550406951,1.0,0.366120218579235,0.8142076502732241
HMM2 with t(4) shocks (misspecified),19,Jump λ=100 ex post,0.635081114854481,0.2960564662479489,0.0,0.6338797814207651,0.22950819672131148
HMM2 with t(4) shocks (misspecified),19,Jump λ=100 real time,0.5919232095033543,0.18691167149141696,5.0,0.5683060109289617,0.3879781420765027
HMM2 with t(4) shocks (misspecified),19,Change-point (PELT) ex post,0.8039591832009212,0.5355236894891,0.0,0.3333333333333333,0.27595628415300544
HMM2 with t(4) shocks (misspecified),20,HMM-2 ex post (smoothed),0.8624932386498678,0.7574701471993608,0.0,0.10326086956521739,2.5543478260869565
HMM2 with t(4) shocks (misspecified),20,HMM-2 real time (filtered),0.7896861254074244,0.6207321767394094,1.0,0.07608695652173914,5.5978260869565215
HMM2 with t(4) shocks (misspecified),20,Jump λ=10 ex post,0.6855992940582958,0.30881621945466964,0.0,0.1793478260869565,0.9836956521739131
HMM2 with t(4) shocks (misspecified),20,Jump λ=10 real time,0.6643756143377271,0.2682178688197716,1.0,0.19021739130434784,1.358695652173913
HMM2 with t(4) shocks (misspecified),20,Jump λ=30 ex post,0.6949446812999253,0.32537079136054636,0.0,0.25,0.6521739130434783
HMM2 with t(4) shocks (misspecified),20,Jump λ=30 real time,0.6516525166057179,0.24793616844249022,0.0,0.28804347826086957,0.9130434782608695
HMM2 with t(4) shocks (misspecified),20,Jump λ=100 ex post,0.7119905115508057,0.36883328444753094,0.0,0.3967391304347826,0.266304347826087
HMM2 with t(4) shocks (misspecified),20,Jump λ=100 real time,0.6250099595626228,0.21000412620451492,0.0,0.40217391304347827,0.46195652173913043
HMM2 with t(4) shocks (misspecified),20,Change-point (PELT) ex post,0.8286521553792282,0.6213516802121514,0.0,0.3858695652173913,0.29891304347826086
HMM2 with t(4) shocks (misspecified),21,HMM-2 ex post (smoothed),0.8360922463365223,0.7155330373631914,1.0,0.10945273631840796,2.828358208955224
HMM2 with t(4) shocks (misspecified),21,HMM-2 real time (filtered),0.7677591813998745,0.5822472645061463,1.0,0.0945273631840796,5.659203980099503
HMM2 with t(4) shocks (misspecified),21,Jump λ=10 ex post,0.6887006587665441,0.31247068315883875,0.0,0.1890547263681592,0.9154228855721394
HMM2 with t(4) shocks (misspecified),21,Jump λ=10 real time,0.6683415230761236,0.2729322931274173,1.0,0.1791044776119403,1.2985074626865671
HMM2 with t(4) shocks (misspecified),21,Jump λ=30 ex post,0.6925584853069735,0.3165474504015753,0.0,0.24378109452736318,0.5472636815920398
HMM2 with t(4) shocks (misspecified),21,Jump λ=30 real time,0.6530157235817099,0.2461621889321548,0.0,0.23880597014925373,0.835820895522388
HMM2 with t(4) shocks (misspecified),21,Jump λ=100 ex post,0.6861531367149507,0.32731769253191745,0.0,0.3681592039800995,0.2537313432835821
HMM2 with t(4) shocks (misspecified),21,Jump λ=100 real time,0.6060722341274195,0.17765141275557983,0.0,0.36318407960199006,0.44776119402985076
HMM2 with t(4) shocks (misspecified),21,Change-point (PELT) ex post,0.8176137081835667,0.5614820703298226,0.0,0.32338308457711445,0.26119402985074625
HMM2 with t(4) shocks (misspecified),22,HMM-2 ex post (smoothed),0.8368461669899412,0.6955031613503571,0.0,0.12290502793296089,3.5
HMM2 with t(4) shocks (misspecified),22,HMM-2 real time (filtered),0.7658550011042724,0.563740366820664,1.0,0.0782122905027933,6.388268156424581
HMM2 with t(4) shocks (misspecified),22,Jump λ=10 ex post,0.6914329505944456,0.272598276551582,0.0,0.17318435754189945,1.1564245810055866
HMM2 with t(4) shocks (misspecified),22,Jump λ=10 real time,0.668642675391379,0.23546371694380297,0.0,0.18435754189944134,1.5027932960893855
HMM2 with t(4) shocks (misspecified),22,Jump λ=30 ex post,0.7075405811198623,0.300798917700265,0.0,0.25139664804469275,0.6229050279329609
HMM2 with t(4) shocks (misspecified),22,Jump λ=30 real time,0.6598124782973732,0.22415481222190325,0.0,0.25139664804469275,0.9357541899441341
HMM2 with t(4) shocks (misspecified),22,Jump λ=100 ex post,0.7305371101887725,0.3572782925188527,0.0,0.3407821229050279,0.2849162011173184
HMM2 with t(4) shocks (misspecified),22,Jump λ=100 real time,0.6501792961521271,0.2190466710605955,0.0,0.35195530726256985,0.48044692737430167
HMM2 with t(4) shocks (misspecified),22,Change-point (PELT) ex post,0.8052031948597561,0.5638651568190685,0.0,0.4301675977653631,0.276536312849162
HMM2 with t(4) shocks (misspecified),23,HMM-2 ex post (smoothed),0.8767154806217246,0.7834820067276914,0.0,0.10588235294117647,2.3067846607669615
HMM2 with t(4) shocks (misspecified),23,HMM-2 real time (filtered),0.7969348635694651,0.6344784284769973,1.0,0.08823529411764706,5.457227138643068
HMM2 with t(4) shocks (misspecified),23,Jump λ=10 ex post,0.6946635521387355,0.287804236582901,0.0,0.19411764705882353,1.1474926253687316
HMM2 with t(4) shocks (misspecified),23,Jump λ=10 real time,0.6722608280056379,0.25067200344626683,0.0,0.18823529411764706,1.5486725663716814
HMM2 with t(4) shocks (misspecified),23,Jump λ=30 ex post,0.7328370416300023,0.38639374053508324,0.0,0.3235294117647059,0.6106194690265486
HMM2 with t(4) shocks (misspecified),23,Jump λ=30 real time,0.6805297877228093,0.28991817243366325,3.0,0.29411764705882354,0.9174041297935103
HMM2 with t(4) shocks (misspecified),23,Jump λ=100 ex post,0.7273899435043647,0.44360745288302583,0.0,0.5588235294117647,0.26548672566371684
HMM2 with t(4) shocks (misspecified),23,Jump λ=100 real time,0.6473998039589774,0.27389424203574253,7.0,0.5470588235294118,0.415929203539823
HMM2 with t(4) shocks (misspecified),23,Change-point (PELT) ex post,0.8353077766183605,0.6827629478727997,0.0,0.49411764705882355,0.29793510324483774
HMM2 with t(4) shocks (misspecified),24,HMM-2 ex post (smoothed),0.8754308886174708,0.7688968608140097,0.0,0.08333333333333333,2.588888888888889
HMM2 with t(4) shocks (misspecified),24,HMM-2 real time (filtered),0.7934159601267508,0.6179923106979908,1.0,0.06111111111111111,5.666666666666667
HMM2 with t(4) shocks (misspecified),24,Jump λ=10 ex post,0.68262978445496,0.28383020606112763,0.0,0.17222222222222222,0.9777777777777777
HMM2 with t(4) shocks (misspecified),24,Jump λ=10 real time,0.6562683927177877,0.23789107754349315,1.0,0.17777777777777778,1.3222222222222222
HMM2 with t(4) shocks (misspecified),24,Jump λ=30 ex post,0.6990720553297446,0.32538007284619075,0.0,0.2611111111111111,0.5444444444444444
HMM2 with t(4) shocks (misspecified),24,Jump λ=30 real time,0.6477354076302109,0.23393624153865944,0.0,0.25,0.8166666666666667
HMM2 with t(4) shocks (misspecified),24,Jump λ=100 ex post,0.700311327454585,0.32725628144153485,0.0,0.36666666666666664,0.29444444444444445
HMM2 with t(4) shocks (misspecified),24,Jump λ=100 real time,0.6060134314888026,0.16437129578305554,0.0,0.3333333333333333,0.5055555555555555
HMM2 with t(4) shocks (misspecified),24,Change-point (PELT) ex post,0.8520112811553018,0.6420892326586537,0.0,0.35555555555555557,0.2777777777777778
HMM2 with t(4) shocks (misspecified),25,HMM-2 ex post (smoothed),0.8363794128745078,0.7019898820238024,0.0,0.12886597938144329,3.077319587628866
HMM2 with t(4) shocks (misspecified),25,HMM-2 real time (filtered),0.7651177019628281,0.5672035126648413,1.0,0.10309278350515463,5.721649484536083
HMM2 with t(4) shocks (misspecified),25,Jump λ=10 ex post,0.6396316435037562,0.2020712111429135,0.0,0.211340206185567,1.0309278350515463
HMM2 with t(4) shocks (misspecified),25,Jump λ=10 real time,0.6246085309983347,0.17634784397036973,0.0,0.1958762886597938,1.5154639175257731
HMM2 with t(4) shocks (misspecified),25,Jump λ=30 ex post,0.6699360232471252,0.27183832259116925,0.0,0.30412371134020616,0.6211340206185567
HMM2 with t(4) shocks (misspecified),25,Jump λ=30 real time,0.6190459981242935,0.18391367662414693,1.0,0.3247422680412371,0.9226804123711341
HMM2 with t(4) shocks (misspecified),25,Jump λ=100 ex post,0.6695490314263821,0.34705688550657954,0.0,0.6288659793814433,0.2654639175257732
HMM2 with t(4) shocks (misspecified),25,Jump λ=100 real time,0.6055806882831902,0.20195118621205377,6.0,0.5463917525773195,0.42783505154639173
HMM2 with t(4) shocks (misspecified),26,HMM-2 ex post (smoothed),0.8297270195357267,0.7071455109243938,1.0,0.11475409836065574,2.9836065573770494
HMM2 with t(4) shocks (misspecified),26,HMM-2 real time (filtered),0.7613316542736068,0.574188967617263,1.0,0.10382513661202186,5.46448087431694
HMM2 with t(4) shocks (misspecified),26,Jump λ=10 ex post,0.658702126808987,0.20705927864178109,0.0,0.20765027322404372,1.1038251366120218
HMM2 with t(4) shocks (misspecified),26,Jump λ=10 real time,0.6353888489112763,0.17396407657272017,0.0,0.18579234972677597,1.46448087431694
HMM2 with t(4) shocks (misspecified),26,Jump λ=30 ex post,0.7063837584286133,0.3126693315567399,0.0,0.30601092896174864,0.5655737704918032
HMM2 with t(4) shocks (misspecified),26,Jump λ=30 real time,0.6505900029316916,0.22161249203314204,1.0,0.2677595628415301,0.907103825136612
HMM2 with t(4) shocks (misspecified),26,Jump λ=100 ex post,0.6830784760534101,0.29698284713740664,0.0,0.453551912568306,0.24043715846994534
HMM2 with t(4) shocks (misspecified),26,Jump λ=100 real time,0.6071193464992937,0.16399979598082226,0.0,0.3770491803278688,0.4781420765027322
HMM2 with t(4) shocks (misspecified),27,HMM-2 ex post (smoothed),0.8680624988918377,0.7598207859042664,1.0,0.05649717514124294,2.9717514124293785
HMM2 with t(4) shocks (misspecified),27,HMM-2 real time (filtered),0.7965534134862224,0.6289229772715189,1.0,0.04519774011299435,5.762711864406779
HMM2 with t(4) shocks (misspecified),27,Jump λ=10 ex post,0.6872163700308176,0.281475507509127,0.0,0.1807909604519774,1.002824858757062
HMM2 with t(4) shocks (misspecified),27,Jump λ=10 real time,0.6639393217036295,0.24117826398365994,1.0,0.15819209039548024,1.4124293785310735
HMM2 with t(4) shocks (misspecified),27,Jump λ=30 ex post,0.693213394849395,0.3222050791592135,0.0,0.3107344632768362,0.5451977401129944
HMM2 with t(4) shocks (misspecified),27,Jump λ=30 real time,0.6525488749618618,0.24411195408841235,2.0,0.2711864406779661,0.8361581920903954
HMM2 with t(4) shocks (misspecified),27,Jump λ=100 ex post,0.6894125808815488,0.318409179317531,0.0,0.3728813559322034,0.3248587570621469
HMM2 with t(4) shocks (misspecified),27,Jump λ=100 real time,0.6002571826234305,0.15997808816612913,0.0,0.3728813559322034,0.4463276836158192
HMM2 with t(4) shocks (misspecified),28,HMM-2 ex post (smoothed),0.8534502510192392,0.7255809288636654,0.0,0.0972972972972973,2.918918918918919
HMM2 with t(4) shocks (misspecified),28,HMM-2 real time (filtered),0.7713415209407325,0.5767235060548432,1.0,0.07027027027027027,5.72972972972973
HMM2 with t(4) shocks (misspecified),28,Jump λ=10 ex post,0.6996472253108259,0.3304205894375021,0.0,0.31891891891891894,0.8972972972972973
HMM2 with t(4) shocks (misspecified),28,Jump λ=10 real time,0.6669940024933455,0.26611086129250927,1.0,0.32432432432432434,1.308108108108108
HMM2 with t(4) shocks (misspecified),28,Jump λ=30 ex post,0.7117687590552242,0.38623029276597687,0.0,0.43243243243243246,0.4810810810810811
HMM2 with t(4) shocks (misspecified),28,Jump λ=30 real time,0.6592487954445905,0.27540371581413414,3.0,0.41621621621621624,0.7243243243243244
HMM2 with t(4) shocks (misspecified),28,Jump λ=100 ex post,0.6925273762593079,0.3974865360080916,0.0,0.5891891891891892,0.24864864864864866
HMM2 with t(4) shocks (misspecified),28,Jump λ=100 real time,0.5983030088614846,0.18204232503477802,6.0,0.5783783783783784,0.3837837837837838
HMM2 with t(4) shocks (misspecified),29,HMM-2 ex post (smoothed),0.8675738922904257,0.755890468660179,0.0,0.08695652173913043,2.4510869565217392
HMM2 with t(4) shocks (misspecified),29,HMM-2 real time (filtered),0.7964283892618369,0.6252506005027985,1.0,0.07065217391304347,5.396739130434782
HMM2 with t(4) shocks (misspecified),29,Jump λ=10 ex post,0.720023335112318,0.3753132828422514,1.0,0.2608695652173913,0.875
HMM2 with t(4) shocks (misspecified),29,Jump λ=10 real time,0.6891461224890143,0.3140007884650917,2.0,0.2608695652173913,1.2173913043478262
HMM2 with t(4) shocks (misspecified),29,Jump λ=30 ex post,0.7379381240693288,0.4215802589092832,0.0,0.3532608695652174,0.5054347826086957
HMM2 with t(4) shocks (misspecified),29,Jump λ=30 real time,0.6740182656310345,0.2972650814594936,5.0,0.33152173913043476,0.7608695652173914
HMM2 with t(4) shocks (misspecified),29,Jump λ=100 ex post,0.7198184453626442,0.43059364506358955,0.0,0.5380434782608695,0.2391304347826087
HMM2 with t(4) shocks (misspecified),29,Jump λ=100 real time,0.6202940008697919,0.22643721789820492,4.5,0.5652173913043478,0.3858695652173913
HMM2 with t(4) shocks (misspecified),30,HMM-2 ex post (smoothed),0.8637184910205793,0.7468125742302413,0.0,0.10650887573964497,2.9585798816568047
HMM2 with t(4) shocks (misspecified),30,HMM-2 real time (filtered),0.7873913599857241,0.6091939587240252,1.0,0.08284023668639054,6.029585798816568
HMM2 with t(4) shocks (misspecified),30,Jump λ=10 ex post,0.6826105145180119,0.2712759318327459,0.0,0.20710059171597633,1.032544378698225
HMM2 with t(4) shocks (misspecified),30,Jump λ=10 real time,0.6575728972588024,0.2292306466120897,0.0,0.1834319526627219,1.4940828402366864
HMM2 with t(4) shocks (misspecified),30,Jump λ=30 ex post,0.7033903472058349,0.3242102207181926,0.0,0.2958579881656805,0.5946745562130178
HMM2 with t(4) shocks (misspecified),30,Jump λ=30 real time,0.6579687345299633,0.24080793823747249,2.0,0.2603550295857988,0.8905325443786982
HMM2 with t(4) shocks (misspecified),30,Jump λ=100 ex post,0.7034955776973972,0.34882460421564465,0.0,0.4437869822485207,0.29289940828402367
HMM2 with t(4) shocks (misspecified),30,Jump λ=100 real time,0.614742130508507,0.18235344347681037,0.0,0.38461538461538464,0.5059171597633136
HMM2 with t(4) shocks (misspecified),31,HMM-2 ex post (smoothed),0.8699835238440699,0.7652746301286573,1.0,0.030120481927710843,2.7439759036144578
HMM2 with t(4) shocks (misspecified),31,HMM-2 real time (filtered),0.795509663983456,0.6281563390630338,1.0,0.030120481927710843,6.039156626506024
HMM2 with t(4) shocks (misspecified),31,Jump λ=10 ex post,0.7108068820000484,0.35265990520421453,0.0,0.18674698795180722,0.9789156626506024
HMM2 with t(4) shocks (misspecified),31,Jump λ=10 real time,0.6814412382922403,0.29674454547881157,2.0,0.18072289156626506,1.3524096385542168
HMM2 with t(4) shocks (misspecified),31,Jump λ=30 ex post,0.7191481432837894,0.3699957204363479,0.0,0.23493975903614459,0.5873493975903614
HMM2 with t(4) shocks (misspecified),31,Jump λ=30 real time,0.6691386232267709,0.2733882771457452,2.0,0.2710843373493976,0.8463855421686747
HMM2 with t(4) shocks (misspecified),31,Jump λ=100 ex post,0.6930378910709981,0.3925813055115599,0.0,0.5180722891566265,0.2740963855421687
HMM2 with t(4) shocks (misspecified),31,Jump λ=100 real time,0.6120769446908384,0.21063411406213384,7.0,0.463855421686747,0.4367469879518072
HMM2 with t(4) shocks (misspecified),32,HMM-2 ex post (smoothed),0.8447371589590771,0.7280291146672393,0.0,0.16149068322981366,2.770186335403727
HMM2 with t(4) shocks (misspecified),32,HMM-2 real time (filtered),0.7657779634987996,0.5802060910481808,1.0,0.11801242236024845,5.906832298136646
HMM2 with t(4) shocks (misspecified),32,Jump λ=10 ex post,0.6605460291635488,0.21934765789180555,0.0,0.18633540372670807,1.3385093167701863
HMM2 with t(4) shocks (misspecified),32,Jump λ=10 real time,0.6449225991931097,0.19480316526538533,0.0,0.20496894409937888,1.8229813664596273
HMM2 with t(4) shocks (misspecified),32,Jump λ=30 ex post,0.6958144043967613,0.30040668567787854,0.0,0.2981366459627329,0.6863354037267081
HMM2 with t(4) shocks (misspecified),32,Jump λ=30 real time,0.647113696096362,0.21611982848322875,0.0,0.32919254658385094,1.1211180124223603
HMM2 with t(4) shocks (misspecified),32,Jump λ=100 ex post,0.6761303159884741,0.33810162852086123,0.0,0.5590062111801242,0.2608695652173913
HMM2 with t(4) shocks (misspecified),32,Jump λ=100 real time,0.6139180690843425,0.201717080382104,2.0,0.4968944099378882,0.5372670807453416
HMM2 with t(4) shocks (misspecified),33,HMM-2 ex post (smoothed),0.8581530738843122,0.7486803022409187,1.0,0.09836065573770492,2.4098360655737703
HMM2 with t(4) shocks (misspecified),33,HMM-2 real time (filtered),0.7792635324054196,0.6002888962510704,1.0,0.07650273224043716,5.371584699453552
HMM2 with t(4) shocks (misspecified),33,Jump λ=10 ex post,0.7196187527175801,0.3850748215826785,2.0,0.2896174863387978,0.8934426229508197
HMM2 with t(4) shocks (misspecified),33,Jump λ=10 real time,0.6888006532821446,0.3219637367134187,3.0,0.26229508196721313,1.226775956284153
HMM2 with t(4) shocks (misspecified),33,Jump λ=30 ex post,0.7236928362673928,0.4226362244275442,2.0,0.43169398907103823,0.5218579234972678
HMM2 with t(4) shocks (misspecified),33,Jump λ=30 real time,0.664291325570973,0.29510334354230927,5.0,0.4098360655737705,0.7240437158469946
HMM2 with t(4) shocks (misspecified),33,Jump λ=100 ex post,0.7160848789705097,0.4400693817918483,0.0,0.6120218579234973,0.20491803278688525
HMM2 with t(4) shocks (misspecified),33,Jump λ=100 real time,0.6273745377178482,0.24514602757434678,7.0,0.5792349726775956,0.3907103825136612
HMM2 with t(4) shocks (misspecified),34,HMM-2 ex post (smoothed),0.8832541508703498,0.7821065568944172,1.0,0.07909604519774012,2.5819209039548023
HMM2 with t(4) shocks (misspecified),34,HMM-2 real time (filtered),0.8086827515175421,0.6458382621294233,1.0,0.05084745762711865,5.8474576271186445
HMM2 with t(4) shocks (misspecified),34,Jump λ=10 ex post,0.636280615636345,0.20899899671591382,0.0,0.20903954802259886,1.1214689265536724
HMM2 with t(4) shocks (misspecified),34,Jump λ=10 real time,0.6156048619785389,0.17351986622925775,1.0,0.21468926553672316,1.5960451977401129
HMM2 with t(4) shocks (misspecified),34,Jump λ=30 ex post,0.666306328022849,0.2622077968893476,0.0,0.24858757062146894,0.672316384180791
HMM2 with t(4) shocks (misspecified),34,Jump λ=30 real time,0.6161729450178599,0.17762825475780009,0.0,0.2768361581920904,0.9180790960451978
HMM2 with t(4) shocks (misspecified),34,Jump λ=100 ex post,0.6982476132038948,0.3318450383114919,0.0,0.4124293785310734,0.22598870056497175
HMM2 with t(4) shocks (misspecified),34,Jump λ=100 real time,0.6073525007487273,0.1712226185889456,0.0,0.3728813559322034,0.5056497175141242
HMM2 with t(4) shocks (misspecified),35,HMM-2 ex post (smoothed),0.8511787548241331,0.7471515959268367,1.0,0.15432098765432098,2.4691358024691357
HMM2 with t(4) shocks (misspecified),35,HMM-2 real time (filtered),0.7872583181380133,0.6244654039820473,1.0,0.09876543209876543,5.598765432098766
HMM2 with t(4) shocks (misspecified),35,Jump λ=10 ex post,0.7258442675978849,0.419661114387029,2.0,0.25308641975308643,0.8024691358024691
HMM2 with t(4) shocks (misspecified),35,Jump λ=10 real time,0.6853251403241956,0.33325830875546203,3.0,0.2345679012345679,1.0987654320987654
HMM2 with t(4) shocks (misspecified),35,Jump λ=30 ex post,0.7277975025787999,0.4291719410542406,2.0,0.32098765432098764,0.5123456790123457
HMM2 with t(4) shocks (misspecified),35,Jump λ=30 real time,0.6574198021681643,0.28478782432616556,6.0,0.3148148148148148,0.691358024691358
HMM2 with t(4) shocks (misspecified),35,Jump λ=100 ex post,0.6832764460988066,0.3908151760888152,1.0,0.5617283950617284,0.2716049382716049
HMM2 with t(4) shocks (misspecified),35,Jump λ=100 real time,0.5829965693663657,0.16225447648345637,10.0,0.5123456790123457,0.42592592592592593
HMM2 with t(4) shocks (misspecified),36,HMM-2 ex post (smoothed),0.8633915044726832,0.7470530439672214,0.0,0.14444444444444443,2.738888888888889
HMM2 with t(4) shocks (misspecified),36,HMM-2 real time (filtered),0.77876033977803,0.5911326488023635,1.0,0.12222222222222222,5.677777777777778
HMM2 with t(4) shocks (misspecified),36,Jump λ=10 ex post,0.6634322414538776,0.22322856444254824,0.0,0.22777777777777777,1.1666666666666667
HMM2 with t(4) shocks (misspecified),36,Jump λ=10 real time,0.6330560865349267,0.17756500582377788,0.5,0.2222222222222222,1.5944444444444446
HMM2 with t(4) shocks (misspecified),36,Jump λ=30 ex post,0.6955656315691661,0.30688384325015494,0.0,0.3111111111111111,0.5444444444444444
HMM2 with t(4) shocks (misspecified),36,Jump λ=30 real time,0.6386105114661524,0.20879875870800169,2.0,0.34444444444444444,0.9222222222222223
HMM2 with t(4) shocks (misspecified),36,Jump λ=100 ex post,0.6894643490685185,0.33664853846196996,0.0,0.5166666666666667,0.24444444444444444
HMM2 with t(4) shocks (misspecified),36,Jump λ=100 real time,0.6011145460007333,0.1688599341439202,0.0,0.5388888888888889,0.38333333333333336
HMM2 with t(4) shocks (misspecified),37,HMM-2 ex post (smoothed),0.8483015958419987,0.7375764073182765,1.0,0.13372093023255813,2.688046647230321
HMM2 with t(4) shocks (misspecified),37,HMM-2 real time (filtered),0.7750794025267446,0.5983274259956382,1.0,0.11046511627906977,5.708454810495627
HMM2 with t(4) shocks (misspecified),37,Jump λ=10 ex post,0.6619863365300698,0.2487823769305062,0.0,0.2558139534883721,1.1428571428571428
HMM2 with t(4) shocks (misspecified),37,Jump λ=10 real time,0.6372800937615992,0.20526354536401903,0.0,0.23837209302325582,1.6384839650145773
HMM2 with t(4) shocks (misspecified),37,Jump λ=30 ex post,0.6964545030411771,0.32290339722101735,0.0,0.3372093023255814,0.6005830903790087
HMM2 with t(4) shocks (misspecified),37,Jump λ=30 real time,0.6278971710616954,0.2022533696001384,1.0,0.3081395348837209,0.9387755102040817
HMM2 with t(4) shocks (misspecified),37,Jump λ=100 ex post,0.6453702920153335,0.29959780383331924,0.0,0.6511627906976745,0.2303206997084548
HMM2 with t(4) shocks (misspecified),37,Jump λ=100 real time,0.5755338228414534,0.14454293783730887,4.0,0.5581395348837209,0.46647230320699706
HMM2 with t(4) shocks (misspecified),38,HMM-2 ex post (smoothed),0.8532953568512993,0.7436887014582614,0.0,0.07731958762886598,2.554123711340206
HMM2 with t(4) shocks (misspecified),38,HMM-2 real time (filtered),0.7824078341846135,0.6101149835752242,1.0,0.07731958762886598,5.461340206185567
HMM2 with t(4) shocks (misspecified),38,Jump λ=10 ex post,0.7270304654707808,0.4160883970351249,1.0,0.25773195876288657,0.7422680412371134
HMM2 with t(4) shocks (misspecified),38,Jump λ=10 real time,0.688108930132424,0.3346541525154152,2.0,0.25257731958762886,0.9845360824742269
HMM2 with t(4) shocks (misspecified),38,Jump λ=30 ex post,0.7305715255853604,0.43660051250370047,0.0,0.3711340206185567,0.4381443298969072
HMM2 with t(4) shocks (misspecified),38,Jump λ=30 real time,0.6565962042783144,0.28262937928791787,4.0,0.36597938144329895,0.654639175257732
HMM2 with t(4) shocks (misspecified),38,Jump λ=100 ex post,0.7169793886677407,0.40978048811436063,0.0,0.4742268041237113,0.2345360824742268
HMM2 with t(4) shocks (misspecified),38,Jump λ=100 real time,0.5891589304936461,0.1551611527142882,0.0,0.4536082474226804,0.3634020618556701
HMM2 with t(4) shocks (misspecified),39,HMM-2 ex post (smoothed),0.8720522385545119,0.7692372914438387,0.0,0.08241758241758242,2.3846153846153846
HMM2 with t(4) shocks (misspecified),39,HMM-2 real time (filtered),0.7962533615846035,0.629099043944944,1.0,0.07142857142857142,5.670329670329671
HMM2 with t(4) shocks (misspecified),39,Jump λ=10 ex post,0.6742781159748467,0.29157381835574514,0.0,0.2032967032967033,0.978021978021978
HMM2 with t(4) shocks (misspecified),39,Jump λ=10 real time,0.6536221658294614,0.25245353936103565,1.0,0.2032967032967033,1.4395604395604396
HMM2 with t(4) shocks (misspecified),39,Jump λ=30 ex post,0.6881890128549659,0.3412991398863071,0.0,0.34065934065934067,0.5274725274725275
HMM2 with t(4) shocks (misspecified),39,Jump λ=30 real time,0.6478641583081562,0.2591938643392627,1.0,0.2967032967032967,0.8626373626373627
HMM2 with t(4) shocks (misspecified),39,Jump λ=100 ex post,0.6829799747647927,0.36674730117005017,0.0,0.5384615384615384,0.25274725274725274
HMM2 with t(4) shocks (misspecified),39,Jump λ=100 real time,0.6166194851832065,0.2201389394261717,0.0,0.521978021978022,0.41208791208791207
HMM2 with t(4) shocks (misspecified),40,HMM-2 ex post (smoothed),0.8667904614568743,0.7579973025198445,1.0,0.10285714285714286,2.5644699140401146
HMM2 with t(4) shocks (misspecified),40,HMM-2 real time (filtered),0.7863582533384739,0.6103539423657194,1.0,0.09714285714285714,5.555873925501433
HMM2 with t(4) shocks (misspecified),40,Jump λ=10 ex post,0.6732188434866209,0.2576624989383267,0.0,0.24,1.0601719197707737
HMM2 with t(4) shocks (misspecified),40,Jump λ=10 real time,0.6510993497926723,0.2199133343316676,1.0,0.21142857142857144,1.4297994269340975
HMM2 with t(4) shocks (misspecified),40,Jump λ=30 ex post,0.680856136138481,0.2741207071844619,0.0,0.30857142857142855,0.6590257879656161
HMM2 with t(4) shocks (misspecified),40,Jump λ=30 real time,0.6368186202981161,0.20059664228914487,1.0,0.28,0.9312320916905444
HMM2 with t(4) shocks (misspecified),40,Jump λ=100 ex post,0.6901230952927071,0.36761946221792485,0.5,0.5885714285714285,0.2808022922636103
HMM2 with t(4) shocks (misspecified),40,Jump λ=100 real time,0.5952112889136153,0.17069250693696825,9.0,0.56,0.46418338108882523
HMM2 with t(4) shocks (misspecified),41,HMM-2 ex post (smoothed),0.8716296706823413,0.7628895504357527,1.0,0.07738095238095238,2.869047619047619
HMM2 with t(4) shocks (misspecified),41,HMM-2 real time (filtered),0.7913567123307941,0.6150581395256561,1.0,0.05952380952380952,6.214285714285714
HMM2 with t(4) shocks (misspecified),41,Jump λ=10 ex post,0.7086895859989519,0.3450977510198051,2.0,0.23214285714285715,0.9315476190476191
HMM2 with t(4) shocks (misspecified),41,Jump λ=10 real time,0.6729053077057818,0.2786975193305611,3.0,0.23214285714285715,1.4017857142857142
HMM2 with t(4) shocks (misspecified),41,Jump λ=30 ex post,0.7245140513626362,0.3732102672278923,0.0,0.2916666666666667,0.5386904761904762
HMM2 with t(4) shocks (misspecified),41,Jump λ=30 real time,0.6535068112752418,0.24977069510193384,5.0,0.2976190476190476,0.8303571428571429
HMM2 with t(4) shocks (misspecified),41,Jump λ=100 ex post,0.7083591747132507,0.40431296811186046,0.0,0.5535714285714286,0.25297619047619047
HMM2 with t(4) shocks (misspecified),41,Jump λ=100 real time,0.6113444080120981,0.20209983438398416,3.0,0.5416666666666666,0.4375
HMM2 with t(4) shocks (misspecified),42,HMM-2 ex post (smoothed),0.8461373405235577,0.7304910853381119,0.0,0.0875,3.134375
HMM2 with t(4) shocks (misspecified),42,HMM-2 real time (filtered),0.7687903832894198,0.585094535476053,1.0,0.0625,6.496875
HMM2 with t(4) shocks (misspecified),42,Jump λ=10 ex post,0.668843381628853,0.2588113052656268,1.0,0.19375,1.06875
HMM2 with t(4) shocks (misspecified),42,Jump λ=10 real time,0.6389168247861832,0.2082036355363669,2.0,0.20625,1.48125
HMM2 with t(4) shocks (misspecified),42,Jump λ=30 ex post,0.676130714507007,0.27854999992861207,0.0,0.28125,0.68125
HMM2 with t(4) shocks (misspecified),42,Jump λ=30 real time,0.6077061798135606,0.16535453158839075,4.0,0.325,0.9125
HMM2 with t(4) shocks (misspecified),42,Jump λ=100 ex post,0.6794174118212891,0.30287914029230933,0.0,0.44375,0.315625
HMM2 with t(4) shocks (misspecified),42,Jump λ=100 real time,0.5772174681339375,0.12482434028782441,0.0,0.4375,0.603125
HMM2 with t(4) shocks (misspecified),43,HMM-2 ex post (smoothed),0.8809882294834361,0.7685288990302956,0.0,0.07909604519774012,2.621468926553672
HMM2 with t(4) shocks (misspecified),43,HMM-2 real time (filtered),0.8026459885018771,0.6269654565955955,1.0,0.06779661016949153,5.9491525423728815
HMM2 with t(4) shocks (misspecified),43,Jump λ=10 ex post,0.7215316313072473,0.4036716178897458,2.0,0.24858757062146894,0.7994350282485876
HMM2 with t(4) shocks (misspecified),43,Jump λ=10 real time,0.6868507506747767,0.3274576793073236,3.0,0.23163841807909605,1.1101694915254237
HMM2 with t(4) shocks (misspecified),43,Jump λ=30 ex post,0.7170632927516631,0.40162729445182144,1.0,0.327683615819209,0.5056497175141242
HMM2 with t(4) shocks (misspecified),43,Jump λ=30 real time,0.6534152702349278,0.26922739273150065,5.0,0.2768361581920904,0.692090395480226
HMM2 with t(4) shocks (misspecified),43,Jump λ=100 ex post,0.6691143253492815,0.3275652130602601,0.0,0.4915254237288136,0.2344632768361582
HMM2 with t(4) shocks (misspecified),43,Jump λ=100 real time,0.5721812184554896,0.12826669754876752,2.5,0.4350282485875706,0.4152542372881356
HMM2 with t(4) shocks (misspecified),44,HMM-2 ex post (smoothed),0.8796583323308448,0.7815627286277451,0.5,0.06598984771573604,2.253807106598985
HMM2 with t(4) shocks (misspecified),44,HMM-2 real time (filtered),0.7965898907254158,0.6284676683828048,1.0,0.05583756345177665,5.299492385786802
HMM2 with t(4) shocks (misspecified),44,Jump λ=10 ex post,0.6315307092913871,0.21571708239275045,0.0,0.19796954314720813,0.9923857868020305
HMM2 with t(4) shocks (misspecified),44,Jump λ=10 real time,0.6209155577838437,0.19495958476378428,0.0,0.15228426395939088,1.4390862944162437
HMM2 with t(4) shocks (misspecified),44,Jump λ=30 ex post,0.6358683108925547,0.228941523190059,0.0,0.3248730964467005,0.5456852791878173
HMM2 with t(4) shocks (misspecified),44,Jump λ=30 real time,0.6092217044932153,0.1799904545299632,0.0,0.2436548223350254,0.8350253807106599
HMM2 with t(4) shocks (misspecified),44,Jump λ=100 ex post,0.6599661921289466,0.2957163249377248,0.0,0.45685279187817257,0.2512690355329949
HMM2 with t(4) shocks (misspecified),44,Jump λ=100 real time,0.5863106250068884,0.15392817615533072,0.0,0.43147208121827413,0.4086294416243655
HMM2 with t(4) shocks (misspecified),45,HMM-2 ex post (smoothed),0.8361573102108032,0.7166309773240607,1.0,0.12280701754385964,2.8240469208211145
HMM2 with t(4) shocks (misspecified),45,HMM-2 real time (filtered),0.7659915155098089,0.5833521519210925,1.0,0.10526315789473684,5.627565982404692
HMM2 with t(4) shocks (misspecified),45,Jump λ=10 ex post,0.73696706398377,0.42361023993622027,2.0,0.3216374269005848,0.7419354838709677
HMM2 with t(4) shocks (misspecified),45,Jump λ=10 real time,0.706067909763473,0.356644088498534,4.0,0.30409356725146197,0.9589442815249267
HMM2 with t(4) shocks (misspecified),45,Jump λ=30 ex post,0.7347071468348829,0.43153133107331787,2.0,0.40350877192982454,0.5131964809384164
HMM2 with t(4) shocks (misspecified),45,Jump λ=30 real time,0.6763857866195905,0.3065921596139337,6.0,0.3742690058479532,0.6715542521994134
HMM2 with t(4) shocks (misspecified),45,Jump λ=100 ex post,0.6946169206703512,0.4277518286422478,2.0,0.6549707602339181,0.21994134897360704
HMM2 with t(4) shocks (misspecified),45,Jump λ=100 real time,0.6184344251011209,0.23603659537827726,11.5,0.5789473684210527,0.4310850439882698
HMM2 with t(4) shocks (misspecified),46,HMM-2 ex post (smoothed),0.8458741061666859,0.7198194553629,0.5,0.10270270270270271,2.7864864864864867
HMM2 with t(4) shocks (misspecified),46,HMM-2 real time (filtered),0.7768034551368677,0.5894266502783603,1.0,0.08108108108108109,5.462162162162162
HMM2 with t(4) shocks (misspecified),46,Jump λ=10 ex post,0.6766846168994765,0.24953628664869998,0.0,0.1891891891891892,1.054054054054054
HMM2 with t(4) shocks (misspecified),46,Jump λ=10 real time,0.6507065782057464,0.20784734254273007,0.0,0.21621621621621623,1.4594594594594594
HMM2 with t(4) shocks (misspecified),46,Jump λ=30 ex post,0.6954739608444984,0.2950235473175531,0.0,0.2810810810810811,0.5513513513513514
HMM2 with t(4) shocks (misspecified),46,Jump λ=30 real time,0.6587612641672156,0.23236844557364622,0.0,0.25405405405405407,0.7891891891891892
HMM2 with t(4) shocks (misspecified),46,Jump λ=100 ex post,0.6904428591800841,0.314257139775578,0.0,0.44324324324324327,0.25135135135135134
HMM2 with t(4) shocks (misspecified),46,Jump λ=100 real time,0.6076940967954421,0.16739263807728177,0.0,0.40540540540540543,0.45135135135135135
HMM2 with t(4) shocks (misspecified),47,HMM-2 ex post (smoothed),0.8399821963196625,0.7242592346825923,1.0,0.10614525139664804,2.5865921787709496
HMM2 with t(4) shocks (misspecified),47,HMM-2 real time (filtered),0.7739406671254265,0.5987482558043,2.0,0.0893854748603352,5.569832402234637
HMM2 with t(4) shocks (misspecified),47,Jump λ=10 ex post,0.6671654639169341,0.2668788196831893,0.0,0.2849162011173184,0.9581005586592178
HMM2 with t(4) shocks (misspecified),47,Jump λ=10 real time,0.644588541427855,0.22575442490704645,1.0,0.25139664804469275,1.405027932960894
HMM2 with t(4) shocks (misspecified),47,Jump λ=30 ex post,0.6982822145818612,0.3326982065121743,0.0,0.35195530726256985,0.5195530726256983
HMM2 with t(4) shocks (misspecified),47,Jump λ=30 real time,0.6412643591294289,0.23073431601565098,3.0,0.3240223463687151,0.7569832402234636
HMM2 with t(4) shocks (misspecified),47,Jump λ=100 ex post,0.6949647227845968,0.326260542382547,0.0,0.4301675977653631,0.2681564245810056
HMM2 with t(4) shocks (misspecified),47,Jump λ=100 real time,0.6006142333147811,0.16038754766306706,0.0,0.3743016759776536,0.40502793296089384
HMM2 with t(4) shocks (misspecified),48,HMM-2 ex post (smoothed),0.877267877316994,0.7773241541167869,0.0,0.1206896551724138,2.452449567723343
HMM2 with t(4) shocks (misspecified),48,HMM-2 real time (filtered),0.7954210167095482,0.6283395042072282,1.0,0.10344827586206896,5.674351585014409
HMM2 with t(4) shocks (misspecified),48,Jump λ=10 ex post,0.7014920135500775,0.3376067122195784,1.0,0.25287356321839083,0.9654178674351584
HMM2 with t(4) shocks (misspecified),48,Jump λ=10 real time,0.6729364296305023,0.28014699298179446,2.0,0.2413793103448276,1.302593659942363
HMM2 with t(4) shocks (misspecified),48,Jump λ=30 ex post,0.712246605309574,0.36724063127016726,1.0,0.3160919540229885,0.590778097982709
HMM2 with t(4) shocks (misspecified),48,Jump λ=30 real time,0.6583451561085956,0.2632051107799005,5.0,0.27586206896551724,0.8386167146974063
HMM2 with t(4) shocks (misspecified),48,Jump λ=100 ex post,0.6925853265617348,0.36639524836532467,0.0,0.5057471264367817,0.2910662824207493
HMM2 with t(4) shocks (misspecified),48,Jump λ=100 real time,0.6085756849232755,0.19412237948054922,9.0,0.43103448275862066,0.4755043227665706
HMM2 with t(4) shocks (misspecified),49,HMM-2 ex post (smoothed),0.8788660979063079,0.7827992949952509,0.0,0.15789473684210525,2.079155672823219
HMM2 with t(4) shocks (misspecified),49,HMM-2 real time (filtered),0.8060955233115565,0.6477428512554146,1.0,0.08947368421052632,4.970976253298153
HMM2 with t(4) shocks (misspecified),49,Jump λ=10 ex post,0.7310025725211264,0.4114554676220302,1.0,0.3105263157894737,0.7810026385224275
HMM2 with t(4) shocks (misspecified),49,Jump λ=10 real time,0.6952107116843929,0.3376802894997676,3.0,0.30526315789473685,1.0606860158311346
HMM2 with t(4) shocks (misspecified),49,Jump λ=30 ex post,0.7386708966011877,0.4358601538364636,0.0,0.3684210526315789,0.46437994722955145
HMM2 with t(4) shocks (misspecified),49,Jump λ=30 real time,0.6738309847116621,0.30494735244474735,3.0,0.34210526315789475,0.6754617414248021
HMM2 with t(4) shocks (misspecified),49,Jump λ=100 ex post,0.7423119337480584,0.4423147142697398,0.0,0.47368421052631576,0.21372031662269128
HMM2 with t(4) shocks (misspecified),49,Jump λ=100 real time,0.641281253019391,0.24745753610341448,0.0,0.4421052631578947,0.3403693931398417
HMM2 with t(4) shocks (misspecified),50,HMM-2 ex post (smoothed),0.8508880224776038,0.7286227383926309,0.0,0.1,3.088495575221239
HMM2 with t(4) shocks (misspecified),50,HMM-2 real time (filtered),0.7767334377918768,0.58993137472762,1.0,0.07647058823529412,6.28023598820059
HMM2 with t(4) shocks (misspecified),50,Jump λ=10 ex post,0.7315869246640297,0.3858728778946898,1.0,0.21176470588235294,1.0058997050147493
HMM2 with t(4) shocks (misspecified),50,Jump λ=10 real time,0.7023315212202786,0.3235297618293448,2.0,0.18823529411764706,1.3716814159292035
HMM2 with t(4) shocks (misspecified),50,Jump λ=30 ex post,0.7297192815910738,0.4408423834041799,1.0,0.40588235294117647,0.528023598820059
HMM2 with t(4) shocks (misspecified),50,Jump λ=30 real time,0.6858408025930101,0.3334970329539516,4.0,0.3588235294117647,0.7817109144542773
HMM2 with t(4) shocks (misspecified),50,Jump λ=100 ex post,0.6873676139713206,0.4002689686890203,0.0,0.6058823529411764,0.2359882005899705
HMM2 with t(4) shocks (misspecified),50,Jump λ=100 real time,0.6277077246881563,0.25334350688246765,8.0,0.5882352941176471,0.3893805309734513
HMM2 with t(4) shocks (misspecified),51,HMM-2 ex post (smoothed),0.8500012351778656,0.7345287701948687,1.0,0.09473684210526316,2.6026315789473684
HMM2 with t(4) shocks (misspecified),51,HMM-2 real time (filtered),0.7770318675889328,0.5973725038453599,1.0,0.07894736842105263,5.413157894736842
HMM2 with t(4) shocks (misspecified),51,Jump λ=10 ex post,0.7100846096837945,0.3391395419205002,0.0,0.18421052631578946,0.7894736842105263
HMM2 with t(4) shocks (misspecified),51,Jump λ=10 real time,0.669534337944664,0.26633200932176593,2.0,0.18947368421052632,1.168421052631579
HMM2 with t(4) shocks (misspecified),51,Jump λ=30 ex post,0.7220096343873518,0.36603999906320606,0.0,0.22631578947368422,0.5210526315789473
HMM2 with t(4) shocks (misspecified),51,Jump λ=30 real time,0.6438339920948617,0.2285608856812832,3.0,0.2578947368421053,0.7421052631578947
HMM2 with t(4) shocks (misspecified),51,Jump λ=100 ex post,0.6888772233201581,0.2730373903114267,0.0,0.22631578947368422,0.22105263157894736
HMM2 with t(4) shocks (misspecified),51,Jump λ=100 real time,0.5791236413043478,0.11086832736518004,0.0,0.3157894736842105,0.42105263157894735
HMM2 with t(4) shocks (misspecified),52,HMM-2 ex post (smoothed),0.8390605128142368,0.7166100880394695,1.0,0.11731843575418995,2.787709497206704
HMM2 with t(4) shocks (misspecified),52,HMM-2 real time (filtered),0.7658759062534557,0.5790188324470313,1.0,0.11173184357541899,5.743016759776537
HMM2 with t(4) shocks (misspecified),52,Jump λ=10 ex post,0.7238530760949293,0.3961992957629714,0.0,0.2737430167597765,0.8770949720670391
HMM2 with t(4) shocks (misspecified),52,Jump λ=10 real time,0.6924191262182582,0.328734377021607,2.0,0.24581005586592178,1.3016759776536313
HMM2 with t(4) shocks (misspecified),52,Jump λ=30 ex post,0.7210286108023221,0.42366571360668526,0.0,0.4022346368715084,0.4301675977653631
HMM2 with t(4) shocks (misspecified),52,Jump λ=30 real time,0.6796922236693275,0.3330597345223114,4.0,0.3687150837988827,0.6927374301675978
HMM2 with t(4) shocks (misspecified),52,Jump λ=100 ex post,0.7221963614043883,0.42174104953782166,0.0,0.46368715083798884,0.22905027932960895
HMM2 with t(4) shocks (misspecified),52,Jump λ=100 real time,0.6427558620368343,0.2599301039337294,0.0,0.4748603351955307,0.3240223463687151
HMM2 with t(4) shocks (misspecified),53,HMM-2 ex post (smoothed),0.8951195387510921,0.8119987733092031,0.0,0.07303370786516854,2.2
HMM2 with t(4) shocks (misspecified),53,HMM-2 real time (filtered),0.8200384161773177,0.6720666832177599,1.0,0.07303370786516854,5.050704225352113
HMM2 with t(4) shocks (misspecified),53,Jump λ=10 ex post,0.6581998776666669,0.2680605917002056,1.0,0.19662921348314608,1.0535211267605633
HMM2 with t(4) shocks (misspecified),53,Jump λ=10 real time,0.6394819043241136,0.2309981654539328,2.0,0.19662921348314608,1.4647887323943662
HMM2 with t(4) shocks (misspecified),53,Jump λ=30 ex post,0.6698821966394473,0.3294955729358867,2.0,0.39325842696629215,0.5183098591549296
HMM2 with t(4) shocks (misspecified),53,Jump λ=30 real time,0.6273259769161734,0.23421061852437197,5.0,0.34269662921348315,0.8760563380281691
HMM2 with t(4) shocks (misspecified),53,Jump λ=100 ex post,0.6453279568148891,0.29936520350299844,1.0,0.5674157303370787,0.24507042253521127
HMM2 with t(4) shocks (misspecified),53,Jump λ=100 real time,0.5835577499141426,0.16294202232271815,0.0,0.5561797752808989,0.38873239436619716
HMM2 with t(4) shocks (misspecified),54,HMM-2 ex post (smoothed),0.8575277588736889,0.7382175221886231,0.0,0.08670520231213873,3.0028985507246375
HMM2 with t(4) shocks (misspecified),54,HMM-2 real time (filtered),0.7807027060792262,0.595244970082806,1.0,0.07514450867052024,5.907246376811594
HMM2 with t(4) shocks (misspecified),54,Jump λ=10 ex post,0.657351060437194,0.22009973875390554,0.0,0.24277456647398843,1.2463768115942029
HMM2 with t(4) shocks (misspecified),54,Jump λ=10 real time,0.6266113680971308,0.17098540490321545,0.0,0.23699421965317918,1.7507246376811594
HMM2 with t(4) shocks (misspecified),54,Jump λ=30 ex post,0.7015470394005048,0.3523570378246854,1.0,0.3872832369942196,0.5971014492753624
HMM2 with t(4) shocks (misspecified),54,Jump λ=30 real time,0.6473213454012654,0.24043983766884158,3.0,0.36416184971098264,0.8985507246376812
HMM2 with t(4) shocks (misspecified),54,Jump λ=100 ex post,0.6667242693432665,0.3598903966519912,1.0,0.6184971098265896,0.27246376811594203
HMM2 with t(4) shocks (misspecified),54,Jump λ=100 real time,0.6033046128168627,0.20327041526357315,8.5,0.5953757225433526,0.43478260869565216
HMM2 with t(4) shocks (misspecified),55,HMM-2 ex post (smoothed),0.8748429676241791,0.7639258586928065,1.0,0.10650887573964497,2.893175074183976
HMM2 with t(4) shocks (misspecified),55,HMM-2 real time (filtered),0.790708465240529,0.6103732784021632,1.0,0.08284023668639054,6.14540059347181
HMM2 with t(4) shocks (misspecified),55,Jump λ=10 ex post,0.7195353948948876,0.37590740663641287,1.0,0.23076923076923078,0.9347181008902077
HMM2 with t(4) shocks (misspecified),55,Jump λ=10 real time,0.6817726544023368,0.300189596867402,2.0,0.21893491124260356,1.2433234421364985
HMM2 with t(4) shocks (misspecified),55,Jump λ=30 ex post,0.7285288315494456,0.43887378661932863,1.0,0.40236686390532544,0.5074183976261127
HMM2 with t(4) shocks (misspecified),55,Jump λ=30 real time,0.6631472773220124,0.2953728832336626,3.0,0.3668639053254438,0.7270029673590505
HMM2 with t(4) shocks (misspecified),55,Jump λ=100 ex post,0.6633807793992975,0.36414262024415534,0.0,0.621301775147929,0.2344213649851632
HMM2 with t(4) shocks (misspecified),55,Jump λ=100 real time,0.6051231863267149,0.21591145358646102,8.0,0.5621301775147929,0.37091988130563797
HMM2 with t(4) shocks (misspecified),56,HMM-2 ex post (smoothed),0.8732981986872499,0.7713787561422417,0.0,0.0761904761904762,2.3190476190476192
HMM2 with t(4) shocks (misspecified),56,HMM-2 real time (filtered),0.7984876605154458,0.6301739086090288,1.0,0.06190476190476191,5.085714285714285
HMM2 with t(4) shocks (misspecified),56,Jump λ=10 ex post,0.7054411985558633,0.38416055833579155,1.0,0.30952380952380953,0.7119047619047619
HMM2 with t(4) shocks (misspecified),56,Jump λ=10 real time,0.681230346238945,0.3309791904564242,2.0,0.2761904761904762,1.0095238095238095
HMM2 with t(4) shocks (misspecified),56,Jump λ=30 ex post,0.7009178659821811,0.3910863075489054,0.0,0.3904761904761905,0.4238095238095238
HMM2 with t(4) shocks (misspecified),56,Jump λ=30 real time,0.6598136575685597,0.29931258204775246,4.0,0.3476190476190476,0.6309523809523809
HMM2 with t(4) shocks (misspecified),56,Jump λ=100 ex post,0.6780559517023306,0.3709124287956611,0.0,0.5761904761904761,0.20714285714285716
HMM2 with t(4) shocks (misspecified),56,Jump λ=100 real time,0.6187119503103063,0.2354793415670573,0.0,0.5523809523809524,0.3261904761904762
HMM2 with t(4) shocks (misspecified),57,HMM-2 ex post (smoothed),0.8566254904796995,0.7480975720340063,1.0,0.06557377049180328,2.6939890710382515
HMM2 with t(4) shocks (misspecified),57,HMM-2 real time (filtered),0.7835404335348722,0.6083662056270238,1.0,0.0546448087431694,5.7923497267759565
HMM2 with t(4) shocks (misspecified),57,Jump λ=10 ex post,0.7167560664787083,0.40965956373559154,2.5,0.3005464480874317,0.7923497267759563
HMM2 with t(4) shocks (misspecified),57,Jump λ=10 real time,0.6909466978132843,0.349904918800066,5.0,0.28415300546448086,1.0655737704918034
HMM2 with t(4) shocks (misspecified),57,Jump λ=30 ex post,0.7300096773791592,0.4585463055662703,3.0,0.39344262295081966,0.4918032786885246
HMM2 with t(4) shocks (misspecified),57,Jump λ=30 real time,0.6626253047760016,0.31077464112173214,8.0,0.3825136612021858,0.6885245901639344
HMM2 with t(4) shocks (misspecified),57,Jump λ=100 ex post,0.6885644621807873,0.41033001922215506,2.0,0.6065573770491803,0.22404371584699453
HMM2 with t(4) shocks (misspecified),57,Jump λ=100 real time,0.5937483975591161,0.1897187804467716,12.0,0.5737704918032787,0.3825136612021858
HMM2 with t(4) shocks (misspecified),58,HMM-2 ex post (smoothed),0.8544859437204533,0.7368399685735864,0.0,0.09090909090909091,2.9800569800569803
HMM2 with t(4) shocks (misspecified),58,HMM-2 real time (filtered),0.7805724017565103,0.596540336758127,1.0,0.07386363636363637,6.170940170940171
HMM2 with t(4) shocks (misspecified),58,Jump λ=10 ex post,0.6794137429533307,0.2811617154002283,0.0,0.2159090909090909,1.1282051282051282
HMM2 with t(4) shocks (misspecified),58,Jump λ=10 real time,0.6509106960440201,0.2318078452176574,0.0,0.23295454545454544,1.4415954415954415
HMM2 with t(4) shocks (misspecified),58,Jump λ=30 ex post,0.7011140890519134,0.33059832963530267,0.0,0.2727272727272727,0.6096866096866097
HMM2 with t(4) shocks (misspecified),58,Jump λ=30 real time,0.6354851113502747,0.2138471689352187,2.0,0.29545454545454547,0.98005698005698
HMM2 with t(4) shocks (misspecified),58,Jump λ=100 ex post,0.6806421833544138,0.3396736194283463,0.0,0.48863636363636365,0.2962962962962963
HMM2 with t(4) shocks (misspecified),58,Jump λ=100 real time,0.5910045268917339,0.15703743821822969,0.0,0.45454545454545453,0.45584045584045585
HMM2 with t(4) shocks (misspecified),59,HMM-2 ex post (smoothed),0.8742293333418525,0.7693530050548691,0.0,0.13872832369942195,2.5578034682080926
HMM2 with t(4) shocks (misspecified),59,HMM-2 real time (filtered),0.7911434169501133,0.6198300714928404,1.0,0.13872832369942195,5.372832369942197
HMM2 with t(4) shocks (misspecified),59,Jump λ=10 ex post,0.7114915317108476,0.32714959795870213,0.0,0.24855491329479767,0.953757225433526
HMM2 with t(4) shocks (misspecified),59,Jump λ=10 real time,0.6829136423203723,0.2752410492056441,2.0,0.23121387283236994,1.3815028901734103
HMM2 with t(4) shocks (misspecified),59,Jump λ=30 ex post,0.7193434537898447,0.3670404454361257,0.0,0.3583815028901734,0.5404624277456648
HMM2 with t(4) shocks (misspecified),59,Jump λ=30 real time,0.6719920930677037,0.27592498844222046,2.5,0.36416184971098264,0.7716763005780347
HMM2 with t(4) shocks (misspecified),59,Jump λ=100 ex post,0.7186117527022934,0.3477014796960163,0.0,0.3872832369942196,0.29190751445086704
HMM2 with t(4) shocks (misspecified),59,Jump λ=100 real time,0.6459716409045805,0.22431103660643115,0.0,0.4624277456647399,0.44508670520231214
HMM2 with t(4) shocks (misspecified),60,HMM-2 ex post (smoothed),0.8735166158125947,0.7697061184205995,0.0,0.11602209944751381,2.515235457063712
HMM2 with t(4) shocks (misspecified),60,HMM-2 real time (filtered),0.8022253739689609,0.6349278768816211,1.0,0.08287292817679558,5.673130193905817
HMM2 with t(4) shocks (misspecified),60,Jump λ=10 ex post,0.7281468470587653,0.43773917560325326,4.0,0.30939226519337015,0.7368421052631579
HMM2 with t(4) shocks (misspecified),60,Jump λ=10 real time,0.6970045412562786,0.3676642900285394,6.0,0.281767955801105,0.9473684210526315
HMM2 with t(4) shocks (misspecified),60,Jump λ=30 ex post,0.7246970380170978,0.4316425047798672,3.5,0.39226519337016574,0.481994459833795
HMM2 with t(4) shocks (misspecified),60,Jump λ=30 real time,0.666137315880063,0.30862257216056754,7.0,0.3812154696132597,0.6481994459833795
HMM2 with t(4) shocks (misspecified),60,Jump λ=100 ex post,0.6705696633386288,0.36764506929204355,4.5,0.6243093922651933,0.23268698060941828
HMM2 with t(4) shocks (misspecified),60,Jump λ=100 real time,0.5925417173016854,0.1872089492950244,14.5,0.580110497237569,0.42105263157894735
HMM2 with t(4) shocks (misspecified),61,HMM-2 ex post (smoothed),0.8646935453932207,0.7598668056714084,1.0,0.10869565217391304,2.5217391304347827
HMM2 with t(4) shocks (misspecified),61,HMM-2 real time (filtered),0.786201024176152,0.612271779708558,1.0,0.09782608695652174,5.581521739130435
HMM2 with t(4) shocks (misspecified),61,Jump λ=10 ex post,0.7103931469171658,0.36684914462451035,1.0,0.23369565217391305,0.8967391304347826
HMM2 with t(4) shocks (misspecified),61,Jump λ=10 real time,0.6725238631709048,0.2933180287885394,3.0,0.21195652173913043,1.2445652173913044
HMM2 with t(4) shocks (misspecified),61,Jump λ=30 ex post,0.7095986312229567,0.3794110901185219,0.5,0.34782608695652173,0.5380434782608695
HMM2 with t(4) shocks (misspecified),61,Jump λ=30 real time,0.6513906988259217,0.26435904720068304,4.0,0.3532608695652174,0.7989130434782609
HMM2 with t(4) shocks (misspecified),61,Jump λ=100 ex post,0.6876769081899066,0.3706784900105232,0.0,0.5271739130434783,0.23369565217391305
HMM2 with t(4) shocks (misspecified),61,Jump λ=100 real time,0.6139060291812286,0.21348754929362346,0.0,0.5380434782608695,0.40217391304347827
HMM2 with t(4) shocks (misspecified),62,HMM-2 ex post (smoothed),0.849367209854216,0.7314711168021688,1.0,0.11173184357541899,2.636871508379888
HMM2 with t(4) shocks (misspecified),62,HMM-2 real time (filtered),0.7717525758424819,0.5882146693785919,1.0,0.1005586592178771,5.5195530726256985
HMM2 with t(4) shocks (misspecified),62,Jump λ=10 ex post,0.7073708417178226,0.34714028255720597,1.0,0.3128491620111732,0.8268156424581006
HMM2 with t(4) shocks (misspecified),62,Jump λ=10 real time,0.677503751793644,0.2855402023254462,2.0,0.2737430167597765,1.0335195530726258
HMM2 with t(4) shocks (misspecified),62,Jump λ=30 ex post,0.7038717767475823,0.35078512519317107,0.0,0.4134078212290503,0.4972067039106145
HMM2 with t(4) shocks (misspecified),62,Jump λ=30 real time,0.6408894032790782,0.229180500582562,4.0,0.3854748603351955,0.7094972067039106
HMM2 with t(4) shocks (misspecified),62,Jump λ=100 ex post,0.6861219985650848,0.3518141435135147,0.0,0.5810055865921788,0.19553072625698323
HMM2 with t(4) shocks (misspecified),62,Jump λ=100 real time,0.6100001220526928,0.19309284339377708,0.0,0.5698324022346368,0.33519553072625696
HMM2 with t(4) shocks (misspecified),63,HMM-2 ex post (smoothed),0.8743225854458867,0.782183181300494,0.0,0.07253886010362694,2.1714285714285713
HMM2 with t(4) shocks (misspecified),63,HMM-2 real time (filtered),0.7993383978351774,0.6414264989676499,1.0,0.04145077720207254,5.038961038961039
HMM2 with t(4) shocks (misspecified),63,Jump λ=10 ex post,0.6683975221055841,0.27161522461797527,0.0,0.18652849740932642,0.9766233766233766
HMM2 with t(4) shocks (misspecified),63,Jump λ=10 real time,0.6426527063913814,0.22696058380618744,1.0,0.18134715025906736,1.3142857142857143
HMM2 with t(4) shocks (misspecified),63,Jump λ=30 ex post,0.6796695777797137,0.3077867156966476,0.0,0.3005181347150259,0.5584415584415584
HMM2 with t(4) shocks (misspecified),63,Jump λ=30 real time,0.632304552516189,0.21985340027943956,0.0,0.2849740932642487,0.8207792207792208
HMM2 with t(4) shocks (misspecified),63,Jump λ=100 ex post,0.6680693639835061,0.280780474049829,0.0,0.38341968911917096,0.2571428571428571
HMM2 with t(4) shocks (misspecified),63,Jump λ=100 real time,0.6053768702630891,0.16785361112682062,0.0,0.33678756476683935,0.45194805194805193
HMM2 with t(4) shocks (misspecified),64,HMM-2 ex post (smoothed),0.8447906564021779,0.7263496018255153,0.0,0.12048192771084337,3.0903614457831323
HMM2 with t(4) shocks (misspecified),64,HMM-2 real time (filtered),0.7707048962170323,0.5873436233773626,1.0,0.10843373493975904,5.975903614457831
HMM2 with t(4) shocks (misspecified),64,Jump λ=10 ex post,0.6827604235109357,0.26542884817077284,0.0,0.2469879518072289,1.0993975903614457
HMM2 with t(4) shocks (misspecified),64,Jump λ=10 real time,0.6555515402510871,0.21946177592589178,1.0,0.20481927710843373,1.4909638554216869
HMM2 with t(4) shocks (misspecified),64,Jump λ=30 ex post,0.6887722278342429,0.28662982541703474,0.0,0.3192771084337349,0.6746987951807228
HMM2 with t(4) shocks (misspecified),64,Jump λ=30 real time,0.6288872424572964,0.18634050158323145,3.0,0.2891566265060241,0.9909638554216867
HMM2 with t(4) shocks (misspecified),64,Jump λ=100 ex post,0.6765765635031262,0.35558005195654185,0.0,0.5602409638554217,0.28313253012048195
HMM2 with t(4) shocks (misspecified),64,Jump λ=100 real time,0.5845243201146733,0.1551500664904809,9.5,0.5421686746987951,0.5030120481927711
HMM2 with t(4) shocks (misspecified),65,HMM-2 ex post (smoothed),0.8444762336935572,0.7091884606245535,0.0,0.14367816091954022,3.4195402298850577
HMM2 with t(4) shocks (misspecified),65,HMM-2 real time (filtered),0.7723595607560971,0.5741995688189465,1.0,0.09195402298850575,6.408045977011494
HMM2 with t(4) shocks (misspecified),65,Jump λ=10 ex post,0.6943076364115175,0.2890940205223942,1.0,0.2413793103448276,1.0804597701149425
HMM2 with t(4) shocks (misspecified),65,Jump λ=10 real time,0.666086346238653,0.23983326845574937,2.0,0.26436781609195403,1.5
HMM2 with t(4) shocks (misspecified),65,Jump λ=30 ex post,0.7077933105734824,0.3279589557856365,0.0,0.3390804597701149,0.6609195402298851
HMM2 with t(4) shocks (misspecified),65,Jump λ=30 real time,0.6448546100940455,0.21951086029208167,3.5,0.3793103448275862,0.9425287356321839
HMM2 with t(4) shocks (misspecified),65,Jump λ=100 ex post,0.693526643797995,0.37227570035102997,0.0,0.5862068965517241,0.27586206896551724
HMM2 with t(4) shocks (misspecified),65,Jump λ=100 real time,0.6119577702201797,0.19537736045565768,6.0,0.5574712643678161,0.45977011494252873
HMM2 with t(4) shocks (misspecified),66,HMM-2 ex post (smoothed),0.8334173041487443,0.7086811164959643,1.0,0.11176470588235295,2.958823529411765
HMM2 with t(4) shocks (misspecified),66,HMM-2 real time (filtered),0.7650390132506701,0.577747381638812,1.0,0.08235294117647059,5.970588235294118
HMM2 with t(4) shocks (misspecified),66,Jump λ=10 ex post,0.6546061983289312,0.2370778101544725,0.0,0.1588235294117647,1.1352941176470588
HMM2 with t(4) shocks (misspecified),66,Jump λ=10 real time,0.6243804627912675,0.1881051987117257,0.0,0.14705882352941177,1.6411764705882352
HMM2 with t(4) shocks (misspecified),66,Jump λ=30 ex post,0.6790972916153362,0.2856197616982563,0.0,0.23529411764705882,0.6529411764705882
HMM2 with t(4) shocks (misspecified),66,Jump λ=30 real time,0.6170089703556465,0.18148420672069987,0.0,0.2411764705882353,0.9647058823529412
HMM2 with t(4) shocks (misspecified),66,Jump λ=100 ex post,0.6817314792494437,0.327611010994749,0.0,0.4235294117647059,0.2823529411764706
HMM2 with t(4) shocks (misspecified),66,Jump λ=100 real time,0.5942094403318152,0.1617605164615724,0.0,0.4235294117647059,0.4647058823529412
HMM2 with t(4) shocks (misspecified),67,HMM-2 ex post (smoothed),0.8733216291748751,0.763844016330953,1.0,0.09340659340659341,2.8846153846153846
HMM2 with t(4) shocks (misspecified),67,HMM-2 real time (filtered),0.7920038484445869,0.6142291558859285,1.0,0.07142857142857142,6.104395604395604
HMM2 with t(4) shocks (misspecified),67,Jump λ=10 ex post,0.7118073212076785,0.35476950870769175,1.0,0.21978021978021978,1.043956043956044
HMM2 with t(4) shocks (misspecified),67,Jump λ=10 real time,0.6761915425848719,0.28690499111502576,2.0,0.22527472527472528,1.5
HMM2 with t(4) shocks (misspecified),67,Jump λ=30 ex post,0.7168496999129519,0.39894716307927247,1.0,0.36813186813186816,0.5851648351648352
HMM2 with t(4) shocks (misspecified),67,Jump λ=30 real time,0.6693688367618088,0.2985663633826793,4.0,0.37362637362637363,0.8681318681318682
HMM2 with t(4) shocks (misspecified),67,Jump λ=100 ex post,0.7077912310441197,0.43437916521217856,0.0,0.5769230769230769,0.24725274725274726
HMM2 with t(4) shocks (misspecified),67,Jump λ=100 real time,0.6213315251752417,0.24035553153404854,9.5,0.5274725274725275,0.4368131868131868
HMM2 with t(4) shocks (misspecified),68,HMM-2 ex post (smoothed),0.8745309053018895,0.7705098041261098,0.0,0.12154696132596685,2.4653739612188366
HMM2 with t(4) shocks (misspecified),68,HMM-2 real time (filtered),0.798237019662325,0.6267363406839139,1.0,0.09944751381215469,5.3850415512465375
HMM2 with t(4) shocks (misspecified),68,Jump λ=10 ex post,0.7367379989397226,0.4718982330138207,3.0,0.36464088397790057,0.628808864265928
HMM2 with t(4) shocks (misspecified),68,Jump λ=10 real time,0.712407983838918,0.40763695085609086,4.0,0.35359116022099446,0.8393351800554016
HMM2 with t(4) shocks (misspecified),68,Jump λ=30 ex post,0.7285670727316349,0.4712409693389704,2.5,0.48066298342541436,0.407202216066482
HMM2 with t(4) shocks (misspecified),68,Jump λ=30 real time,0.6881088658766213,0.36633375120772926,6.0,0.43646408839779005,0.6177285318559557
HMM2 with t(4) shocks (misspecified),68,Jump λ=100 ex post,0.7069738369659566,0.44858284901763246,0.0,0.6464088397790055,0.19113573407202217
HMM2 with t(4) shocks (misspecified),68,Jump λ=100 real time,0.6427878953900171,0.29293270788520287,6.5,0.6353591160220995,0.32409972299168976
HMM2 with t(4) shocks (misspecified),69,HMM-2 ex post (smoothed),0.87036431317403,0.7653393433997909,0.0,0.0625,2.5494791666666665
HMM2 with t(4) shocks (misspecified),69,HMM-2 real time (filtered),0.7953165731582253,0.6242868798916807,1.0,0.052083333333333336,5.669270833333333
HMM2 with t(4) shocks (misspecified),69,Jump λ=10 ex post,0.7098564978316355,0.3555133805887212,1.0,0.19270833333333334,0.90625
HMM2 with t(4) shocks (misspecified),69,Jump λ=10 real time,0.6743247998998693,0.2874036622316658,1.0,0.203125,1.28125
HMM2 with t(4) shocks (misspecified),69,Jump λ=30 ex post,0.7290742631743823,0.4203327678354609,0.5,0.3125,0.515625
HMM2 with t(4) shocks (misspecified),69,Jump λ=30 real time,0.6583733764501771,0.27647046086325555,3.0,0.328125,0.8020833333333334
HMM2 with t(4) shocks (misspecified),69,Jump λ=100 ex post,0.6955424416185774,0.3914809321873174,0.0,0.5520833333333334,0.21875
HMM2 with t(4) shocks (misspecified),69,Jump λ=100 real time,0.6016895788547003,0.18945594650758157,0.0,0.5052083333333334,0.40625
HMM2 with t(4) shocks (misspecified),70,HMM-2 ex post (smoothed),0.8818403698341029,0.7812365875251636,0.0,0.09142857142857143,2.5885714285714285
HMM2 with t(4) shocks (misspecified),70,HMM-2 real time (filtered),0.8046036738530471,0.6389933510147736,1.0,0.08,5.748571428571428
HMM2 with t(4) shocks (misspecified),70,Jump λ=10 ex post,0.6933189664065018,0.29633404622901627,0.0,0.17714285714285713,0.9828571428571429
HMM2 with t(4) shocks (misspecified),70,Jump λ=10 real time,0.6621454436418164,0.2449008935276269,0.5,0.17714285714285713,1.3657142857142857
HMM2 with t(4) shocks (misspecified),70,Jump λ=30 ex post,0.7063234715933908,0.3298572297063147,0.0,0.25142857142857145,0.5885714285714285
HMM2 with t(4) shocks (misspecified),70,Jump λ=30 real time,0.6554181712635436,0.24022165691549757,0.0,0.28,0.84
HMM2 with t(4) shocks (misspecified),70,Jump λ=100 ex post,0.7147826315377652,0.3596183581189274,0.0,0.37142857142857144,0.3028571428571429
HMM2 with t(4) shocks (misspecified),70,Jump λ=100 real time,0.6097957046159481,0.17248846805471474,0.0,0.36,0.48
HMM2 with t(4) shocks (misspecified),71,HMM-2 ex post (smoothed),0.8663465532790326,0.7627217464851267,0.0,0.1358695652173913,2.260869565217391
HMM2 with t(4) shocks (misspecified),71,HMM-2 real time (filtered),0.789382236815498,0.622150093645934,1.0,0.09782608695652174,5.201086956521739
HMM2 with t(4) shocks (misspecified),71,Jump λ=10 ex post,0.7208753652211655,0.3801562131727536,1.0,0.266304347826087,0.8206521739130435
HMM2 with t(4) shocks (misspecified),71,Jump λ=10 real time,0.6837788766333024,0.30632866944455495,3.0,0.23369565217391305,1.1684782608695652
HMM2 with t(4) shocks (misspecified),71,Jump λ=30 ex post,0.7242374607033091,0.4106424860260963,1.0,0.375,0.4945652173913043
HMM2 with t(4) shocks (misspecified),71,Jump λ=30 real time,0.6592885841384155,0.2747978748261828,5.0,0.3423913043478261,0.7608695652173914
HMM2 with t(4) shocks (misspecified),71,Jump λ=100 ex post,0.7252975666407069,0.4049015442931866,0.0,0.45108695652173914,0.21739130434782608
HMM2 with t(4) shocks (misspecified),71,Jump λ=100 real time,0.6145312511895307,0.19079040009252468,0.0,0.42934782608695654,0.3967391304347826
HMM2 with t(4) shocks (misspecified),72,HMM-2 ex post (smoothed),0.8919810581598728,0.7999961727765408,0.0,0.06043956043956044,2.241758241758242
HMM2 with t(4) shocks (misspecified),72,HMM-2 real time (filtered),0.8274359980808721,0.6814508542023169,1.0,0.06043956043956044,5.3076923076923075
HMM2 with t(4) shocks (misspecified),72,Jump λ=10 ex post,0.7159378085594763,0.4217494215644948,2.0,0.2692307692307692,0.7142857142857143
HMM2 with t(4) shocks (misspecified),72,Jump λ=10 real time,0.6887392054976984,0.35887685276165915,4.0,0.23076923076923078,1.0714285714285714
HMM2 with t(4) shocks (misspecified),72,Jump λ=30 ex post,0.7174361211693256,0.4241635768983668,1.0,0.34065934065934067,0.489010989010989
HMM2 with t(4) shocks (misspecified),72,Jump λ=30 real time,0.6500261247352086,0.2845135482891431,5.0,0.32967032967032966,0.6428571428571429
HMM2 with t(4) shocks (misspecified),72,Jump λ=100 ex post,0.6518095396602306,0.34077128026837955,3.0,0.6428571428571429,0.24725274725274726
HMM2 with t(4) shocks (misspecified),72,Jump λ=100 real time,0.5723181090625767,0.15365342133225135,11.5,0.5824175824175825,0.34615384615384615
HMM2 with t(4) shocks (misspecified),73,HMM-2 ex post (smoothed),0.8785719737480848,0.7835271576670534,1.0,0.0903954802259887,2.225988700564972
HMM2 with t(4) shocks (misspecified),73,HMM-2 real time (filtered),0.8059821760418089,0.6486985274811146,1.0,0.0847457627118644,5.395480225988701
HMM2 with t(4) shocks (misspecified),73,Jump λ=10 ex post,0.7145719320302188,0.3919357075106079,2.0,0.24293785310734464,0.8192090395480226
HMM2 with t(4) shocks (misspecified),73,Jump λ=10 real time,0.6852737829760767,0.32830196089014196,4.0,0.22598870056497175,1.0847457627118644
HMM2 with t(4) shocks (misspecified),73,Jump λ=30 ex post,0.7277718440434473,0.40909332799754783,0.0,0.288135593220339,0.5310734463276836
HMM2 with t(4) shocks (misspecified),73,Jump λ=30 real time,0.670423052344544,0.29563271787685597,3.0,0.2824858757062147,0.7288135593220338
HMM2 with t(4) shocks (misspecified),73,Jump λ=100 ex post,0.6966306423413584,0.3871772704991553,0.0,0.4858757062146893,0.24293785310734464
HMM2 with t(4) shocks (misspecified),73,Jump λ=100 real time,0.6093523633171013,0.19958392751015708,0.0,0.4350282485875706,0.4350282485875706
HMM2 with t(4) shocks (misspecified),74,HMM-2 ex post (smoothed),0.845421261730787,0.7299577028865567,1.0,0.07526881720430108,2.836021505376344
HMM2 with t(4) shocks (misspecified),74,HMM-2 real time (filtered),0.7700539289291424,0.5877685610268304,1.0,0.05913978494623656,5.599462365591398
HMM2 with t(4) shocks (misspecified),74,Jump λ=10 ex post,0.7024218630340373,0.34521343172103836,2.0,0.25268817204301075,0.8602150537634409
HMM2 with t(4) shocks (misspecified),74,Jump λ=10 real time,0.6778899748565608,0.29366768207680116,2.0,0.22580645161290322,1.1505376344086022
HMM2 with t(4) shocks (misspecified),74,Jump λ=30 ex post,0.7059923094578746,0.3688763413106242,2.0,0.3387096774193548,0.532258064516129
HMM2 with t(4) shocks (misspecified),74,Jump λ=30 real time,0.653723774373911,0.2619693105082169,2.5,0.3010752688172043,0.7365591397849462
HMM2 with t(4) shocks (misspecified),74,Jump λ=100 ex post,0.6978403615384765,0.3876168207243673,0.0,0.5483870967741935,0.2553763440860215
HMM2 with t(4) shocks (misspecified),74,Jump λ=100 real time,0.6087486511698911,0.1994104896211515,0.0,0.4731182795698925,0.43548387096774194
HMM2 with t(4) shocks (misspecified),75,HMM-2 ex post (smoothed),0.8729159366096843,0.7720001335933113,0.0,0.125,2.4545454545454546
HMM2 with t(4) shocks (misspecified),75,HMM-2 real time (filtered),0.7969223360201212,0.6315004377891196,1.0,0.09090909090909091,5.704545454545454
HMM2 with t(4) shocks (misspecified),75,Jump λ=10 ex post,0.6805716608187087,0.32128209958771137,1.0,0.32954545454545453,0.8522727272727273
HMM2 with t(4) shocks (misspecified),75,Jump λ=10 real time,0.6522681045998235,0.26332390840469677,2.0,0.3125,1.2329545454545454
HMM2 with t(4) shocks (misspecified),75,Jump λ=30 ex post,0.6968618457436002,0.3674721375996063,1.0,0.38636363636363635,0.4943181818181818
HMM2 with t(4) shocks (misspecified),75,Jump λ=30 real time,0.6343789658258832,0.24087452150269295,5.0,0.39204545454545453,0.7386363636363636
HMM2 with t(4) shocks (misspecified),75,Jump λ=100 ex post,0.639169231512922,0.3245423042293317,2.0,0.7102272727272727,0.23295454545454544
HMM2 with t(4) shocks (misspecified),75,Jump λ=100 real time,0.5783096982422227,0.17016496749889398,11.5,0.6477272727272727,0.35795454545454547
HMM2 with t(4) shocks (misspecified),76,HMM-2 ex post (smoothed),0.8538569044595257,0.7286236818676055,1.0,0.10179640718562874,2.964071856287425
HMM2 with t(4) shocks (misspecified),76,HMM-2 real time (filtered),0.7797256808301527,0.5908825812032619,1.0,0.08982035928143713,6.029940119760479
HMM2 with t(4) shocks (misspecified),76,Jump λ=10 ex post,0.7032032089320401,0.31717163634853285,1.0,0.23353293413173654,1.0838323353293413
HMM2 with t(4) shocks (misspecified),76,Jump λ=10 real time,0.6720234224802806,0.25917360707313464,2.0,0.20958083832335328,1.562874251497006
HMM2 with t(4) shocks (misspecified),76,Jump λ=30 ex post,0.7108225409129264,0.3448480288914839,0.0,0.30538922155688625,0.6526946107784432
HMM2 with t(4) shocks (misspecified),76,Jump λ=30 real time,0.6533832512279287,0.23889298349945653,3.0,0.2934131736526946,0.9401197604790419
HMM2 with t(4) shocks (misspecified),76,Jump λ=100 ex post,0.6852745129565705,0.3817430984507513,0.0,0.5688622754491018,0.24550898203592814
HMM2 with t(4) shocks (misspecified),76,Jump λ=100 real time,0.6129215209751667,0.2156077110187351,10.5,0.5329341317365269,0.40718562874251496
HMM2 with t(4) shocks (misspecified),77,HMM-2 ex post (smoothed),0.8744962136975498,0.7700666532296035,0.0,0.08152173913043478,2.681198910081744
HMM2 with t(4) shocks (misspecified),77,HMM-2 real time (filtered),0.7989037562478905,0.6294137867613294,1.0,0.059782608695652176,6.076294277929155
HMM2 with t(4) shocks (misspecified),77,Jump λ=10 ex post,0.6779522501808173,0.2899534599587811,0.0,0.1793478260869565,0.997275204359673
HMM2 with t(4) shocks (misspecified),77,Jump λ=10 real time,0.6502976228406498,0.24157780517018124,1.0,0.20108695652173914,1.4114441416893733
HMM2 with t(4) shocks (misspecified),77,Jump λ=30 ex post,0.7002560783308153,0.3458834186346854,0.0,0.27717391304347827,0.5831062670299727
HMM2 with t(4) shocks (misspecified),77,Jump λ=30 real time,0.6472515541169848,0.24602333669806198,1.5,0.29347826086956524,0.8283378746594006
HMM2 with t(4) shocks (misspecified),77,Jump λ=100 ex post,0.6767090585496924,0.33287811018836455,0.0,0.47282608695652173,0.25340599455040874
HMM2 with t(4) shocks (misspecified),77,Jump λ=100 real time,0.6021661741876418,0.18670237618194818,0.0,0.4891304347826087,0.4359673024523161
HMM2 with t(4) shocks (misspecified),78,HMM-2 ex post (smoothed),0.8473843853933092,0.7200546318345937,0.0,0.09714285714285714,2.9657142857142857
HMM2 with t(4) shocks (misspecified),78,HMM-2 real time (filtered),0.7781862898640621,0.590361999412179,1.0,0.08571428571428572,5.777142857142858
HMM2 with t(4) shocks (misspecified),78,Jump λ=10 ex post,0.6271015193655483,0.16848023850785243,0.0,0.19428571428571428,1.062857142857143
HMM2 with t(4) shocks (misspecified),78,Jump λ=10 real time,0.6059167334402096,0.13799571970247992,0.0,0.17714285714285713,1.4857142857142858
HMM2 with t(4) shocks (misspecified),78,Jump λ=30 ex post,0.6319494359956718,0.17661154141677904,0.0,0.21714285714285714,0.7
HMM2 with t(4) shocks (misspecified),78,Jump λ=30 real time,0.5977066556822019,0.12875356978986674,0.0,0.2057142857142857,0.9428571428571428
HMM2 with t(4) shocks (misspecified),78,Jump λ=100 ex post,0.6969329596199488,0.32009417898079295,0.0,0.3657142857142857,0.3485714285714286
HMM2 with t(4) shocks (misspecified),78,Jump λ=100 real time,0.5638466546631706,0.09723917373713031,0.0,0.38285714285714284,0.54
HMM2 with t(4) shocks (misspecified),79,HMM-2 ex post (smoothed),0.8683076056811276,0.7597926537815263,0.0,0.09142857142857143,2.5942857142857143
HMM2 with t(4) shocks (misspecified),79,HMM-2 real time (filtered),0.8010955010374874,0.6351222488520527,1.0,0.06857142857142857,5.422857142857143
HMM2 with t(4) shocks (misspecified),79,Jump λ=10 ex post,0.7453988700170897,0.45903775023379734,2.0,0.29714285714285715,0.7771428571428571
HMM2 with t(4) shocks (misspecified),79,Jump λ=10 real time,0.7107099934492567,0.379742345536238,3.0,0.26857142857142857,1.0057142857142858
HMM2 with t(4) shocks (misspecified),79,Jump λ=30 ex post,0.7377378566400355,0.4709310581812163,2.0,0.41714285714285715,0.48
HMM2 with t(4) shocks (misspecified),79,Jump λ=30 real time,0.673876593770975,0.32373920596667605,5.0,0.37714285714285717,0.7257142857142858
HMM2 with t(4) shocks (misspecified),79,Jump λ=100 ex post,0.698953499847591,0.44952249862436755,2.0,0.6742857142857143,0.2057142857142857
HMM2 with t(4) shocks (misspecified),79,Jump λ=100 real time,0.6206284444762784,0.2561959528034927,9.5,0.6457142857142857,0.35428571428571426
HMM2 with t(4) shocks (misspecified),80,HMM-2 ex post (smoothed),0.870691093289253,0.7671104987466055,0.0,0.1130952380952381,2.580357142857143
HMM2 with t(4) shocks (misspecified),80,HMM-2 real time (filtered),0.7986485631721396,0.6334560138338361,1.0,0.09523809523809523,5.752976190476191
HMM2 with t(4) shocks (misspecified),80,Jump λ=10 ex post,0.7367577668812588,0.4448366063709178,2.0,0.25595238095238093,0.8511904761904762
HMM2 with t(4) shocks (misspecified),80,Jump λ=10 real time,0.7038724069816487,0.37265192662789903,3.0,0.24404761904761904,1.1666666666666667
HMM2 with t(4) shocks (misspecified),80,Jump λ=30 ex post,0.7318438875636065,0.450060179149512,0.5,0.36904761904761907,0.49404761904761907
HMM2 with t(4) shocks (misspecified),80,Jump λ=30 real time,0.6755769512087628,0.3247368865144221,4.5,0.34523809523809523,0.7202380952380952
HMM2 with t(4) shocks (misspecified),80,Jump λ=100 ex post,0.7141701300400605,0.4432050250084044,0.0,0.5833333333333334,0.22916666666666666
HMM2 with t(4) shocks (misspecified),80,Jump λ=100 real time,0.6173706754023731,0.2275703893450306,4.0,0.5476190476190477,0.38095238095238093
HMM2 with t(4) shocks (misspecified),81,HMM-2 ex post (smoothed),0.8754316109234888,0.7704407210553768,0.0,0.058823529411764705,2.7529411764705882
HMM2 with t(4) shocks (misspecified),81,HMM-2 real time (filtered),0.7998848488255434,0.6318376265489445,1.0,0.047058823529411764,6.229411764705882
HMM2 with t(4) shocks (misspecified),81,Jump λ=10 ex post,0.6850869060135689,0.3067846282561548,0.0,0.21176470588235294,1.026470588235294
HMM2 with t(4) shocks (misspecified),81,Jump λ=10 real time,0.6634369732449543,0.2658855738599205,1.0,0.1588235294117647,1.526470588235294
HMM2 with t(4) shocks (misspecified),81,Jump λ=30 ex post,0.6982625027299674,0.33590599207738525,0.0,0.27058823529411763,0.5705882352941176
HMM2 with t(4) shocks (misspecified),81,Jump λ=30 real time,0.6530162205410887,0.25027798780039534,2.0,0.21764705882352942,0.8794117647058823
HMM2 with t(4) shocks (misspecified),81,Jump λ=100 ex post,0.6869808011944742,0.32404798537586255,0.0,0.36470588235294116,0.27647058823529413
HMM2 with t(4) shocks (misspecified),81,Jump λ=100 real time,0.6111441627860019,0.18696788999637448,0.0,0.3588235294117647,0.45
HMM2 with t(4) shocks (misspecified),82,HMM-2 ex post (smoothed),0.8701910814386983,0.7663416161209393,0.0,0.08465608465608465,2.514588859416446
HMM2 with t(4) shocks (misspecified),82,HMM-2 real time (filtered),0.7932402908973328,0.6234921217264231,1.0,0.07936507936507936,5.681697612732095
HMM2 with t(4) shocks (misspecified),82,Jump λ=10 ex post,0.6808395916080228,0.2907661164810176,0.0,0.1693121693121693,0.9496021220159151
HMM2 with t(4) shocks (misspecified),82,Jump λ=10 real time,0.6583420562746969,0.24964742460313105,0.0,0.164021164021164,1.3315649867374004
HMM2 with t(4) shocks (misspecified),82,Jump λ=30 ex post,0.6907461452039569,0.31568765033860513,0.0,0.2328042328042328,0.5782493368700266
HMM2 with t(4) shocks (misspecified),82,Jump λ=30 real time,0.640520092768107,0.22675553077170696,0.0,0.21164021164021163,0.843501326259947
HMM2 with t(4) shocks (misspecified),82,Jump λ=100 ex post,0.6933036748357245,0.33917260332592447,0.0,0.3544973544973545,0.3050397877984085
HMM2 with t(4) shocks (misspecified),82,Jump λ=100 real time,0.6065848796755204,0.1798541138320391,0.0,0.37037037037037035,0.46419098143236076
HMM2 with t(4) shocks (misspecified),83,HMM-2 ex post (smoothed),0.8673560026100764,0.7636707804553257,0.0,0.09411764705882353,2.588235294117647
HMM2 with t(4) shocks (misspecified),83,HMM-2 real time (filtered),0.7928283844796602,0.6247884548210649,1.0,0.07647058823529412,5.758823529411765
HMM2 with t(4) shocks (misspecified),83,Jump λ=10 ex post,0.700948421773651,0.3436289789775302,1.0,0.2647058823529412,1.0
HMM2 with t(4) shocks (misspecified),83,Jump λ=10 real time,0.6728795628367406,0.2880989747000763,2.0,0.21764705882352942,1.4058823529411764
HMM2 with t(4) shocks (misspecified),83,Jump λ=30 ex post,0.7108002240800567,0.3879727470490799,1.0,0.34705882352941175,0.5882352941176471
HMM2 with t(4) shocks (misspecified),83,Jump λ=30 real time,0.6591183933337799,0.2798944093531087,5.0,0.3235294117647059,0.8588235294117647
HMM2 with t(4) shocks (misspecified),83,Jump λ=100 ex post,0.685129458199592,0.3881460127088485,0.0,0.6,0.22941176470588234
HMM2 with t(4) shocks (misspecified),83,Jump λ=100 real time,0.614599335363273,0.22909666533336492,10.0,0.5588235294117647,0.38235294117647056
HMM2 with t(4) shocks (misspecified),84,HMM-2 ex post (smoothed),0.8760112923936544,0.7581424523291751,1.0,0.09146341463414634,3.167682926829268
HMM2 with t(4) shocks (misspecified),84,HMM-2 real time (filtered),0.7948704290692427,0.6119452166144783,1.0,0.054878048780487805,6.673780487804878
HMM2 with t(4) shocks (misspecified),84,Jump λ=10 ex post,0.6886750930293215,0.29726206921634746,1.0,0.17682926829268292,1.1402439024390243
HMM2 with t(4) shocks (misspecified),84,Jump λ=10 real time,0.6591585201827246,0.2442830058851828,2.0,0.16463414634146342,1.5548780487804879
HMM2 with t(4) shocks (misspecified),84,Jump λ=30 ex post,0.714476360810544,0.3595540506181496,0.0,0.25609756097560976,0.6097560975609756
HMM2 with t(4) shocks (misspecified),84,Jump λ=30 real time,0.654351000855214,0.2471674363998606,3.0,0.27439024390243905,0.9024390243902439
HMM2 with t(4) shocks (misspecified),84,Jump λ=100 ex post,0.7212680691232363,0.410179669638818,0.0,0.4146341463414634,0.3048780487804878
HMM2 with t(4) shocks (misspecified),84,Jump λ=100 real time,0.6079207312113102,0.18811724147457076,4.5,0.43902439024390244,0.4634146341463415
HMM2 with t(4) shocks (misspecified),85,HMM-2 ex post (smoothed),0.8625616040564172,0.7469708014781069,1.0,0.07303370786516854,2.848314606741573
HMM2 with t(4) shocks (misspecified),85,HMM-2 real time (filtered),0.7867830533718674,0.6060381387211171,1.0,0.05056179775280899,5.966292134831461
HMM2 with t(4) shocks (misspecified),85,Jump λ=10 ex post,0.6617439640421797,0.2365634847156094,0.0,0.1797752808988764,1.1853932584269662
HMM2 with t(4) shocks (misspecified),85,Jump λ=10 real time,0.6344240548412368,0.1926356937893079,1.0,0.1797752808988764,1.5786516853932584
HMM2 with t(4) shocks (misspecified),85,Jump λ=30 ex post,0.6827474113156411,0.2856459404467606,0.0,0.25842696629213485,0.6685393258426966
HMM2 with t(4) shocks (misspecified),85,Jump λ=30 real time,0.6253213097158954,0.19011528026973135,3.0,0.2696629213483146,0.949438202247191
HMM2 with t(4) shocks (misspecified),85,Jump λ=100 ex post,0.6747473148599785,0.32779532221013175,0.0,0.5168539325842697,0.29213483146067415
HMM2 with t(4) shocks (misspecified),85,Jump λ=100 real time,0.5772497341096763,0.13443239358352999,7.5,0.4606741573033708,0.5056179775280899
HMM2 with t(4) shocks (misspecified),86,HMM-2 ex post (smoothed),0.8684520297316458,0.7561683567229883,0.0,0.06321839080459771,2.847262247838617
HMM2 with t(4) shocks (misspecified),86,HMM-2 real time (filtered),0.792462181631912,0.6157684680412034,1.0,0.05747126436781609,5.740634005763689
HMM2 with t(4) shocks (misspecified),86,Jump λ=10 ex post,0.7043115857454093,0.32851650968856405,1.0,0.29310344827586204,0.9250720461095101
HMM2 with t(4) shocks (misspecified),86,Jump λ=10 real time,0.6749815474029118,0.2720147247818162,2.0,0.29310344827586204,1.3631123919308357
HMM2 with t(4) shocks (misspecified),86,Jump λ=30 ex post,0.7001003140453712,0.34484618618755647,1.0,0.39655172413793105,0.5677233429394812
HMM2 with t(4) shocks (misspecified),86,Jump λ=30 real time,0.6430119501504306,0.2335117437207499,4.0,0.39080459770114945,0.792507204610951
HMM2 with t(4) shocks (misspecified),86,Jump λ=100 ex post,0.699918354687554,0.38939430137482256,0.0,0.5574712643678161,0.27953890489913547
HMM2 with t(4) shocks (misspecified),86,Jump λ=100 real time,0.5982346835339074,0.1751933685419147,8.5,0.5172413793103449,0.45244956772334294
HMM2 with t(4) shocks (misspecified),87,HMM-2 ex post (smoothed),0.8670140420194192,0.7563117269365375,1.0,0.11891891891891893,2.6422764227642275
HMM2 with t(4) shocks (misspecified),87,HMM-2 real time (filtered),0.7908684172950541,0.6118337635823075,2.0,0.0972972972972973,5.964769647696477
HMM2 with t(4) shocks (misspecified),87,Jump λ=10 ex post,0.6637514504724654,0.26488145135464924,0.0,0.15135135135135136,1.070460704607046
HMM2 with t(4) shocks (misspecified),87,Jump λ=10 real time,0.6413164596542724,0.2249894966749062,0.0,0.16216216216216217,1.4769647696476964
HMM2 with t(4) shocks (misspecified),87,Jump λ=30 ex post,0.6902368065747522,0.3169852099193087,0.0,0.21081081081081082,0.5826558265582655
HMM2 with t(4) shocks (misspecified),87,Jump λ=30 real time,0.6363623732079209,0.22202660138832964,0.0,0.2702702702702703,0.8590785907859079
HMM2 with t(4) shocks (misspecified),87,Jump λ=100 ex post,0.7009477097898307,0.35619722849114077,0.0,0.3621621621621622,0.28184281842818426
HMM2 with t(4) shocks (misspecified),87,Jump λ=100 real time,0.6142062933334297,0.19459723004315743,0.0,0.3675675675675676,0.4932249322493225
HMM2 with t(4) shocks (misspecified),88,HMM-2 ex post (smoothed),0.8503376028362666,0.7230343265885882,0.0,0.07692307692307693,3.526627218934911
HMM2 with t(4) shocks (misspecified),88,HMM-2 real time (filtered),0.7698536309581903,0.5723090058320653,1.0,0.07100591715976332,6.704142011834319
HMM2 with t(4) shocks (misspecified),88,Jump λ=10 ex post,0.6887024674727631,0.26966685332879947,0.0,0.1893491124260355,1.1035502958579881
HMM2 with t(4) shocks (misspecified),88,Jump λ=10 real time,0.6697228921290788,0.2368408113992222,0.0,0.17159763313609466,1.5059171597633136
HMM2 with t(4) shocks (misspecified),88,Jump λ=30 ex post,0.722220100669962,0.34898315520433465,0.0,0.25443786982248523,0.6538461538461539
HMM2 with t(4) shocks (misspecified),88,Jump λ=30 real time,0.6690377376707608,0.2514737741056836,0.0,0.2485207100591716,0.9201183431952663
HMM2 with t(4) shocks (misspecified),88,Jump λ=100 ex post,0.7261800314245221,0.3853284999938019,0.0,0.3905325443786982,0.3165680473372781
HMM2 with t(4) shocks (misspecified),88,Jump λ=100 real time,0.6453771767358323,0.23391564789766806,0.0,0.40236686390532544,0.47633136094674555
HMM2 with t(4) shocks (misspecified),89,HMM-2 ex post (smoothed),0.874477031802898,0.7618675489617966,0.0,0.10465116279069768,2.801749271137026
HMM2 with t(4) shocks (misspecified),89,HMM-2 real time (filtered),0.7961327604990284,0.6183485979007518,1.0,0.08139534883720931,5.723032069970846
HMM2 with t(4) shocks (misspecified),89,Jump λ=10 ex post,0.7124838939672979,0.3697707709347712,2.0,0.32558139534883723,0.8454810495626822
HMM2 with t(4) shocks (misspecified),89,Jump λ=10 real time,0.6858983878023623,0.311122128410794,3.0,0.313953488372093,1.2653061224489797
HMM2 with t(4) shocks (misspecified),89,Jump λ=30 ex post,0.7196775140723886,0.41535446328932335,1.0,0.43023255813953487,0.4956268221574344
HMM2 with t(4) shocks (misspecified),89,Jump λ=30 real time,0.662471558152221,0.29305168591052677,6.0,0.4186046511627907,0.7055393586005831
HMM2 with t(4) shocks (misspecified),89,Jump λ=100 ex post,0.659206720302103,0.34622155102187824,1.0,0.6627906976744186,0.21574344023323616
HMM2 with t(4) shocks (misspecified),89,Jump λ=100 real time,0.6082199321471747,0.22138627308235548,10.0,0.627906976744186,0.36151603498542273
HMM2 with t(4) shocks (misspecified),90,HMM-2 ex post (smoothed),0.8621038495081096,0.7512360280286795,0.0,0.09743589743589744,2.466666666666667
HMM2 with t(4) shocks (misspecified),90,HMM-2 real time (filtered),0.7895407067578886,0.6150706533659202,1.0,0.07692307692307693,5.492307692307692
HMM2 with t(4) shocks (misspecified),90,Jump λ=10 ex post,0.7343090418093519,0.4506137886163559,2.0,0.28717948717948716,0.764102564102564
HMM2 with t(4) shocks (misspecified),90,Jump λ=10 real time,0.7011788212304567,0.37623484777523963,3.0,0.2717948717948718,0.9538461538461539
HMM2 with t(4) shocks (misspecified),90,Jump λ=30 ex post,0.7352489896985801,0.45893961515903337,2.0,0.38461538461538464,0.48717948717948717
HMM2 with t(4) shocks (misspecified),90,Jump λ=30 real time,0.6725875761704432,0.32126690562472615,5.0,0.3641025641025641,0.6307692307692307
HMM2 with t(4) shocks (misspecified),90,Jump λ=100 ex post,0.6809552641435879,0.3777423804432515,0.0,0.6102564102564103,0.2153846153846154
HMM2 with t(4) shocks (misspecified),90,Jump λ=100 real time,0.5896945294364284,0.17337032171245803,9.0,0.5230769230769231,0.38974358974358975
HMM2 with t(4) shocks (misspecified),91,HMM-2 ex post (smoothed),0.8489603828473931,0.7334799286654567,1.0,0.07017543859649122,2.9473684210526314
HMM2 with t(4) shocks (misspecified),91,HMM-2 real time (filtered),0.7762753401639363,0.5947884327208975,1.0,0.06432748538011696,5.888888888888889
HMM2 with t(4) shocks (misspecified),91,Jump λ=10 ex post,0.622760332484147,0.1702593452222695,0.0,0.15789473684210525,1.152046783625731
HMM2 with t(4) shocks (misspecified),91,Jump λ=10 real time,0.6048970509060952,0.1417017252175118,0.0,0.13450292397660818,1.5964912280701755
HMM2 with t(4) shocks (misspecified),91,Jump λ=30 ex post,0.6581336578567971,0.23016342991936434,0.0,0.21637426900584794,0.6345029239766082
HMM2 with t(4) shocks (misspecified),91,Jump λ=30 real time,0.5969761583148042,0.13595514085664806,0.0,0.23976608187134502,0.9678362573099415
HMM2 with t(4) shocks (misspecified),91,Jump λ=100 ex post,0.6384110236460478,0.22171558285400805,0.0,0.4093567251461988,0.2719298245614035
HMM2 with t(4) shocks (misspecified),91,Jump λ=100 real time,0.5497554659712993,0.0740472517350329,0.0,0.3742690058479532,0.5350877192982456
HMM2 with t(4) shocks (misspecified),92,HMM-2 ex post (smoothed),0.84211776402911,0.7202644387292414,1.0,0.07865168539325842,3.149295774647887
HMM2 with t(4) shocks (misspecified),92,HMM-2 real time (filtered),0.7717798133615232,0.5856299552269151,1.0,0.06741573033707865,6.20281690140845
HMM2 with t(4) shocks (misspecified),92,Jump λ=10 ex post,0.686207950592252,0.3136813239594941,0.0,0.2640449438202247,1.0338028169014084
HMM2 with t(4) shocks (misspecified),92,Jump λ=10 real time,0.6641024564816373,0.2706890139505693,1.0,0.25842696629213485,1.4507042253521127
HMM2 with t(4) shocks (misspecified),92,Jump λ=30 ex post,0.707624869021084,0.3632885657168883,0.0,0.3258426966292135,0.5070422535211268
HMM2 with t(4) shocks (misspecified),92,Jump λ=30 real time,0.6541165655851273,0.2610829213621151,3.0,0.3258426966292135,0.8253521126760563
HMM2 with t(4) shocks (misspecified),92,Jump λ=100 ex post,0.7079792675648255,0.36905608384502653,0.0,0.42134831460674155,0.2647887323943662
HMM2 with t(4) shocks (misspecified),92,Jump λ=100 real time,0.6342179943435573,0.2268526259410928,0.0,0.43258426966292135,0.4422535211267606
HMM2 with t(4) shocks (misspecified),93,HMM-2 ex post (smoothed),0.8755906521726194,0.778200599554907,0.0,0.18497109826589594,2.138728323699422
HMM2 with t(4) shocks (misspecified),93,HMM-2 real time (filtered),0.8003843055205928,0.6367576723418646,2.0,0.1329479768786127,5.138728323699422
HMM2 with t(4) shocks (misspecified),93,Jump λ=10 ex post,0.6701095073784953,0.24671040844272685,0.0,0.2254335260115607,1.1473988439306357
HMM2 with t(4) shocks (misspecified),93,Jump λ=10 real time,0.6472672699787515,0.2090256426451489,0.0,0.2138728323699422,1.5867052023121386
HMM2 with t(4) shocks (misspecified),93,Jump λ=30 ex post,0.6920403151800714,0.3143641276672765,0.0,0.3583815028901734,0.5751445086705202
HMM2 with t(4) shocks (misspecified),93,Jump λ=30 real time,0.64415231064527,0.22603681889770477,2.0,0.3352601156069364,0.8988439306358381
HMM2 with t(4) shocks (misspecified),93,Jump λ=100 ex post,0.7133249112146038,0.37186671296880913,0.0,0.45664739884393063,0.2947976878612717
HMM2 with t(4) shocks (misspecified),93,Jump λ=100 real time,0.6083436669435807,0.1741355637038633,0.0,0.4624277456647399,0.4595375722543353
HMM2 with t(4) shocks (misspecified),94,HMM-2 ex post (smoothed),0.8718122077136697,0.7595471359682168,1.0,0.06779661016949153,2.689265536723164
HMM2 with t(4) shocks (misspecified),94,HMM-2 real time (filtered),0.793941248008923,0.6166715219482952,1.0,0.06779661016949153,6.03954802259887
HMM2 with t(4) shocks (misspecified),94,Jump λ=10 ex post,0.6975696108777432,0.3170162881079872,0.0,0.15819209039548024,1.0141242937853108
HMM2 with t(4) shocks (misspecified),94,Jump λ=10 real time,0.6758489616681623,0.27730143544693175,0.0,0.1638418079096045,1.4322033898305084
HMM2 with t(4) shocks (misspecified),94,Jump λ=30 ex post,0.7313857291557557,0.3975224179812967,0.0,0.2598870056497175,0.5084745762711864
HMM2 with t(4) shocks (misspecified),94,Jump λ=30 real time,0.6757046809894655,0.2927758086030281,0.0,0.24858757062146894,0.8559322033898306
HMM2 with t(4) shocks (misspecified),94,Jump λ=100 ex post,0.7342351546041055,0.4109195407961972,0.0,0.3728813559322034,0.2937853107344633
HMM2 with t(4) shocks (misspecified),94,Jump λ=100 real time,0.6248953319130393,0.21094755838999446,0.0,0.3728813559322034,0.5225988700564972
HMM2 with t(4) shocks (misspecified),95,HMM-2 ex post (smoothed),0.8573293967167406,0.7435979617109096,0.0,0.08588957055214724,2.773006134969325
HMM2 with t(4) shocks (misspecified),95,HMM-2 real time (filtered),0.7884116146163963,0.6136853668300872,1.0,0.049079754601226995,5.957055214723926
HMM2 with t(4) shocks (misspecified),95,Jump λ=10 ex post,0.7346077893468361,0.41567596463434586,1.0,0.24539877300613497,0.8773006134969326
HMM2 with t(4) shocks (misspecified),95,Jump λ=10 real time,0.7071780002666304,0.3529298121926784,3.0,0.22699386503067484,1.2024539877300613
HMM2 with t(4) shocks (misspecified),95,Jump λ=30 ex post,0.7403399554019786,0.43745448878200044,0.0,0.36809815950920244,0.44785276073619634
HMM2 with t(4) shocks (misspecified),95,Jump λ=30 real time,0.6840568312804979,0.3207654351181034,4.0,0.3312883435582822,0.7239263803680982
HMM2 with t(4) shocks (misspecified),95,Jump λ=100 ex post,0.7212921336143192,0.41791605473397364,0.0,0.5030674846625767,0.2392638036809816
HMM2 with t(4) shocks (misspecified),95,Jump λ=100 real time,0.630406829949916,0.23421897301030714,0.0,0.4785276073619632,0.36809815950920244
HMM2 with t(4) shocks (misspecified),96,HMM-2 ex post (smoothed),0.8367884102917152,0.7215994270733828,1.0,0.0989010989010989,2.758241758241758
HMM2 with t(4) shocks (misspecified),96,HMM-2 real time (filtered),0.7678014113144893,0.5899373695083109,2.0,0.08241758241758242,5.434065934065934
HMM2 with t(4) shocks (misspecified),96,Jump λ=10 ex post,0.7199869482276409,0.3351661350461771,0.0,0.1978021978021978,0.8708791208791209
HMM2 with t(4) shocks (misspecified),96,Jump λ=10 real time,0.6865646118241586,0.2776753539044141,0.0,0.17582417582417584,1.260989010989011
HMM2 with t(4) shocks (misspecified),96,Jump λ=30 ex post,0.7398949409991837,0.39052669620580593,0.0,0.2692307692307692,0.47527472527472525
HMM2 with t(4) shocks (misspecified),96,Jump λ=30 real time,0.6803948809405493,0.28468018360457137,1.0,0.26373626373626374,0.760989010989011
HMM2 with t(4) shocks (misspecified),96,Jump λ=100 ex post,0.7292804014168482,0.4164729790422579,0.0,0.45604395604395603,0.2445054945054945
HMM2 with t(4) shocks (misspecified),96,Jump λ=100 real time,0.627237704777747,0.2166652652460025,0.0,0.42857142857142855,0.3873626373626374
HMM2 with t(4) shocks (misspecified),97,HMM-2 ex post (smoothed),0.8456936720097907,0.7206771182073028,1.0,0.07453416149068323,3.4828660436137073
HMM2 with t(4) shocks (misspecified),97,HMM-2 real time (filtered),0.7722228759640002,0.5830333104872885,2.0,0.06832298136645963,6.778816199376947
HMM2 with t(4) shocks (misspecified),97,Jump λ=10 ex post,0.7334552362391832,0.4014901770097533,2.0,0.20496894409937888,0.9875389408099688
HMM2 with t(4) shocks (misspecified),97,Jump λ=10 real time,0.7041924452697389,0.34115944167554146,3.0,0.2236024844720497,1.3177570093457944
HMM2 with t(4) shocks (misspecified),97,Jump λ=30 ex post,0.7505177010479022,0.45283126833254117,2.0,0.2732919254658385,0.5794392523364486
HMM2 with t(4) shocks (misspecified),97,Jump λ=30 real time,0.6865947472472544,0.3228402408730483,4.0,0.2919254658385093,0.7912772585669782
HMM2 with t(4) shocks (misspecified),97,Jump λ=100 ex post,0.7162924532876673,0.4050184449426656,0.0,0.4658385093167702,0.26791277258566976
HMM2 with t(4) shocks (misspecified),97,Jump λ=100 real time,0.6309704021080667,0.23127518292768134,0.0,0.39751552795031053,0.5109034267912772
HMM2 with t(4) shocks (misspecified),98,HMM-2 ex post (smoothed),0.8493907850376448,0.7200058729651904,0.0,0.08648648648648649,2.940379403794038
HMM2 with t(4) shocks (misspecified),98,HMM-2 real time (filtered),0.7724736988741322,0.5769655785095573,1.0,0.07027027027027027,5.7317073170731705
HMM2 with t(4) shocks (misspecified),98,Jump λ=10 ex post,0.6615387829007005,0.23428100936603935,0.0,0.24864864864864866,1.051490514905149
HMM2 with t(4) shocks (misspecified),98,Jump λ=10 real time,0.634966176869876,0.19073672806610176,1.0,0.24864864864864866,1.4363143631436315
HMM2 with t(4) shocks (misspecified),98,Jump λ=30 ex post,0.6709243007621446,0.2623837895607096,0.0,0.34594594594594597,0.6016260162601627
HMM2 with t(4) shocks (misspecified),98,Jump λ=30 real time,0.626825743993958,0.18877587648544336,0.0,0.33513513513513515,0.8997289972899729
HMM2 with t(4) shocks (misspecified),98,Jump λ=100 ex post,0.6739469690543114,0.34478339752408116,0.0,0.5945945945945946,0.23577235772357724
HMM2 with t(4) shocks (misspecified),98,Jump λ=100 real time,0.5938476956210516,0.17321331988514543,2.0,0.5837837837837838,0.43089430894308944
HMM2 with t(4) shocks (misspecified),99,HMM-2 ex post (smoothed),0.8687623477343591,0.7563708017539604,0.0,0.13829787234042554,2.5319148936170213
HMM2 with t(4) shocks (misspecified),99,HMM-2 real time (filtered),0.7931643553885694,0.6168268909994895,1.0,0.11702127659574468,5.398936170212766
HMM2 with t(4) shocks (misspecified),99,Jump λ=10 ex post,0.7001196233031237,0.30515067533246376,0.0,0.2127659574468085,0.9787234042553191
HMM2 with t(4) shocks (misspecified),99,Jump λ=10 real time,0.6760808792599325,0.26284677889275876,0.0,0.19148936170212766,1.372340425531915
HMM2 with t(4) shocks (misspecified),99,Jump λ=30 ex post,0.7142747927987612,0.3254021522385733,0.0,0.2553191489361702,0.5797872340425532
HMM2 with t(4) shocks (misspecified),99,Jump λ=30 real time,0.6700662837651197,0.2537946736305291,0.0,0.26595744680851063,0.8936170212765957
HMM2 with t(4) shocks (misspecified),99,Jump λ=100 ex post,0.6864186861456654,0.2592916557439242,0.0,0.2765957446808511,0.2393617021276596
HMM2 with t(4) shocks (misspecified),99,Jump λ=100 real time,0.6083222440124353,0.1462397830507579,0.0,0.2765957446808511,0.43617021276595747
HMM3 (three regimes),0,"HMM-3 ex post, 3-class",0.911513377057727,0.8551506636531303,,,0.7764932562620424
HMM3 (three regimes),0,HMM-2 ex post (smoothed),0.8788299425878243,0.2817683413752733,0.0,0.0,5.2272727272727275
HMM3 (three regimes),0,HMM-2 real time (filtered),0.8774992721118764,0.30030191371860226,0.0,0.0,14.209090909090909
HMM3 (three regimes),0,Jump λ=10 ex post,0.7733492862147088,0.2038857023932461,0.0,0.09090909090909091,2.581818181818182
HMM3 (three regimes),0,Jump λ=10 real time,0.7516381273864874,0.17586163226072415,1.0,0.05454545454545454,3.5636363636363635
HMM3 (three regimes),0,Jump λ=30 ex post,0.7926819189557232,0.23883042766475326,0.0,0.14545454545454545,1.4
HMM3 (three regimes),0,Jump λ=30 real time,0.7117688136333445,0.16228227156889974,3.0,0.14545454545454545,2.036363636363636
HMM3 (three regimes),0,Jump λ=100 ex post,0.7508251294276069,0.41128650252135945,0.0,0.45454545454545453,0.509090909090909
HMM3 (three regimes),0,Jump λ=100 real time,0.6469710376348489,0.1995274754911044,10.0,0.5272727272727272,0.8181818181818182
HMM3 (three regimes),0,Change-point (PELT) ex post,0.9274778903982458,0.7482332448573324,0.0,0.2545454545454545,0.6181818181818182
HMM3 (three regimes),1,"HMM-3 ex post, 3-class",0.9020586763285064,0.8502122960261416,,,0.75
HMM3 (three regimes),1,HMM-2 ex post (smoothed),0.9170224763859303,0.47451515457863724,0.0,0.03389830508474576,4.906779661016949
HMM3 (three regimes),1,HMM-2 real time (filtered),0.9018164038006233,0.48575796676001215,0.0,0.03389830508474576,11.483050847457626
HMM3 (three regimes),1,Jump λ=10 ex post,0.6927861223665596,0.11558297354487712,0.0,0.1016949152542373,3.1016949152542375
HMM3 (three regimes),1,Jump λ=10 real time,0.6735603828762402,0.10108104240357696,0.0,0.1016949152542373,4.423728813559322
HMM3 (three regimes),1,Jump λ=30 ex post,0.715101304836572,0.15163383601339053,0.0,0.15254237288135594,1.5932203389830508
HMM3 (three regimes),1,Jump λ=30 real time,0.6940573966349617,0.1299811061276409,0.0,0.13559322033898305,2.5254237288135593
HMM3 (three regimes),1,Jump λ=100 ex post,0.7318684533362798,0.15345630427734058,0.0,0.13559322033898305,0.7288135593220338
HMM3 (three regimes),1,Jump λ=100 real time,0.6702002788310275,0.10726401688084797,0.0,0.15254237288135594,1.1694915254237288
HMM3 (three regimes),1,Change-point (PELT) ex post,0.91290178284564,0.7573554737673814,0.0,0.3728813559322034,0.4830508474576271
HMM3 (three regimes),2,"HMM-3 ex post, 3-class",0.8993695603471042,0.8526691268643215,,,0.7965779467680608
HMM3 (three regimes),2,HMM-2 ex post (smoothed),0.8446291905552374,0.21180991295472507,0.0,0.016129032258064516,4.233870967741935
HMM3 (three regimes),2,HMM-2 real time (filtered),0.8494023065474963,0.23522550213341364,0.0,0.016129032258064516,12.92741935483871
HMM3 (three regimes),2,Jump λ=10 ex post,0.7007500600134976,0.12091793914116755,0.0,0.1935483870967742,2.629032258064516
HMM3 (three regimes),2,Jump λ=10 real time,0.6852828711156973,0.10639229622484137,0.0,0.16129032258064516,3.6451612903225805
HMM3 (three regimes),2,Jump λ=30 ex post,0.7342096778393481,0.1389511390909779,0.0,0.20967741935483872,1.4274193548387097
HMM3 (three regimes),2,Jump λ=30 real time,0.6890758041321374,0.10547559032881171,0.0,0.20967741935483872,2.153225806451613
HMM3 (three regimes),2,Jump λ=100 ex post,0.7511413810046672,0.3038895223738457,0.0,0.45161290322580644,0.4596774193548387
HMM3 (three regimes),2,Jump λ=100 real time,0.6529559502676905,0.1594920018631376,0.5,0.45161290322580644,0.782258064516129
HMM3 (three regimes),2,Change-point (PELT) ex post,0.9245635707998586,0.6299351408371717,0.0,0.25806451612903225,0.532258064516129
HMM3 (three regimes),3,"HMM-3 ex post, 3-class",0.9227176898582624,0.860452896016918,,,0.7880658436213992
HMM3 (three regimes),3,HMM-2 ex post (smoothed),0.8592236169812211,0.2370240678423312,0.0,0.0,5.290322580645161
HMM3 (three regimes),3,HMM-2 real time (filtered),0.8700814468821318,0.265920586988033,0.0,0.0,15.935483870967742
HMM3 (three regimes),3,Jump λ=10 ex post,0.7035473048767183,0.1045703092505833,0.0,0.1276595744680851,3.903225806451613
HMM3 (three regimes),3,Jump λ=10 real time,0.6887920760342297,0.09502752760155264,0.0,0.1276595744680851,5.709677419354839
HMM3 (three regimes),3,Jump λ=30 ex post,0.7129326412363872,0.11118688584251613,0.0,0.1702127659574468,2.2795698924731185
HMM3 (three regimes),3,Jump λ=30 real time,0.6918338371647368,0.0973182269518319,0.0,0.1702127659574468,3.6129032258064515
HMM3 (three regimes),3,Jump λ=100 ex post,0.8205747786651401,0.2936899965909937,0.0,0.3191489361702128,0.8279569892473119
HMM3 (three regimes),3,Jump λ=100 real time,0.7445065447633816,0.19697394228075094,1.0,0.3191489361702128,1.4623655913978495
HMM3 (three regimes),3,Change-point (PELT) ex post,0.936572712405817,0.698423883098843,0.0,0.2127659574468085,0.5591397849462365
HMM3 (three regimes),4,"HMM-3 ex post, 3-class",0.9234429772808374,0.8539558430650392,,,0.7344961240310077
HMM3 (three regimes),4,HMM-2 ex post (smoothed),0.8538192281864017,0.20775315114139814,0.0,0.0,6.1477272727272725
HMM3 (three regimes),4,HMM-2 real time (filtered),0.8631213443933737,0.22965766383321218,0.0,0.0,17.579545454545453
HMM3 (three regimes),4,Jump λ=10 ex post,0.6946796462086076,0.08568279931332634,0.0,0.09090909090909091,4.090909090909091
HMM3 (three regimes),4,Jump λ=10 real time,0.6733227267824399,0.07413108667182566,0.0,0.11363636363636363,6.068181818181818
HMM3 (three regimes),4,Jump λ=30 ex post,0.7324717902860463,0.11386180164182247,0.0,0.09090909090909091,2.1704545454545454
HMM3 (three regimes),4,Jump λ=30 real time,0.6942849450767394,0.08987281439988226,0.0,0.13636363636363635,3.340909090909091
HMM3 (three regimes),4,Jump λ=100 ex post,0.7636168628501641,0.1629205328631177,0.0,0.25,0.8977272727272727
HMM3 (three regimes),4,Jump λ=100 real time,0.6906225969986186,0.10467671810529544,0.0,0.2727272727272727,1.6818181818181819
HMM3 (three regimes),4,Change-point (PELT) ex post,0.952183969436432,0.7585030787638253,0.0,0.29545454545454547,0.6590909090909091
HMM3 (three regimes),5,"HMM-3 ex post, 3-class",0.9093798817903377,0.8645702691157781,,,0.7892644135188867
HMM3 (three regimes),5,HMM-2 ex post (smoothed),0.8036694565552324,0.08762428749906381,0.0,0.0,5.680555555555555
HMM3 (three regimes),5,HMM-2 real time (filtered),0.8033189371728706,0.09135783357630622,0.0,0.0,18.34722222222222
HMM3 (three regimes),5,Jump λ=10 ex post,0.7661324561265876,0.08549159557539909,0.0,0.05555555555555555,4.847222222222222
HMM3 (three regimes),5,Jump λ=10 real time,0.7374559692229963,0.07205399855130012,0.0,0.05555555555555555,6.958333333333333
HMM3 (three regimes),5,Jump λ=30 ex post,0.7788598237199915,0.09051327434215006,0.0,0.08333333333333333,2.9583333333333335
HMM3 (three regimes),5,Jump λ=30 real time,0.7249591246401618,0.06939413678990647,0.0,0.08333333333333333,4.263888888888889
HMM3 (three regimes),5,Jump λ=100 ex post,0.8308021912962198,0.17986175201509647,0.0,0.1388888888888889,1.2638888888888888
HMM3 (three regimes),5,Jump λ=100 real time,0.6868635956446284,0.08888920048575255,5.0,0.2777777777777778,2.013888888888889
HMM3 (three regimes),5,Change-point (PELT) ex post,0.8757241908693392,0.192260888588749,0.0,0.1111111111111111,0.875
HMM3 (three regimes),6,"HMM-3 ex post, 3-class",0.8965778458124531,0.8445810494961434,,,0.7874762808349146
HMM3 (three regimes),6,HMM-2 ex post (smoothed),0.8722004189216348,0.289738746804998,0.0,0.01694915254237288,4.88135593220339
HMM3 (three regimes),6,HMM-2 real time (filtered),0.87170373198865,0.3124024247059769,0.0,0.01694915254237288,13.813559322033898
HMM3 (three regimes),6,Jump λ=10 ex post,0.6918137565763223,0.11242124545866039,0.0,0.11864406779661017,2.7203389830508473
HMM3 (three regimes),6,Jump λ=10 real time,0.6718385488712717,0.09869285971791797,0.0,0.13559322033898305,4.194915254237288
HMM3 (three regimes),6,Jump λ=30 ex post,0.7258496220809401,0.16981963119654087,0.0,0.1694915254237288,1.4491525423728813
HMM3 (three regimes),6,Jump λ=30 real time,0.6923828851489177,0.13258088565558646,0.0,0.2711864406779661,2.2457627118644066
HMM3 (three regimes),6,Jump λ=100 ex post,0.7291381950647431,0.1441517179516445,0.0,0.1694915254237288,0.788135593220339
HMM3 (three regimes),6,Jump λ=100 real time,0.6258575728868674,0.07420879785452372,0.0,0.288135593220339,1.347457627118644
HMM3 (three regimes),6,Change-point (PELT) ex post,0.9289230030774909,0.6175250563917047,0.0,0.2033898305084746,0.6101694915254238
HMM3 (three regimes),7,"HMM-3 ex post, 3-class",0.9121298399240244,0.8535840994422106,,,0.7973484848484849
HMM3 (three regimes),7,HMM-2 ex post (smoothed),0.8499815959506973,0.22292809559447835,0.0,0.0,4.316666666666666
HMM3 (three regimes),7,HMM-2 real time (filtered),0.8513736430934107,0.23785636881175354,0.0,0.016666666666666666,12.766666666666667
HMM3 (three regimes),7,Jump λ=10 ex post,0.7087370177472303,0.116190837057356,0.0,0.06666666666666667,2.8916666666666666
HMM3 (three regimes),7,Jump λ=10 real time,0.6964097044477753,0.10659728250401712,0.0,0.13333333333333333,4.108333333333333
HMM3 (three regimes),7,Jump λ=30 ex post,0.736791976207996,0.14151496740905123,0.0,0.11666666666666667,1.6583333333333334
HMM3 (three regimes),7,Jump λ=30 real time,0.701754587999966,0.11521810626689999,0.0,0.16666666666666666,2.525
HMM3 (three regimes),7,Jump λ=100 ex post,0.7585005423532312,0.16825553214259137,0.0,0.15,0.7833333333333333
HMM3 (three regimes),7,Jump λ=100 real time,0.6771540937745089,0.10904386912741515,0.0,0.2833333333333333,1.2833333333333334
HMM3 (three regimes),7,Change-point (PELT) ex post,0.9202445069048344,0.5137187392489093,0.0,0.15,0.5166666666666667
HMM3 (three regimes),8,"HMM-3 ex post, 3-class",0.9125059892503081,0.8504839344716273,,,0.7690972222222222
HMM3 (three regimes),8,HMM-2 ex post (smoothed),0.8656270908194506,0.24621683577866227,0.0,0.0,4.413793103448276
HMM3 (three regimes),8,HMM-2 real time (filtered),0.8754382079557789,0.27230321438745353,0.0,0.017241379310344827,13.431034482758621
HMM3 (three regimes),8,Jump λ=10 ex post,0.7309583734276703,0.12369535150483413,0.0,0.1896551724137931,3.0517241379310347
HMM3 (three regimes),8,Jump λ=10 real time,0.7159049450087644,0.11121514038108116,0.0,0.15517241379310345,4.293103448275862
HMM3 (three regimes),8,Jump λ=30 ex post,0.7503121289210475,0.13635593260904477,0.0,0.20689655172413793,1.8103448275862069
HMM3 (three regimes),8,Jump λ=30 real time,0.7127832586403327,0.11154540150335157,0.0,0.1724137931034483,2.6379310344827585
HMM3 (three regimes),8,Jump λ=100 ex post,0.7627434212149569,0.1943768544402923,0.0,0.3620689655172414,0.7241379310344828
HMM3 (three regimes),8,Jump λ=100 real time,0.6792985485514929,0.1180106372008215,3.5,0.3448275862068966,1.3793103448275863
HMM3 (three regimes),8,Change-point (PELT) ex post,0.9236693681847383,0.6414406068640504,0.0,0.25862068965517243,0.5862068965517241
HMM3 (three regimes),9,"HMM-3 ex post, 3-class",0.906462616683343,0.8386344425737967,,,0.7409420289855072
HMM3 (three regimes),9,HMM-2 ex post (smoothed),0.8602411039085012,0.22603757351710818,0.0,0.0,4.796296296296297
HMM3 (three regimes),9,HMM-2 real time (filtered),0.8570944325707273,0.237830713767068,0.0,0.0,14.018518518518519
HMM3 (three regimes),9,Jump λ=10 ex post,0.7275865993687085,0.1248458048071931,0.0,0.1111111111111111,2.8333333333333335
HMM3 (three regimes),9,Jump λ=10 real time,0.6979205069335629,0.10409235914177628,1.0,0.1111111111111111,4.018518518518518
HMM3 (three regimes),9,Jump λ=30 ex post,0.7348253868135861,0.13182771708438223,0.0,0.1111111111111111,1.7407407407407407
HMM3 (three regimes),9,Jump λ=30 real time,0.6776966490778893,0.09522293499942291,0.0,0.1111111111111111,2.4814814814814814
HMM3 (three regimes),9,Jump λ=100 ex post,0.7217252342710199,0.10254761959296876,0.0,0.09259259259259259,0.7870370370370371
HMM3 (three regimes),9,Jump λ=100 real time,0.6057871258907632,0.04698813952364167,0.0,0.2777777777777778,1.3148148148148149
HMM3 (three regimes),9,Change-point (PELT) ex post,0.9063692860378908,0.5889466093570026,0.0,0.3333333333333333,0.4537037037037037
HMM3 (three regimes),10,"HMM-3 ex post, 3-class",0.9208160980912933,0.8665476513508403,,,0.7679856115107914
HMM3 (three regimes),10,HMM-2 ex post (smoothed),0.9459137543940646,0.6757521687602834,0.0,0.0967741935483871,3.5121951219512195
HMM3 (three regimes),10,HMM-2 real time (filtered),0.9138813333940187,0.6380315907308378,1.0,0.08064516129032258,8.227642276422765
HMM3 (three regimes),10,Jump λ=10 ex post,0.7872163281824591,0.2716305556410593,0.0,0.14516129032258066,2.073170731707317
HMM3 (three regimes),10,Jump λ=10 real time,0.7692785888510849,0.2419963367260055,0.0,0.11290322580645161,3.016260162601626
HMM3 (three regimes),10,Jump λ=30 ex post,0.820299310724139,0.33245086951098546,0.0,0.11290322580645161,1.113821138211382
HMM3 (three regimes),10,Jump λ=30 real time,0.7782610826490981,0.2746326903850952,0.0,0.20967741935483872,1.6991869918699187
HMM3 (three regimes),10,Jump λ=100 ex post,0.829987233906132,0.48238203005744174,0.0,0.3225806451612903,0.4959349593495935
HMM3 (three regimes),10,Jump λ=100 real time,0.7375048760299797,0.3028003164114872,7.0,0.3709677419354839,0.6585365853658537
HMM3 (three regimes),10,Change-point (PELT) ex post,0.9253440018244686,0.7285834558265545,0.0,0.3548387096774194,0.5121951219512195
HMM3 (three regimes),11,"HMM-3 ex post, 3-class",0.898164950627498,0.8289452186578399,,,0.8474870017331022
HMM3 (three regimes),11,HMM-2 ex post (smoothed),0.8914338997273921,0.29736407248041274,0.0,0.03508771929824561,5.342105263157895
HMM3 (three regimes),11,HMM-2 real time (filtered),0.8845690304738181,0.316531195567219,0.0,0.03508771929824561,13.640350877192983
HMM3 (three regimes),11,Jump λ=10 ex post,0.7217742532031218,0.11392385393623217,0.0,0.10526315789473684,3.0964912280701755
HMM3 (three regimes),11,Jump λ=10 real time,0.7065507658783163,0.1032380103034749,0.0,0.12280701754385964,4.06140350877193
HMM3 (three regimes),11,Jump λ=30 ex post,0.7217568914203255,0.11502157914752864,0.0,0.14035087719298245,1.9736842105263157
HMM3 (three regimes),11,Jump λ=30 real time,0.692675015540448,0.09711774740931212,0.0,0.15789473684210525,2.763157894736842
HMM3 (three regimes),11,Jump λ=100 ex post,0.7700789018039427,0.1846938124696127,0.0,0.24561403508771928,0.8596491228070176
HMM3 (three regimes),11,Jump λ=100 real time,0.6978668240937212,0.1236434809043162,0.0,0.2982456140350877,1.3771929824561404
HMM3 (three regimes),11,Change-point (PELT) ex post,0.9076430940089952,0.6154757973100637,0.0,0.3684210526315789,0.45614035087719296
HMM3 (three regimes),12,"HMM-3 ex post, 3-class",0.918618973261403,0.8658626524034638,,,0.8323809523809523
HMM3 (three regimes),12,HMM-2 ex post (smoothed),0.8332321697647722,0.14974471996248617,0.0,0.0,5.271739130434782
HMM3 (three regimes),12,HMM-2 real time (filtered),0.8277871352707917,0.1524319866607351,0.0,0.0,15.293478260869565
HMM3 (three regimes),12,Jump λ=10 ex post,0.7117568976610917,0.08594114569056543,0.0,0.15217391304347827,3.7934782608695654
HMM3 (three regimes),12,Jump λ=10 real time,0.702433893473545,0.07942658944794012,0.0,0.043478260869565216,5.4021739130434785
HMM3 (three regimes),12,Jump λ=30 ex post,0.7351304523133361,0.10759060923402641,0.0,0.17391304347826086,2.25
HMM3 (three regimes),12,Jump λ=30 real time,0.7103584717070008,0.08914507046653997,0.0,0.10869565217391304,3.2717391304347827
HMM3 (three regimes),12,Jump λ=100 ex post,0.7797508895649796,0.15406257337129825,0.0,0.2608695652173913,1.076086956521739
HMM3 (three regimes),12,Jump λ=100 real time,0.6760242803092138,0.08657430007852474,0.0,0.34782608695652173,1.7934782608695652
HMM3 (three regimes),12,Change-point (PELT) ex post,0.9224153070118559,0.6873213093710572,0.0,0.32608695652173914,0.5217391304347826
HMM3 (three regimes),13,"HMM-3 ex post, 3-class",0.9191015934572206,0.870383830395348,,,0.7484787018255578
HMM3 (three regimes),13,HMM-2 ex post (smoothed),0.8556062151298818,0.23535004227319223,0.0,0.017857142857142856,4.616071428571429
HMM3 (three regimes),13,HMM-2 real time (filtered),0.8548016218905824,0.2530310173634821,0.0,0.05357142857142857,14.8125
HMM3 (three regimes),13,Jump λ=10 ex post,0.8091596588242351,0.22226107605574486,0.0,0.10714285714285714,2.2857142857142856
HMM3 (three regimes),13,Jump λ=10 real time,0.7898685948673068,0.19889776922567803,0.0,0.125,3.0357142857142856
HMM3 (three regimes),13,Jump λ=30 ex post,0.8352936471246967,0.24276873009944888,0.0,0.125,1.25
HMM3 (three regimes),13,Jump λ=30 real time,0.7835454801033738,0.19119865917569134,0.0,0.16071428571428573,2.0
HMM3 (three regimes),13,Jump λ=100 ex post,0.8413339779489695,0.40822816642035287,0.0,0.4107142857142857,0.4642857142857143
HMM3 (three regimes),13,Jump λ=100 real time,0.7605758723190519,0.2840645555506398,6.0,0.39285714285714285,0.7678571428571429
HMM3 (three regimes),13,Change-point (PELT) ex post,0.9039148636837901,0.6726466719361704,0.0,0.39285714285714285,0.4107142857142857
HMM3 (three regimes),14,"HMM-3 ex post, 3-class",0.9195596507154975,0.8590170555968801,,,0.8433734939759037
HMM3 (three regimes),14,HMM-2 ex post (smoothed),0.8678267537350352,0.2558414077471093,0.0,0.017857142857142856,5.276785714285714
HMM3 (three regimes),14,HMM-2 real time (filtered),0.8735495046749777,0.28046390400401144,0.0,0.017857142857142856,14.794642857142858
HMM3 (three regimes),14,Jump λ=10 ex post,0.674579653952706,0.08589863430211908,0.0,0.14285714285714285,3.5625
HMM3 (three regimes),14,Jump λ=10 real time,0.6619140045265657,0.07831285324530024,0.0,0.16071428571428573,4.901785714285714
HMM3 (three regimes),14,Jump λ=30 ex post,0.7246211629316315,0.12488506563426482,0.0,0.16071428571428573,1.7053571428571428
HMM3 (three regimes),14,Jump λ=30 real time,0.6848498410754922,0.0986833763823991,0.0,0.16071428571428573,2.6875
HMM3 (three regimes),14,Jump λ=100 ex post,0.7420081688433758,0.14683840845522078,0.0,0.16071428571428573,0.9553571428571429
HMM3 (three regimes),14,Jump λ=100 real time,0.653284852082715,0.08694149137600993,0.0,0.30357142857142855,1.4375
HMM3 (three regimes),14,Change-point (PELT) ex post,0.9239519949045216,0.6585201861023563,0.0,0.35714285714285715,0.42857142857142855
HMM3 (three regimes),15,"HMM-3 ex post, 3-class",0.905279891897777,0.8430281565379631,,,0.6631205673758865
HMM3 (three regimes),15,HMM-2 ex post (smoothed),0.820976290097629,0.18406782372230668,0.0,0.01639344262295082,4.172131147540983
HMM3 (three regimes),15,HMM-2 real time (filtered),0.8266387726638773,0.19783747254603823,0.0,0.0,12.827868852459016
HMM3 (three regimes),15,Jump λ=10 ex post,0.6790516039051604,0.09694763709957555,0.0,0.14754098360655737,3.0081967213114753
HMM3 (three regimes),15,Jump λ=10 real time,0.6611994421199443,0.08442535536369078,0.0,0.18032786885245902,4.5
HMM3 (three regimes),15,Jump λ=30 ex post,0.6947838214783821,0.1113520753934717,0.0,0.19672131147540983,1.6311475409836065
HMM3 (three regimes),15,Jump λ=30 real time,0.657629009762901,0.08506058553473317,0.0,0.26229508196721313,2.69672131147541
HMM3 (three regimes),15,Jump λ=100 ex post,0.7208368200836821,0.1474054627716025,0.0,0.29508196721311475,0.8278688524590164
HMM3 (three regimes),15,Jump λ=100 real time,0.634839609483961,0.08018977472545696,0.0,0.3770491803278688,1.3032786885245902
HMM3 (three regimes),15,Change-point (PELT) ex post,0.9063877266387727,0.7077483604566432,0.0,0.4426229508196721,0.4426229508196721
HMM3 (three regimes),16,"HMM-3 ex post, 3-class",0.9120538202631975,0.8591458781608929,,,0.7601626016260162
HMM3 (three regimes),16,HMM-2 ex post (smoothed),0.851534932284937,0.20983231712857708,0.0,0.02,4.64
HMM3 (three regimes),16,HMM-2 real time (filtered),0.854485205336776,0.2264637371521353,0.0,0.02,14.52
HMM3 (three regimes),16,Jump λ=10 ex post,0.7720894115669257,0.16778758000274108,0.0,0.14,2.62
HMM3 (three regimes),16,Jump λ=10 real time,0.7475658951751868,0.14644584137782612,0.0,0.12,3.24
HMM3 (three regimes),16,Jump λ=30 ex post,0.7988881828893595,0.19987943816061882,0.0,0.18,1.56
HMM3 (three regimes),16,Jump λ=30 real time,0.7424778013070648,0.1499748344607542,0.0,0.22,2.38
HMM3 (three regimes),16,Jump λ=100 ex post,0.8325078994817666,0.2932531275216189,0.0,0.26,0.74
HMM3 (three regimes),16,Jump λ=100 real time,0.7263911174860087,0.175757309492789,0.0,0.3,1.1
HMM3 (three regimes),16,Change-point (PELT) ex post,0.9398676776883954,0.6299731583324396,0.0,0.24,0.57
HMM3 (three regimes),17,"HMM-3 ex post, 3-class",0.9178268976568861,0.8647632363111334,,,0.8639846743295019
HMM3 (three regimes),17,HMM-2 ex post (smoothed),0.8657480790814125,0.2800909734021805,0.0,0.04081632653061224,5.887755102040816
HMM3 (three regimes),17,HMM-2 real time (filtered),0.8646356729690063,0.29669760738896345,0.0,0.02040816326530612,14.908163265306122
HMM3 (three regimes),17,Jump λ=10 ex post,0.7005965639298972,0.10879144393039075,0.0,0.02040816326530612,3.4081632653061225
HMM3 (three regimes),17,Jump λ=10 real time,0.688943278943279,0.10071852721479946,0.0,0.04081632653061224,4.877551020408164
HMM3 (three regimes),17,Jump λ=30 ex post,0.7228291461624795,0.12908654699750977,0.0,0.10204081632653061,1.9081632653061225
HMM3 (three regimes),17,Jump λ=30 real time,0.6961547094880428,0.11099722905080334,0.0,0.10204081632653061,2.9081632653061225
HMM3 (three regimes),17,Jump λ=100 ex post,0.7813964430631097,0.43201472294734633,0.0,0.40816326530612246,0.5
HMM3 (three regimes),17,Jump λ=100 real time,0.7342480359147026,0.3094837384719006,6.0,0.3673469387755102,0.9897959183673469
HMM3 (three regimes),17,Change-point (PELT) ex post,0.9387783821117155,0.6885234131042939,0.0,0.2857142857142857,0.6122448979591837
HMM3 (three regimes),18,"HMM-3 ex post, 3-class",0.9097918274930278,0.8501744874061301,,,0.8566176470588235
HMM3 (three regimes),18,HMM-2 ex post (smoothed),0.8724710595726921,0.2641424792016408,0.0,0.017543859649122806,5.140350877192983
HMM3 (three regimes),18,HMM-2 real time (filtered),0.8777394412683943,0.2939954265938849,0.0,0.03508771929824561,14.263157894736842
HMM3 (three regimes),18,Jump λ=10 ex post,0.7121730273547262,0.11209622430527832,0.0,0.05263157894736842,3.06140350877193
HMM3 (three regimes),18,Jump λ=10 real time,0.6973616434930299,0.10229316030462021,0.0,0.08771929824561403,4.394736842105263
HMM3 (three regimes),18,Jump λ=30 ex post,0.7193990953704981,0.11488577741009587,0.0,0.10526315789473684,1.6754385964912282
HMM3 (three regimes),18,Jump λ=30 real time,0.6800129742563258,0.09167173135672446,0.0,0.10526315789473684,2.5350877192982457
HMM3 (three regimes),18,Jump λ=100 ex post,0.7565010178234206,0.1664255419999079,0.0,0.17543859649122806,0.8245614035087719
HMM3 (three regimes),18,Jump λ=100 real time,0.6597321369672683,0.09227088054626587,0.0,0.2982456140350877,1.4824561403508771
HMM3 (three regimes),18,Change-point (PELT) ex post,0.9098884668932197,0.7396525803373314,0.0,0.3333333333333333,0.5614035087719298
HMM3 (three regimes),19,"HMM-3 ex post, 3-class",0.9202770404289687,0.8616118746413215,,,0.769090909090909
HMM3 (three regimes),19,HMM-2 ex post (smoothed),0.8775642296700251,0.275089057440807,0.0,0.019230769230769232,5.6923076923076925
HMM3 (three regimes),19,HMM-2 real time (filtered),0.873320968854109,0.2917195505726803,0.0,0.038461538461538464,15.557692307692308
HMM3 (three regimes),19,Jump λ=10 ex post,0.7167611075700551,0.11121243553502669,0.0,0.11538461538461539,3.2403846153846154
HMM3 (three regimes),19,Jump λ=10 real time,0.7009687299702918,0.0996375530459741,0.0,0.1346153846153846,4.663461538461538
HMM3 (three regimes),19,Jump λ=30 ex post,0.7479344485647079,0.1393311647448635,0.0,0.11538461538461539,1.9423076923076923
HMM3 (three regimes),19,Jump λ=30 real time,0.699595745427158,0.10770042290906123,0.0,0.17307692307692307,2.6826923076923075
HMM3 (three regimes),19,Jump λ=100 ex post,0.7878616185551102,0.19457231873317504,0.0,0.15384615384615385,1.0384615384615385
HMM3 (three regimes),19,Jump λ=100 real time,0.654562622265272,0.09605879449058152,5.0,0.3269230769230769,1.5288461538461537
HMM3 (three regimes),19,Change-point (PELT) ex post,0.9460910261566667,0.67146493387792,0.0,0.2692307692307692,0.5480769230769231
HMM3 (three regimes),20,"HMM-3 ex post, 3-class",0.9172651815317246,0.8537249780132877,,,0.7465034965034965
HMM3 (three regimes),20,HMM-2 ex post (smoothed),0.9037484545912993,0.363446904572285,0.0,0.05660377358490566,5.556603773584905
HMM3 (three regimes),20,HMM-2 real time (filtered),0.9001687340037869,0.3865444629843131,0.0,0.03773584905660377,13.933962264150944
HMM3 (three regimes),20,Jump λ=10 ex post,0.6981062639954632,0.11106715956492075,0.0,0.11320754716981132,3.490566037735849
HMM3 (three regimes),20,Jump λ=10 real time,0.692066437509794,0.1058067857485755,0.0,0.1320754716981132,4.943396226415095
HMM3 (three regimes),20,Jump λ=30 ex post,0.7034386146016312,0.1159904192749388,0.0,0.20754716981132076,1.9433962264150944
HMM3 (three regimes),20,Jump λ=30 real time,0.6934855495758969,0.10731369605380914,0.0,0.1509433962264151,2.9622641509433962
HMM3 (three regimes),20,Jump λ=100 ex post,0.7877890200011908,0.3352217096579714,0.0,0.37735849056603776,0.7264150943396226
HMM3 (three regimes),20,Jump λ=100 real time,0.7082533872169152,0.20994482687646054,4.5,0.4339622641509434,1.2169811320754718
HMM3 (three regimes),20,Change-point (PELT) ex post,0.9243984072912916,0.7403701010599205,0.0,0.39622641509433965,0.49056603773584906
HMM3 (three regimes),21,"HMM-3 ex post, 3-class",0.9275359266719941,0.8658867399826465,,,0.733739837398374
HMM3 (three regimes),21,HMM-2 ex post (smoothed),0.8476091837010422,0.224893317226584,0.0,0.021739130434782608,6.021739130434782
HMM3 (three regimes),21,HMM-2 real time (filtered),0.8487340142259989,0.2421370386220788,0.0,0.021739130434782608,17.869565217391305
HMM3 (three regimes),21,Jump λ=10 ex post,0.6322497982643451,0.06473875782851701,0.0,0.1956521739130435,3.7934782608695654
HMM3 (three regimes),21,Jump λ=10 real time,0.619479607008501,0.05746765029514689,0.0,0.1956521739130435,5.684782608695652
HMM3 (three regimes),21,Jump λ=30 ex post,0.6493671581425362,0.07160009933537903,0.0,0.21739130434782608,2.119565217391304
HMM3 (three regimes),21,Jump λ=30 real time,0.6090171939049256,0.050867594947197614,0.0,0.21739130434782608,3.141304347826087
HMM3 (three regimes),21,Jump λ=100 ex post,0.6908272948446383,0.10745264246222896,0.0,0.2391304347826087,0.8478260869565217
HMM3 (three regimes),21,Jump λ=100 real time,0.5889140854548066,0.045796372496085036,0.0,0.2608695652173913,1.6195652173913044
HMM3 (three regimes),21,Change-point (PELT) ex post,0.9499663965134608,0.8141031235304833,0.0,0.30434782608695654,0.5652173913043478
HMM3 (three regimes),22,"HMM-3 ex post, 3-class",0.9185672461556412,0.8685990841668372,,,0.8011583011583011
HMM3 (three regimes),22,HMM-2 ex post (smoothed),0.8606605451380309,0.2735349414154954,0.0,0.0,4.838709677419355
HMM3 (three regimes),22,HMM-2 real time (filtered),0.8615960621887097,0.2990295156042674,0.0,0.0,13.403225806451612
HMM3 (three regimes),22,Jump λ=10 ex post,0.7414684024480234,0.16723825412855642,0.0,0.0967741935483871,2.3870967741935485
HMM3 (three regimes),22,Jump λ=10 real time,0.7135326330952403,0.1410109296536457,0.0,0.11290322580645161,3.2419354838709675
HMM3 (three regimes),22,Jump λ=30 ex post,0.7510291695589846,0.18122771359989953,0.0,0.11290322580645161,1.4516129032258065
HMM3 (three regimes),22,Jump λ=30 real time,0.6885387852428595,0.12630572616926772,3.5,0.16129032258064516,2.129032258064516
HMM3 (three regimes),22,Jump λ=100 ex post,0.7501262245545851,0.20617015387475546,0.0,0.3225806451612903,0.6129032258064516
HMM3 (three regimes),22,Jump λ=100 real time,0.657743312030669,0.11650946780140936,0.0,0.3709677419354839,1.1935483870967742
HMM3 (three regimes),22,Change-point (PELT) ex post,0.9011074243726858,0.672035281276983,0.0,0.3225806451612903,0.5806451612903226
HMM3 (three regimes),23,"HMM-3 ex post, 3-class",0.9218480332043312,0.8616562792118312,,,0.8565656565656565
HMM3 (three regimes),23,HMM-2 ex post (smoothed),0.8383706476317062,0.18372427867891572,0.0,0.0,4.946808510638298
HMM3 (three regimes),23,HMM-2 real time (filtered),0.841812484994833,0.19810949768438935,0.0,0.02127659574468085,15.287234042553191
HMM3 (three regimes),23,Jump λ=10 ex post,0.7383155416995766,0.13913556409199046,0.0,0.1276595744680851,3.021276595744681
HMM3 (three regimes),23,Jump λ=10 real time,0.7183773716862503,0.12090459013393307,0.0,0.1702127659574468,4.382978723404255
HMM3 (three regimes),23,Jump λ=30 ex post,0.7704759638971332,0.13138474013146906,0.0,0.10638297872340426,1.7340425531914894
HMM3 (three regimes),23,Jump λ=30 real time,0.7147232873232869,0.0983969477211748,0.0,0.19148936170212766,2.734042553191489
HMM3 (three regimes),23,Jump λ=100 ex post,0.6921007146808814,0.35501301319323986,4.0,0.574468085106383,0.425531914893617
HMM3 (three regimes),23,Jump λ=100 real time,0.6254157953521386,0.19116087220541322,12.0,0.5531914893617021,0.8085106382978723
HMM3 (three regimes),23,Change-point (PELT) ex post,0.9238318151293836,0.6466984105916316,0.0,0.2978723404255319,0.5531914893617021
HMM3 (three regimes),24,"HMM-3 ex post, 3-class",0.9126395848231866,0.866762624906813,,,0.8370672097759674
HMM3 (three regimes),24,HMM-2 ex post (smoothed),0.8454696835289479,0.1827889522044881,0.0,0.02127659574468085,5.446808510638298
HMM3 (three regimes),24,HMM-2 real time (filtered),0.8420914460316016,0.195750097074321,0.0,0.06382978723404255,16.914893617021278
HMM3 (three regimes),24,Jump λ=10 ex post,0.6489623138628575,0.05703644405801345,0.0,0.06382978723404255,4.297872340425532
HMM3 (three regimes),24,Jump λ=10 real time,0.6390067251994056,0.05211247363438398,0.0,0.1276595744680851,6.0
HMM3 (three regimes),24,Jump λ=30 ex post,0.6638779266369454,0.06279053447585747,0.0,0.0851063829787234,2.4893617021276597
HMM3 (three regimes),24,Jump λ=30 real time,0.6332013124374488,0.049617455877487227,0.0,0.1276595744680851,3.723404255319149
HMM3 (three regimes),24,Jump λ=100 ex post,0.7106690511934006,0.08248830731133738,0.0,0.1702127659574468,1.0425531914893618
HMM3 (three regimes),24,Jump λ=100 real time,0.6187088678615837,0.044341481875090794,0.0,0.2127659574468085,2.0425531914893615
HMM3 (three regimes),24,Change-point (PELT) ex post,0.9416705524216784,0.6821035144564933,0.0,0.3191489361702128,0.5638297872340425
HMM3 (three regimes),25,"HMM-3 ex post, 3-class",0.9185812365469244,0.8584654042092549,,,0.8255578093306288
HMM3 (three regimes),25,HMM-2 ex post (smoothed),0.8616361711697693,0.21870162878509114,0.0,0.0,5.355555555555555
HMM3 (three regimes),25,HMM-2 real time (filtered),0.8657789136358425,0.2388336488072823,0.0,0.0,16.244444444444444
HMM3 (three regimes),25,Jump λ=10 ex post,0.714404018608475,0.11155276220002497,0.0,0.022222222222222223,3.566666666666667
HMM3 (three regimes),25,Jump λ=10 real time,0.6855519907905985,0.0936582868561674,0.0,0.022222222222222223,5.122222222222222
HMM3 (three regimes),25,Jump λ=30 ex post,0.7302688249925275,0.1277982822171998,0.0,0.022222222222222223,2.1666666666666665
HMM3 (three regimes),25,Jump λ=30 real time,0.6643669505931615,0.08763459859762934,0.0,0.13333333333333333,3.3
HMM3 (three regimes),25,Jump λ=100 ex post,0.7455632852782594,0.2168401094041439,0.0,0.3111111111111111,0.8333333333333334
HMM3 (three regimes),25,Jump λ=100 real time,0.6649289048556466,0.12952939527866003,1.5,0.37777777777777777,1.5
HMM3 (three regimes),26,"HMM-3 ex post, 3-class",0.9096902001454428,0.85922718932647,,,0.7844990548204159
HMM3 (three regimes),26,HMM-2 ex post (smoothed),0.8318039704176241,0.19012771441783372,0.0,0.034482758620689655,4.232758620689655
HMM3 (three regimes),26,HMM-2 real time (filtered),0.8365165042555027,0.20650633145999653,0.0,0.05172413793103448,12.887931034482758
HMM3 (three regimes),26,Jump λ=10 ex post,0.7557957854063262,0.16938106656141494,0.0,0.22413793103448276,2.4482758620689653
HMM3 (three regimes),26,Jump λ=10 real time,0.7371344150801082,0.14877421321160855,1.0,0.2413793103448276,3.5
HMM3 (three regimes),26,Jump λ=30 ex post,0.7884727091716232,0.23961553573064065,0.0,0.29310344827586204,1.206896551724138
HMM3 (three regimes),26,Jump λ=30 real time,0.7333495265094011,0.1770461392969077,3.0,0.3275862068965517,1.9827586206896552
HMM3 (three regimes),26,Jump λ=100 ex post,0.7837741579282109,0.3783852962547063,1.0,0.5344827586206896,0.46551724137931033
HMM3 (three regimes),26,Jump λ=100 real time,0.6978964584884735,0.22485442657597876,4.5,0.5517241379310345,0.6724137931034483
HMM3 (three regimes),27,"HMM-3 ex post, 3-class",0.9159918956604779,0.8555008064866125,,,0.8141414141414142
HMM3 (three regimes),27,HMM-2 ex post (smoothed),0.9179861273078829,0.49153944685043927,0.0,0.031746031746031744,4.904761904761905
HMM3 (three regimes),27,HMM-2 real time (filtered),0.9048013035448911,0.4951195570232839,0.0,0.015873015873015872,11.523809523809524
HMM3 (three regimes),27,Jump λ=10 ex post,0.7205959658766041,0.16789622885339062,0.0,0.1111111111111111,2.7301587301587302
HMM3 (three regimes),27,Jump λ=10 real time,0.7097410315755325,0.15431506326826616,0.0,0.047619047619047616,4.111111111111111
HMM3 (three regimes),27,Jump λ=30 ex post,0.7492896298304113,0.19368486381743144,0.0,0.1111111111111111,1.5476190476190477
HMM3 (three regimes),27,Jump λ=30 real time,0.719649391231598,0.1631231256935507,0.0,0.06349206349206349,2.4682539682539684
HMM3 (three regimes),27,Jump λ=100 ex post,0.7717602888582067,0.2348982971722734,0.0,0.23809523809523808,0.6349206349206349
HMM3 (three regimes),27,Jump λ=100 real time,0.6931246163797853,0.15660077874727119,0.0,0.1746031746031746,1.2936507936507937
HMM3 (three regimes),28,"HMM-3 ex post, 3-class",0.9195451401905457,0.8438772775098331,,,0.7843866171003717
HMM3 (three regimes),28,HMM-2 ex post (smoothed),0.9072373921027957,0.29650099833527777,0.0,0.0,6.648936170212766
HMM3 (three regimes),28,HMM-2 real time (filtered),0.904386593820639,0.32474319575427,0.0,0.0425531914893617,16.20212765957447
HMM3 (three regimes),28,Jump λ=10 ex post,0.8026335111356983,0.17170287954118824,0.0,0.1276595744680851,2.851063829787234
HMM3 (three regimes),28,Jump λ=10 real time,0.7707154971535838,0.14286693508135628,1.0,0.10638297872340426,4.212765957446808
HMM3 (three regimes),28,Jump λ=30 ex post,0.8044945942713293,0.19405615975809576,0.0,0.2127659574468085,1.5957446808510638
HMM3 (three regimes),28,Jump λ=30 real time,0.7404929307276951,0.14023992898155957,2.5,0.3191489361702128,2.595744680851064
HMM3 (three regimes),28,Jump λ=100 ex post,0.7615518206389246,0.37554992706266277,1.0,0.5106382978723404,0.5319148936170213
HMM3 (three regimes),28,Jump λ=100 real time,0.6770283375553487,0.21631679974865037,11.0,0.48936170212765956,0.8723404255319149
HMM3 (three regimes),29,"HMM-3 ex post, 3-class",0.9127874175999509,0.8621407065800384,,,0.7700934579439253
HMM3 (three regimes),29,HMM-2 ex post (smoothed),0.8546446112793942,0.23479489806822262,0.0,0.0,4.541666666666667
HMM3 (three regimes),29,HMM-2 real time (filtered),0.8590030599362737,0.25463871622989775,0.0,0.03333333333333333,12.958333333333334
HMM3 (three regimes),29,Jump λ=10 ex post,0.7047815006908411,0.11195454543351557,0.0,0.13333333333333333,2.9916666666666667
HMM3 (three regimes),29,Jump λ=10 real time,0.6917876320350936,0.10272809529433713,0.0,0.1,4.358333333333333
HMM3 (three regimes),29,Jump λ=30 ex post,0.713547763948418,0.11664665501527482,0.0,0.18333333333333332,1.775
HMM3 (three regimes),29,Jump λ=30 real time,0.678345896730959,0.09619768677278007,0.0,0.13333333333333333,2.558333333333333
HMM3 (three regimes),29,Jump λ=100 ex post,0.763692749374651,0.19000704378229694,0.0,0.26666666666666666,0.7666666666666667
HMM3 (three regimes),29,Jump λ=100 real time,0.6630169249022695,0.11087426894834573,0.0,0.25,1.3916666666666666
HMM3 (three regimes),30,"HMM-3 ex post, 3-class",0.8945039714501227,0.8449099148895249,,,0.7057728119180633
HMM3 (three regimes),30,HMM-2 ex post (smoothed),0.8534414002951698,0.2311105957182502,0.0,0.03125,3.78125
HMM3 (three regimes),30,HMM-2 real time (filtered),0.855550831759297,0.24949943955983078,0.0,0.03125,10.984375
HMM3 (three regimes),30,Jump λ=10 ex post,0.6649852111435703,0.07736351331823899,0.0,0.171875,3.0234375
HMM3 (three regimes),30,Jump λ=10 real time,0.6502154253542342,0.06913225341486473,0.0,0.171875,4.2421875
HMM3 (three regimes),30,Jump λ=30 ex post,0.6812422639400915,0.08364754481136483,0.0,0.21875,1.7421875
HMM3 (three regimes),30,Jump λ=30 real time,0.6538144317374325,0.07031886314325542,0.0,0.234375,2.8984375
HMM3 (three regimes),30,Jump λ=100 ex post,0.6924279840389673,0.08455771616188523,0.0,0.1875,0.7109375
HMM3 (three regimes),30,Jump λ=100 real time,0.6235177435909894,0.05321085862246189,0.0,0.28125,1.4296875
HMM3 (three regimes),31,"HMM-3 ex post, 3-class",0.9114248523908169,0.8572015406999618,,,0.7481060606060606
HMM3 (three regimes),31,HMM-2 ex post (smoothed),0.8389955013029826,0.17211109758917675,0.0,0.02,4.9
HMM3 (three regimes),31,HMM-2 real time (filtered),0.8434782496524715,0.18452244228984183,0.0,0.0,14.92
HMM3 (three regimes),31,Jump λ=10 ex post,0.7265912841937678,0.10945190072645061,0.0,0.14,3.18
HMM3 (three regimes),31,Jump λ=10 real time,0.713283645415145,0.09843272566404826,0.0,0.12,4.54
HMM3 (three regimes),31,Jump λ=30 ex post,0.7747737927737993,0.14380525834051439,0.0,0.12,1.62
HMM3 (three regimes),31,Jump λ=30 real time,0.7200805337362405,0.10721020047197594,0.0,0.18,2.64
HMM3 (three regimes),31,Jump λ=100 ex post,0.7822476199545041,0.15809010885915897,0.0,0.2,0.95
HMM3 (three regimes),31,Jump λ=100 real time,0.6808721411719785,0.09229236310399824,0.0,0.28,1.48
HMM3 (three regimes),32,"HMM-3 ex post, 3-class",0.9114870842331508,0.8501183847858045,,,0.7613636363636364
HMM3 (three regimes),32,HMM-2 ex post (smoothed),0.9139641258680375,0.3849860708790416,0.0,0.017241379310344827,5.543103448275862
HMM3 (three regimes),32,HMM-2 real time (filtered),0.8993301867094435,0.4030007128262657,0.0,0.017241379310344827,14.043103448275861
HMM3 (three regimes),32,Jump λ=10 ex post,0.7442903877728544,0.14962041513139213,0.0,0.08620689655172414,2.1293103448275863
HMM3 (three regimes),32,Jump λ=10 real time,0.7190762724988616,0.12895171723435017,0.0,0.10344827586206896,2.853448275862069
HMM3 (three regimes),32,Jump λ=30 ex post,0.7513980286601654,0.16457982277200556,0.0,0.1724137931034483,1.1637931034482758
HMM3 (three regimes),32,Jump λ=30 real time,0.7126731355829691,0.13169203486666892,0.0,0.15517241379310345,1.8362068965517242
HMM3 (three regimes),32,Jump λ=100 ex post,0.7587882416120206,0.21163910812919107,0.0,0.25862068965517243,0.5431034482758621
HMM3 (three regimes),32,Jump λ=100 real time,0.6834983885494943,0.13608220046312114,0.0,0.27586206896551724,0.8879310344827587
HMM3 (three regimes),33,"HMM-3 ex post, 3-class",0.90279991967829,0.8534831987907717,,,0.806390977443609
HMM3 (three regimes),33,HMM-2 ex post (smoothed),0.8532336853215503,0.24921337241790853,0.0,0.09433962264150944,5.509433962264151
HMM3 (three regimes),33,HMM-2 real time (filtered),0.8475937223966118,0.26162005299477886,0.0,0.07547169811320754,16.169811320754718
HMM3 (three regimes),33,Jump λ=10 ex post,0.7145630469291857,0.1340378713463347,0.0,0.1320754716981132,3.0
HMM3 (three regimes),33,Jump λ=10 real time,0.6952108977913073,0.11733491907757287,0.0,0.1509433962264151,4.7924528301886795
HMM3 (three regimes),33,Jump λ=30 ex post,0.7334507037304848,0.15910882967967122,0.0,0.16981132075471697,1.6603773584905661
HMM3 (three regimes),33,Jump λ=30 real time,0.6805916866412426,0.11743341674048824,1.0,0.20754716981132076,2.5283018867924527
HMM3 (three regimes),33,Jump λ=100 ex post,0.7515425396979325,0.23711587414525426,0.0,0.2830188679245283,0.8679245283018868
HMM3 (three regimes),33,Jump λ=100 real time,0.6645273491822896,0.1402302926097142,4.0,0.37735849056603776,1.3018867924528301
HMM3 (three regimes),34,"HMM-3 ex post, 3-class",0.9060628187550198,0.862462665261683,,,0.7618069815195072
HMM3 (three regimes),34,HMM-2 ex post (smoothed),0.8259620055525763,0.14652229684658702,0.0,0.0,4.520408163265306
HMM3 (three regimes),34,HMM-2 real time (filtered),0.8298383562031204,0.15879958386364879,0.0,0.0,14.908163265306122
HMM3 (three regimes),34,Jump λ=10 ex post,0.7370676378120546,0.13144319433770246,0.0,0.1836734693877551,2.979591836734694
HMM3 (three regimes),34,Jump λ=10 real time,0.7047151451617952,0.10718005877631487,0.0,0.1836734693877551,4.224489795918367
HMM3 (three regimes),34,Jump λ=30 ex post,0.7558920378399286,0.15496150263382913,0.0,0.2653061224489796,1.510204081632653
HMM3 (three regimes),34,Jump λ=30 real time,0.699187690813001,0.11089590331364485,0.0,0.24489795918367346,2.6122448979591835
HMM3 (three regimes),34,Jump λ=100 ex post,0.7407801278769021,0.3057569203403405,0.5,0.5102040816326531,0.5102040816326531
HMM3 (three regimes),34,Jump λ=100 real time,0.6472071490681912,0.16417118668837072,9.0,0.5102040816326531,0.8571428571428571
HMM3 (three regimes),35,"HMM-3 ex post, 3-class",0.8971595833290601,0.8490694084932098,,,0.8205128205128205
HMM3 (three regimes),35,HMM-2 ex post (smoothed),0.8258831400088756,0.10362139122329872,0.0,0.027777777777777776,5.888888888888889
HMM3 (three regimes),35,HMM-2 real time (filtered),0.8286820718212687,0.11188265857267476,0.0,0.0,18.72222222222222
HMM3 (three regimes),35,Jump λ=10 ex post,0.7545202961947948,0.08402022825863176,0.0,0.08333333333333333,4.25
HMM3 (three regimes),35,Jump λ=10 real time,0.7334533246282642,0.07349245213954891,0.0,0.08333333333333333,6.111111111111111
HMM3 (three regimes),35,Jump λ=30 ex post,0.7878434155309851,0.10476189962156424,0.0,0.08333333333333333,2.4444444444444446
HMM3 (three regimes),35,Jump λ=30 real time,0.7064832744406493,0.06809715487379153,0.5,0.2222222222222222,3.8055555555555554
HMM3 (three regimes),35,Jump λ=100 ex post,0.7838259408833865,0.15096355747429901,0.0,0.25,1.2222222222222223
HMM3 (three regimes),35,Jump λ=100 real time,0.6503061047818932,0.0677809752498939,2.0,0.4166666666666667,2.2222222222222223
HMM3 (three regimes),36,"HMM-3 ex post, 3-class",0.9156686879476736,0.8575375417313709,,,0.7816091954022989
HMM3 (three regimes),36,HMM-2 ex post (smoothed),0.8503752682420417,0.21553379712706122,0.0,0.0196078431372549,5.784313725490196
HMM3 (three regimes),36,HMM-2 real time (filtered),0.8542359418908136,0.23671571297530059,0.0,0.0196078431372549,16.41176470588235
HMM3 (three regimes),36,Jump λ=10 ex post,0.6969251961355581,0.09148162173566876,0.0,0.09803921568627451,3.7745098039215685
HMM3 (three regimes),36,Jump λ=10 real time,0.6793213494216266,0.08142167737008532,0.0,0.11764705882352941,5.009803921568627
HMM3 (three regimes),36,Jump λ=30 ex post,0.7209293740430139,0.10604313671044063,0.0,0.1568627450980392,2.1470588235294117
HMM3 (three regimes),36,Jump λ=30 real time,0.6834356365130648,0.08467044117505995,0.0,0.13725490196078433,3.4607843137254903
HMM3 (three regimes),36,Jump λ=100 ex post,0.7642658199745886,0.1481868730270266,0.0,0.19607843137254902,0.9901960784313726
HMM3 (three regimes),36,Jump λ=100 real time,0.6569105399643114,0.08187873628497389,0.0,0.23529411764705882,1.6568627450980393
HMM3 (three regimes),37,"HMM-3 ex post, 3-class",0.9123952008550953,0.8584717294091347,,,0.7716390423572744
HMM3 (three regimes),37,HMM-2 ex post (smoothed),0.8754171070317759,0.3007298706715532,0.0,0.014492753623188406,4.130434782608695
HMM3 (three regimes),37,HMM-2 real time (filtered),0.8712757924422474,0.31411872654651274,0.0,0.028985507246376812,11.478260869565217
HMM3 (three regimes),37,Jump λ=10 ex post,0.6592690947902862,0.09526529539234252,0.0,0.11594202898550725,2.4420289855072466
HMM3 (three regimes),37,Jump λ=10 real time,0.6424115053684223,0.08214970714566527,0.0,0.10144927536231885,3.5434782608695654
HMM3 (three regimes),37,Jump λ=30 ex post,0.6686579121324303,0.09815360167199805,0.0,0.13043478260869565,1.5144927536231885
HMM3 (three regimes),37,Jump λ=30 real time,0.6309700485414551,0.07350632471593466,0.0,0.15942028985507245,2.181159420289855
HMM3 (three regimes),37,Jump λ=100 ex post,0.6622973934150658,0.1180431428000116,0.0,0.37681159420289856,0.8188405797101449
HMM3 (three regimes),37,Jump λ=100 real time,0.5753023493875462,0.049580824258659395,0.0,0.37681159420289856,1.181159420289855
HMM3 (three regimes),38,"HMM-3 ex post, 3-class",0.9088644582636892,0.8617149780950252,,,0.7731568998109641
HMM3 (three regimes),38,HMM-2 ex post (smoothed),0.8611731450901119,0.22666051719752833,0.0,0.05555555555555555,5.4907407407407405
HMM3 (three regimes),38,HMM-2 real time (filtered),0.8655252612248384,0.24888959703193814,0.0,0.018518518518518517,14.694444444444445
HMM3 (three regimes),38,Jump λ=10 ex post,0.7782876427127523,0.1616429542271537,0.0,0.1111111111111111,2.25
HMM3 (three regimes),38,Jump λ=10 real time,0.7455718119181163,0.13387767456011557,0.0,0.12962962962962962,3.0462962962962963
HMM3 (three regimes),38,Jump λ=30 ex post,0.800698171426131,0.20936696886525463,0.0,0.16666666666666666,1.287037037037037
HMM3 (three regimes),38,Jump λ=30 real time,0.7446042301341002,0.1538276245641208,0.0,0.2777777777777778,2.009259259259259
HMM3 (three regimes),38,Jump λ=100 ex post,0.8265052458502975,0.32433053484077945,0.0,0.3148148148148148,0.6666666666666666
HMM3 (three regimes),38,Jump λ=100 real time,0.7121895730717763,0.1824531674210308,6.0,0.3888888888888889,1.037037037037037
HMM3 (three regimes),39,"HMM-3 ex post, 3-class",0.9140540855291842,0.8639733904803208,,,0.7339285714285714
HMM3 (three regimes),39,HMM-2 ex post (smoothed),0.8638217279021718,0.2166013397749833,0.0,0.06896551724137931,4.543103448275862
HMM3 (three regimes),39,HMM-2 real time (filtered),0.8676872229424121,0.23782355185246884,0.0,0.06896551724137931,12.801724137931034
HMM3 (three regimes),39,Jump λ=10 ex post,0.7782445348176742,0.16732932591708527,0.0,0.1896551724137931,2.2413793103448274
HMM3 (three regimes),39,Jump λ=10 real time,0.748891194340165,0.1415259232611088,0.0,0.1724137931034483,3.310344827586207
HMM3 (three regimes),39,Jump λ=30 ex post,0.7950328877744788,0.19076897403504234,0.0,0.22413793103448276,1.4310344827586208
HMM3 (three regimes),39,Jump λ=30 real time,0.7333371073543876,0.1400521625536152,0.0,0.20689655172413793,1.9137931034482758
HMM3 (three regimes),39,Jump λ=100 ex post,0.8045384444164078,0.33201886469788655,0.0,0.39655172413793105,0.4482758620689655
HMM3 (three regimes),39,Jump λ=100 real time,0.7083570288351893,0.19935157866925013,4.0,0.46551724137931033,0.8275862068965517
HMM3 (three regimes),40,"HMM-3 ex post, 3-class",0.9118244028242263,0.8637925546750934,,,0.844758064516129
HMM3 (three regimes),40,HMM-2 ex post (smoothed),0.827401980038043,0.15772507260243018,0.0,0.02127659574468085,5.127659574468085
HMM3 (three regimes),40,HMM-2 real time (filtered),0.8320274897656958,0.1683722841788614,0.0,0.02127659574468085,15.042553191489361
HMM3 (three regimes),40,Jump λ=10 ex post,0.7154454237962675,0.0967892832752818,0.0,0.14893617021276595,3.627659574468085
HMM3 (three regimes),40,Jump λ=10 real time,0.7014218447217448,0.0872597826051309,0.0,0.1276595744680851,5.372340425531915
HMM3 (three regimes),40,Jump λ=30 ex post,0.7463869014468762,0.11899954946042879,0.0,0.1702127659574468,1.925531914893617
HMM3 (three regimes),40,Jump λ=30 real time,0.7196472041901882,0.10208527743544138,0.0,0.1702127659574468,2.925531914893617
HMM3 (three regimes),40,Jump λ=100 ex post,0.7904088630018206,0.17000659255899608,0.0,0.23404255319148937,0.9680851063829787
HMM3 (three regimes),40,Jump λ=100 real time,0.6943752583457025,0.10473663319169091,0.0,0.2978723404255319,1.574468085106383
HMM3 (three regimes),41,"HMM-3 ex post, 3-class",0.929258993177189,0.8744340089532502,,,0.776
HMM3 (three regimes),41,HMM-2 ex post (smoothed),0.8418100694741886,0.19860249010377928,0.0,0.02127659574468085,5.861702127659575
HMM3 (three regimes),41,HMM-2 real time (filtered),0.8482504538771993,0.21994564119783389,0.0,0.02127659574468085,17.414893617021278
HMM3 (three regimes),41,Jump λ=10 ex post,0.745852010924872,0.12444218461442569,0.0,0.0851063829787234,3.6808510638297873
HMM3 (three regimes),41,Jump λ=10 real time,0.725480227806891,0.11187560157308862,0.0,0.0851063829787234,4.9361702127659575
HMM3 (three regimes),41,Jump λ=30 ex post,0.7773208214393488,0.15782343354500084,0.0,0.10638297872340426,2.0638297872340425
HMM3 (three regimes),41,Jump λ=30 real time,0.7398292147925747,0.12852132502127478,0.0,0.10638297872340426,3.0
HMM3 (three regimes),41,Jump λ=100 ex post,0.8084022822976518,0.25055313151812153,0.0,0.1702127659574468,0.851063829787234
HMM3 (three regimes),41,Jump λ=100 real time,0.6872929516458383,0.1328547804425343,2.5,0.23404255319148937,1.574468085106383
HMM3 (three regimes),42,"HMM-3 ex post, 3-class",0.8935353661717436,0.8391071286219806,,,0.7822736030828517
HMM3 (three regimes),42,HMM-2 ex post (smoothed),0.8380714135243312,0.17391580509552418,0.0,0.0,5.281553398058253
HMM3 (three regimes),42,HMM-2 real time (filtered),0.8424226997167802,0.18847905650477614,0.0,0.019230769230769232,15.300970873786408
HMM3 (three regimes),42,Jump λ=10 ex post,0.6970256068160008,0.0805078940302153,0.0,0.07692307692307693,3.116504854368932
HMM3 (three regimes),42,Jump λ=10 real time,0.680089179130679,0.0720358402636525,0.0,0.057692307692307696,4.514563106796117
HMM3 (three regimes),42,Jump λ=30 ex post,0.7028462420710156,0.08546700040040167,0.0,0.11538461538461539,1.8932038834951457
HMM3 (three regimes),42,Jump λ=30 real time,0.6629859794490087,0.06498475764112766,0.0,0.11538461538461539,2.8640776699029127
HMM3 (three regimes),42,Jump λ=100 ex post,0.7142300400252791,0.08749282448045914,0.0,0.11538461538461539,0.9029126213592233
HMM3 (three regimes),42,Jump λ=100 real time,0.639821641738642,0.05513890414474043,0.0,0.19230769230769232,1.3106796116504855
HMM3 (three regimes),43,"HMM-3 ex post, 3-class",0.8767503471230774,0.84819356109751,,,0.8666666666666667
HMM3 (three regimes),43,HMM-2 ex post (smoothed),0.8411295335748974,0.16924977132277197,0.0,0.0,4.362745098039215
HMM3 (three regimes),43,HMM-2 real time (filtered),0.8438082628037916,0.18046077818166673,0.0,0.0196078431372549,13.715686274509803
HMM3 (three regimes),43,Jump λ=10 ex post,0.8138362937284993,0.17602690200378523,0.0,0.0784313725490196,2.4215686274509802
HMM3 (three regimes),43,Jump λ=10 real time,0.7855565203128259,0.1527283423157999,0.0,0.0784313725490196,3.264705882352941
HMM3 (three regimes),43,Jump λ=30 ex post,0.8236001221265369,0.1942184408017822,0.0,0.0784313725490196,1.5784313725490196
HMM3 (three regimes),43,Jump λ=30 real time,0.7760692855426479,0.15404346097371524,1.0,0.11764705882352941,2.2254901960784315
HMM3 (three regimes),43,Jump λ=100 ex post,0.7936439811002096,0.25550876517185994,0.0,0.37254901960784315,0.6862745098039216
HMM3 (three regimes),43,Jump λ=100 real time,0.6795530207862006,0.12993171497092104,4.0,0.39215686274509803,1.2352941176470589
HMM3 (three regimes),44,"HMM-3 ex post, 3-class",0.9235366588207624,0.8633211699729171,,,0.7535070140280561
HMM3 (three regimes),44,HMM-2 ex post (smoothed),0.8599501799058954,0.22096019937554223,0.0,0.0,6.188888888888889
HMM3 (three regimes),44,HMM-2 real time (filtered),0.8648810312418426,0.23869968442483147,0.0,0.0,17.81111111111111
HMM3 (three regimes),44,Jump λ=10 ex post,0.7564146322587078,0.16165476490059738,0.0,0.044444444444444446,3.066666666666667
HMM3 (three regimes),44,Jump λ=10 real time,0.7396771531974452,0.14399308894453366,0.0,0.06666666666666667,4.266666666666667
HMM3 (three regimes),44,Jump λ=30 ex post,0.7686975547752127,0.1899757503260171,0.0,0.1111111111111111,1.6222222222222222
HMM3 (three regimes),44,Jump λ=30 real time,0.7422561760257522,0.15955165403190752,0.0,0.08888888888888889,2.6444444444444444
HMM3 (three regimes),44,Jump λ=100 ex post,0.8036188434864622,0.4574116807295451,0.0,0.4,0.5111111111111111
HMM3 (three regimes),44,Jump λ=100 real time,0.7168418940030931,0.272002207505882,8.5,0.37777777777777777,0.9555555555555556
HMM3 (three regimes),45,"HMM-3 ex post, 3-class",0.9255993952341125,0.8770415048304727,,,0.7841584158415842
HMM3 (three regimes),45,HMM-2 ex post (smoothed),0.8441934027811704,0.17161676150228367,0.0,0.023255813953488372,5.488372093023256
HMM3 (three regimes),45,HMM-2 real time (filtered),0.8416832523688029,0.18138023518595348,0.0,0.046511627906976744,16.441860465116278
HMM3 (three regimes),45,Jump λ=10 ex post,0.7156734776279565,0.08674465728300929,0.0,0.16279069767441862,3.941860465116279
HMM3 (three regimes),45,Jump λ=10 real time,0.7009130376905608,0.07843937667725365,0.0,0.13953488372093023,5.709302325581396
HMM3 (three regimes),45,Jump λ=30 ex post,0.7549276820653302,0.10813551693846901,0.0,0.20930232558139536,2.058139534883721
HMM3 (three regimes),45,Jump λ=30 real time,0.7119637485850474,0.08581184236238137,0.0,0.20930232558139536,3.4069767441860463
HMM3 (three regimes),45,Jump λ=100 ex post,0.8040561384502494,0.16078378666908177,0.0,0.2558139534883721,0.9534883720930233
HMM3 (three regimes),45,Jump λ=100 real time,0.7030818693823135,0.09561832966558859,0.0,0.2558139534883721,1.6395348837209303
HMM3 (three regimes),46,"HMM-3 ex post, 3-class",0.9092804586940657,0.8486876570477941,,,0.8415637860082305
HMM3 (three regimes),46,HMM-2 ex post (smoothed),0.8440369637284244,0.16302815915764557,0.0,0.0,5.881578947368421
HMM3 (three regimes),46,HMM-2 real time (filtered),0.8410023657475472,0.1705871873292254,0.0,0.02631578947368421,17.092105263157894
HMM3 (three regimes),46,Jump λ=10 ex post,0.6988047113388522,0.07328879002996547,0.0,0.10526315789473684,4.9868421052631575
HMM3 (three regimes),46,Jump λ=10 real time,0.6798650889446405,0.0645523032273223,0.0,0.10526315789473684,6.907894736842105
HMM3 (three regimes),46,Jump λ=30 ex post,0.7221520104415601,0.083579662619924,0.0,0.15789473684210525,2.6184210526315788
HMM3 (three regimes),46,Jump λ=30 real time,0.682058059376843,0.06603419195939308,0.0,0.15789473684210525,4.092105263157895
HMM3 (three regimes),46,Jump λ=100 ex post,0.7418680528521735,0.09706836380449302,0.0,0.18421052631578946,1.2894736842105263
HMM3 (three regimes),46,Jump λ=100 real time,0.6340530443366834,0.05167404366466577,5.0,0.18421052631578946,2.3421052631578947
HMM3 (three regimes),47,"HMM-3 ex post, 3-class",0.9119912355103196,0.8594735119282827,,,0.8197026022304833
HMM3 (three regimes),47,HMM-2 ex post (smoothed),0.8715498749652681,0.2655144606427271,0.0,0.047619047619047616,3.7936507936507935
HMM3 (three regimes),47,HMM-2 real time (filtered),0.8772760334660863,0.2926544110385143,0.0,0.047619047619047616,11.015873015873016
HMM3 (three regimes),47,Jump λ=10 ex post,0.7654279275107283,0.15985828679037872,0.0,0.12698412698412698,2.5238095238095237
HMM3 (three regimes),47,Jump λ=10 real time,0.7451750177518446,0.141364036071445,0.0,0.1746031746031746,3.5555555555555554
HMM3 (three regimes),47,Jump λ=30 ex post,0.7790696181037943,0.1759095416834675,0.0,0.15873015873015872,1.3968253968253967
HMM3 (three regimes),47,Jump λ=30 real time,0.7275921089191442,0.1327891644253948,0.0,0.2222222222222222,2.238095238095238
HMM3 (three regimes),47,Jump λ=100 ex post,0.8034213207372418,0.28329833175409225,0.0,0.3333333333333333,0.5714285714285714
HMM3 (three regimes),47,Jump λ=100 real time,0.6796641042264826,0.1472672691275877,4.0,0.36507936507936506,1.0634920634920635
HMM3 (three regimes),48,"HMM-3 ex post, 3-class",0.924167346335973,0.8531812839835998,,,0.7538759689922481
HMM3 (three regimes),48,HMM-2 ex post (smoothed),0.8413879637597975,0.18496792970978937,0.0,0.0,5.461538461538462
HMM3 (three regimes),48,HMM-2 real time (filtered),0.8464862964614634,0.20033189354488035,0.0,0.0,15.846153846153847
HMM3 (three regimes),48,Jump λ=10 ex post,0.7487879414097613,0.1272020899678301,0.0,0.17307692307692307,2.6923076923076925
HMM3 (three regimes),48,Jump λ=10 real time,0.7306696354762134,0.11390367733241713,0.0,0.17307692307692307,3.5961538461538463
HMM3 (three regimes),48,Jump λ=30 ex post,0.7670502023462678,0.14878918558824272,0.0,0.17307692307692307,1.5192307692307692
HMM3 (three regimes),48,Jump λ=30 real time,0.7259472650731411,0.11903532142274698,0.0,0.23076923076923078,2.423076923076923
HMM3 (three regimes),48,Jump λ=100 ex post,0.8339459154535585,0.32093702905172283,0.0,0.3076923076923077,0.5384615384615384
HMM3 (three regimes),48,Jump λ=100 real time,0.7179641702294977,0.1907083763027173,2.0,0.40384615384615385,0.8846153846153846
HMM3 (three regimes),49,"HMM-3 ex post, 3-class",0.9147561798297471,0.8652150840316444,,,0.795959595959596
HMM3 (three regimes),49,HMM-2 ex post (smoothed),0.8438324419284857,0.16450690055167483,0.0,0.0,5.239130434782608
HMM3 (three regimes),49,HMM-2 real time (filtered),0.8462043208490264,0.17663204252093168,0.0,0.0,14.652173913043478
HMM3 (three regimes),49,Jump λ=10 ex post,0.7120865188641214,0.07871128464400157,0.0,0.06521739130434782,4.054347826086956
HMM3 (three regimes),49,Jump λ=10 real time,0.6899391790401292,0.06811659340308251,0.0,0.043478260869565216,6.0978260869565215
HMM3 (three regimes),49,Jump λ=30 ex post,0.7252982015248272,0.08444944461489301,0.0,0.043478260869565216,2.717391304347826
HMM3 (three regimes),49,Jump λ=30 real time,0.6928946566322707,0.07028845993300525,0.0,0.08695652173913043,3.510869565217391
HMM3 (three regimes),49,Jump λ=100 ex post,0.7951044474223221,0.15343126896773496,0.0,0.13043478260869565,1.1521739130434783
HMM3 (three regimes),49,Jump λ=100 real time,0.696526261841752,0.09685555439641436,0.0,0.2391304347826087,1.75
HMM3 (three regimes),50,"HMM-3 ex post, 3-class",0.8983020350730425,0.8460393141574638,,,0.7695035460992907
HMM3 (three regimes),50,HMM-2 ex post (smoothed),0.8812158510921411,0.30797303091609607,0.0,0.031746031746031744,5.007936507936508
HMM3 (three regimes),50,HMM-2 real time (filtered),0.8754581202685734,0.3269849638004865,0.0,0.031746031746031744,12.706349206349206
HMM3 (three regimes),50,Jump λ=10 ex post,0.7703569306399416,0.19665279754119214,0.0,0.2222222222222222,2.3253968253968256
HMM3 (three regimes),50,Jump λ=10 real time,0.7586134349557682,0.18265390060746545,0.0,0.20634920634920634,3.2142857142857144
HMM3 (three regimes),50,Jump λ=30 ex post,0.8039368941357072,0.24458684984181,0.0,0.23809523809523808,1.3095238095238095
HMM3 (three regimes),50,Jump λ=30 real time,0.7576167058965733,0.20030175376025705,1.0,0.30158730158730157,1.9444444444444444
HMM3 (three regimes),50,Jump λ=100 ex post,0.8222772277449181,0.36412214726236936,0.0,0.4126984126984127,0.5158730158730159
HMM3 (three regimes),50,Jump λ=100 real time,0.7408759208985154,0.24728001212756412,5.0,0.4126984126984127,0.8492063492063492
HMM3 (three regimes),51,"HMM-3 ex post, 3-class",0.9140089351559556,0.8615850687008717,,,0.8042635658914729
HMM3 (three regimes),51,HMM-2 ex post (smoothed),0.8728058780817629,0.22572454853822665,0.0,0.022222222222222223,5.8
HMM3 (three regimes),51,HMM-2 real time (filtered),0.873634279547667,0.24300359378834435,0.0,0.0,16.555555555555557
HMM3 (three regimes),51,Jump λ=10 ex post,0.7704383438061169,0.1515373941333078,0.0,0.15555555555555556,3.1555555555555554
HMM3 (three regimes),51,Jump λ=10 real time,0.7539510848205067,0.13582889292847722,0.0,0.08888888888888889,4.466666666666667
HMM3 (three regimes),51,Jump λ=30 ex post,0.7982107289647409,0.19486110731101858,0.0,0.24444444444444444,1.6666666666666667
HMM3 (three regimes),51,Jump λ=30 real time,0.7516403871646782,0.150860536934883,0.0,0.26666666666666666,2.7111111111111112
HMM3 (three regimes),51,Jump λ=100 ex post,0.8278809195494181,0.30727325182924903,0.0,0.3333333333333333,0.6888888888888889
HMM3 (three regimes),51,Jump λ=100 real time,0.68873171783152,0.15406511063704453,6.0,0.4444444444444444,1.1333333333333333
HMM3 (three regimes),52,"HMM-3 ex post, 3-class",0.9129506922128406,0.8526039073293987,,,0.7465034965034965
HMM3 (three regimes),52,HMM-2 ex post (smoothed),0.8966796535238721,0.36616489983957334,0.0,0.0,4.135714285714286
HMM3 (three regimes),52,HMM-2 real time (filtered),0.8906178303568424,0.38318073160740107,0.0,0.014285714285714285,10.778571428571428
HMM3 (three regimes),52,Jump λ=10 ex post,0.7732859230682105,0.2252231210439566,0.0,0.2,1.7571428571428571
HMM3 (three regimes),52,Jump λ=10 real time,0.7488882207701604,0.1945399295423349,0.0,0.2,2.4571428571428573
HMM3 (three regimes),52,Jump λ=30 ex post,0.7940001648370145,0.28720508347049944,0.0,0.3142857142857143,0.8428571428571429
HMM3 (three regimes),52,Jump λ=30 real time,0.7601274435553453,0.23669943750657585,0.0,0.32857142857142857,1.3714285714285714
HMM3 (three regimes),52,Jump λ=100 ex post,0.8032685985984873,0.4305571578241062,0.0,0.45714285714285713,0.35714285714285715
HMM3 (three regimes),52,Jump λ=100 real time,0.7333143566240516,0.2937974624862857,0.0,0.4857142857142857,0.6
HMM3 (three regimes),53,"HMM-3 ex post, 3-class",0.8953657462502146,0.8417461805440103,,,0.7210626185958254
HMM3 (three regimes),53,HMM-2 ex post (smoothed),0.8404377144210629,0.166669497635902,0.0,0.0,4.823529411764706
HMM3 (three regimes),53,HMM-2 real time (filtered),0.8419299764216567,0.18174570311055394,0.0,0.0,14.490196078431373
HMM3 (three regimes),53,Jump λ=10 ex post,0.6859169823504397,0.07014411318713132,0.0,0.0784313725490196,4.0
HMM3 (three regimes),53,Jump λ=10 real time,0.6687330208016786,0.061632454260666436,0.0,0.09803921568627451,5.862745098039215
HMM3 (three regimes),53,Jump λ=30 ex post,0.685486421028793,0.0647255063132135,0.0,0.09803921568627451,2.4313725490196076
HMM3 (three regimes),53,Jump λ=30 real time,0.660334725721205,0.054797251183043794,0.0,0.11764705882352941,3.607843137254902
HMM3 (three regimes),53,Jump λ=100 ex post,0.7499598750578692,0.10541241527005663,0.0,0.13725490196078433,1.0392156862745099
HMM3 (three regimes),53,Jump λ=100 real time,0.6665592726765356,0.06536486494489957,0.0,0.19607843137254902,1.7843137254901962
HMM3 (three regimes),54,"HMM-3 ex post, 3-class",0.9003960929184368,0.8431302767978286,,,0.7542533081285444
HMM3 (three regimes),54,HMM-2 ex post (smoothed),0.8999285354413418,0.33668524731881544,0.0,0.01818181818181818,5.663636363636364
HMM3 (three regimes),54,HMM-2 real time (filtered),0.8848234105656545,0.3549545400400661,0.0,0.05454545454545454,14.7
HMM3 (three regimes),54,Jump λ=10 ex post,0.759508424247666,0.19422099122253456,0.0,0.21818181818181817,2.272727272727273
HMM3 (three regimes),54,Jump λ=10 real time,0.7407463300380013,0.16914443359136833,0.0,0.21818181818181817,3.109090909090909
HMM3 (three regimes),54,Jump λ=30 ex post,0.791968562262124,0.2477362809948196,0.0,0.2727272727272727,1.2181818181818183
HMM3 (three regimes),54,Jump λ=30 real time,0.7495489339052852,0.19318819344860771,0.5,0.2727272727272727,2.018181818181818
HMM3 (three regimes),54,Jump λ=100 ex post,0.8051281214018899,0.40878619926168713,0.0,0.41818181818181815,0.5454545454545454
HMM3 (three regimes),54,Jump λ=100 real time,0.7213101371613548,0.26134496747828184,5.0,0.4727272727272727,0.8
HMM3 (three regimes),55,"HMM-3 ex post, 3-class",0.9044488919463594,0.8555404660003998,,,0.8192534381139489
HMM3 (three regimes),55,HMM-2 ex post (smoothed),0.8427435638653527,0.17144649419067204,0.0,0.02,4.61
HMM3 (three regimes),55,HMM-2 real time (filtered),0.8448171837753178,0.1837091672180835,0.0,0.02,13.91
HMM3 (three regimes),55,Jump λ=10 ex post,0.7392814686040123,0.11710536464448063,0.0,0.14,2.92
HMM3 (three regimes),55,Jump λ=10 real time,0.7084532592123446,0.0960211754260738,0.0,0.12,4.2
HMM3 (three regimes),55,Jump λ=30 ex post,0.767807521718488,0.14253558189896753,0.0,0.16,1.52
HMM3 (three regimes),55,Jump λ=30 real time,0.7084277407304664,0.10188305755745264,0.0,0.22,2.36
HMM3 (three regimes),55,Jump λ=100 ex post,0.7713126562693136,0.14207132012909418,0.0,0.14,0.69
HMM3 (three regimes),55,Jump λ=100 real time,0.6555830765948063,0.07346659611242401,0.0,0.28,1.1
HMM3 (three regimes),56,"HMM-3 ex post, 3-class",0.9097701215594501,0.8686287035128922,,,0.8770491803278688
HMM3 (three regimes),56,HMM-2 ex post (smoothed),0.8437878417374609,0.21201765743945433,0.0,0.0,4.8584905660377355
HMM3 (three regimes),56,HMM-2 real time (filtered),0.8462781273755693,0.2298913804471827,0.0,0.018867924528301886,14.424528301886792
HMM3 (three regimes),56,Jump λ=10 ex post,0.7274128746985611,0.1320530609799918,0.0,0.11320754716981132,3.0943396226415096
HMM3 (three regimes),56,Jump λ=10 real time,0.7024478100439827,0.11248900781390814,0.5,0.09433962264150944,4.113207547169812
HMM3 (three regimes),56,Jump λ=30 ex post,0.7454040644823695,0.14647313591166278,0.0,0.1509433962264151,1.7924528301886793
HMM3 (three regimes),56,Jump λ=30 real time,0.6933764950265633,0.1094636879201244,0.0,0.20754716981132076,2.641509433962264
HMM3 (three regimes),56,Jump λ=100 ex post,0.7858481895291112,0.23620893768873985,0.0,0.2830188679245283,0.7547169811320755
HMM3 (three regimes),56,Jump λ=100 real time,0.6712093855229961,0.1227540439279573,0.0,0.37735849056603776,1.2075471698113207
HMM3 (three regimes),57,"HMM-3 ex post, 3-class",0.8985271659064072,0.8508922293805865,,,0.7413793103448276
HMM3 (three regimes),57,HMM-2 ex post (smoothed),0.8555554475830697,0.23487916168095202,0.0,0.01694915254237288,4.0
HMM3 (three regimes),57,HMM-2 real time (filtered),0.8554064050628298,0.252843920630593,0.0,0.01694915254237288,12.444444444444445
HMM3 (three regimes),57,Jump λ=10 ex post,0.6907005727265549,0.09398978605115405,0.0,0.1694915254237288,2.9572649572649574
HMM3 (three regimes),57,Jump λ=10 real time,0.6788458011187299,0.08675708467648025,0.0,0.11864406779661017,4.3076923076923075
HMM3 (three regimes),57,Jump λ=30 ex post,0.711256172145933,0.10855054704469547,0.0,0.1864406779661017,1.606837606837607
HMM3 (three regimes),57,Jump λ=30 real time,0.6789856119914243,0.08984535341988531,0.0,0.1694915254237288,2.5811965811965814
HMM3 (three regimes),57,Jump λ=100 ex post,0.7451126321735064,0.132181460289595,0.0,0.1694915254237288,0.7350427350427351
HMM3 (three regimes),57,Jump λ=100 real time,0.6405854808048539,0.07122011014291385,0.0,0.23728813559322035,1.2307692307692308
HMM3 (three regimes),58,"HMM-3 ex post, 3-class",0.9183149634892831,0.8632338533024699,,,0.7921810699588477
HMM3 (three regimes),58,HMM-2 ex post (smoothed),0.8574938506295133,0.23257901330901043,0.0,0.0,5.336734693877551
HMM3 (three regimes),58,HMM-2 real time (filtered),0.8605852378667607,0.25354142296465554,0.0,0.02040816326530612,15.071428571428571
HMM3 (three regimes),58,Jump λ=10 ex post,0.8276984652385955,0.24277098253085305,0.0,0.08163265306122448,2.306122448979592
HMM3 (three regimes),58,Jump λ=10 real time,0.8028065423228525,0.21019568864727245,0.0,0.08163265306122448,3.306122448979592
HMM3 (three regimes),58,Jump λ=30 ex post,0.8644840298570917,0.2955848059299142,0.0,0.14285714285714285,1.3877551020408163
HMM3 (three regimes),58,Jump λ=30 real time,0.7970168416833181,0.22397579323344152,2.0,0.1836734693877551,2.061224489795918
HMM3 (three regimes),58,Jump λ=100 ex post,0.8422119513394999,0.413957899169653,0.0,0.3877551020408163,0.5510204081632653
HMM3 (three regimes),58,Jump λ=100 real time,0.7235277040528147,0.24462108983423025,9.0,0.40816326530612246,0.9591836734693877
HMM3 (three regimes),59,"HMM-3 ex post, 3-class",0.9084498098443213,0.863899998340284,,,0.8302658486707567
HMM3 (three regimes),59,HMM-2 ex post (smoothed),0.8024329314651895,0.10156582391038571,0.0,0.0,4.909090909090909
HMM3 (three regimes),59,HMM-2 real time (filtered),0.8068909109985597,0.1084583931999481,0.0,0.0,15.181818181818182
HMM3 (three regimes),59,Jump λ=10 ex post,0.7083116799602224,0.06456010066576434,0.0,0.09090909090909091,4.318181818181818
HMM3 (three regimes),59,Jump λ=10 real time,0.6851823390935152,0.055882039096023184,0.0,0.13636363636363635,6.568181818181818
HMM3 (three regimes),59,Jump λ=30 ex post,0.7214579312267332,0.06940348721295453,0.0,0.11363636363636363,2.409090909090909
HMM3 (three regimes),59,Jump λ=30 real time,0.6717013259094955,0.051766029566686855,0.0,0.22727272727272727,4.0
HMM3 (three regimes),59,Jump λ=100 ex post,0.7289496906375277,0.09066818986063252,0.0,0.29545454545454547,1.0568181818181819
HMM3 (three regimes),59,Jump λ=100 real time,0.6567559601005639,0.056286547123250985,0.0,0.4318181818181818,1.7727272727272727
HMM3 (three regimes),60,"HMM-3 ex post, 3-class",0.9148259234475346,0.8601049045356718,,,0.768172888015717
HMM3 (three regimes),60,HMM-2 ex post (smoothed),0.8768047826740863,0.29865085099241806,0.0,0.016129032258064516,4.17741935483871
HMM3 (three regimes),60,HMM-2 real time (filtered),0.8742700691077931,0.3105469682087326,0.0,0.0,11.5
HMM3 (three regimes),60,Jump λ=10 ex post,0.7795341730929428,0.22062631776395447,0.0,0.16129032258064516,1.7903225806451613
HMM3 (three regimes),60,Jump λ=10 real time,0.7692387395090139,0.2013552619119079,0.0,0.0967741935483871,2.6774193548387095
HMM3 (three regimes),60,Jump λ=30 ex post,0.8029347977620145,0.23338678429316895,0.0,0.16129032258064516,1.1451612903225807
HMM3 (three regimes),60,Jump λ=30 real time,0.7535816660726267,0.18741187267220938,0.0,0.1774193548387097,1.5806451612903225
HMM3 (three regimes),60,Jump λ=100 ex post,0.810581602891498,0.2603803675859915,0.0,0.20967741935483872,0.5
HMM3 (three regimes),60,Jump λ=100 real time,0.7079338157075153,0.16034934818115842,0.0,0.2903225806451613,0.8548387096774194
HMM3 (three regimes),61,"HMM-3 ex post, 3-class",0.9099665751607368,0.859422215532067,,,0.8316430020283976
HMM3 (three regimes),61,HMM-2 ex post (smoothed),0.86995575927856,0.24633691655872259,0.0,0.0,5.263636363636364
HMM3 (three regimes),61,HMM-2 real time (filtered),0.8684855554701821,0.2684433913956711,0.0,0.01818181818181818,15.190909090909091
HMM3 (three regimes),61,Jump λ=10 ex post,0.7650093431530587,0.14445789336265658,0.0,0.12727272727272726,3.172727272727273
HMM3 (three regimes),61,Jump λ=10 real time,0.7469626044993055,0.1305941468725912,0.0,0.14545454545454545,4.5181818181818185
HMM3 (three regimes),61,Jump λ=30 ex post,0.7814585773088629,0.1600491348322921,0.0,0.16363636363636364,1.6454545454545455
HMM3 (three regimes),61,Jump λ=30 real time,0.7480378383426325,0.1355356770029511,0.0,0.18181818181818182,2.463636363636364
HMM3 (three regimes),61,Jump λ=100 ex post,0.8391271252812151,0.25026289465094886,0.0,0.23636363636363636,0.7363636363636363
HMM3 (three regimes),61,Jump λ=100 real time,0.7434076391203268,0.16306550478592008,0.0,0.2727272727272727,1.3363636363636364
HMM3 (three regimes),62,"HMM-3 ex post, 3-class",0.9154794859019372,0.8627657152909554,,,0.7985212569316081
HMM3 (three regimes),62,HMM-2 ex post (smoothed),0.8478364275201269,0.20897300925198203,0.0,0.015873015873015872,3.7222222222222223
HMM3 (three regimes),62,HMM-2 real time (filtered),0.8457248756754072,0.22215260606827036,0.0,0.015873015873015872,11.563492063492063
HMM3 (three regimes),62,Jump λ=10 ex post,0.698714875743057,0.0978033007872644,0.0,0.06349206349206349,2.746031746031746
HMM3 (three regimes),62,Jump λ=10 real time,0.6788241028099405,0.0859825393836714,0.0,0.047619047619047616,3.8095238095238093
HMM3 (three regimes),62,Jump λ=30 ex post,0.7234387625435521,0.11671950330302217,0.0,0.09523809523809523,1.5238095238095237
HMM3 (three regimes),62,Jump λ=30 real time,0.6870499577291995,0.09375069883705234,0.0,0.07936507936507936,2.3968253968253967
HMM3 (three regimes),62,Jump λ=100 ex post,0.7374711913817659,0.15059860684414084,0.0,0.15873015873015872,0.8095238095238095
HMM3 (three regimes),62,Jump λ=100 real time,0.6480390257787589,0.08597330704892181,0.0,0.2698412698412698,1.2142857142857142
HMM3 (three regimes),63,"HMM-3 ex post, 3-class",0.9270230706249557,0.8641943604744062,,,0.7793240556660039
HMM3 (three regimes),63,HMM-2 ex post (smoothed),0.834251101706033,0.15444254576051242,0.0,0.0,6.743589743589744
HMM3 (three regimes),63,HMM-2 real time (filtered),0.8399616686969256,0.16923131848784623,0.0,0.0,19.923076923076923
HMM3 (three regimes),63,Jump λ=10 ex post,0.6581139912302721,0.061241269402600995,0.0,0.10256410256410256,4.705128205128205
HMM3 (three regimes),63,Jump λ=10 real time,0.6439125144526225,0.0540254510257655,0.0,0.07692307692307693,7.038461538461538
HMM3 (three regimes),63,Jump λ=30 ex post,0.6686310131938156,0.06599198855969812,0.0,0.10256410256410256,2.8846153846153846
HMM3 (three regimes),63,Jump λ=30 real time,0.6417739674256913,0.053650650922398624,0.0,0.10256410256410256,4.089743589743589
HMM3 (three regimes),63,Jump λ=100 ex post,0.6765413745333383,0.08347743428469934,0.0,0.28205128205128205,0.9615384615384616
HMM3 (three regimes),63,Jump λ=100 real time,0.6247401034959146,0.05510023379020512,0.0,0.3076923076923077,2.0641025641025643
HMM3 (three regimes),64,"HMM-3 ex post, 3-class",0.9034060375413172,0.8514620889130305,,,0.7397769516728625
HMM3 (three regimes),64,HMM-2 ex post (smoothed),0.8891584416902094,0.3307678871109486,0.0,0.027777777777777776,4.194444444444445
HMM3 (three regimes),64,HMM-2 real time (filtered),0.8784188927687109,0.33868022170493506,0.0,0.041666666666666664,11.277777777777779
HMM3 (three regimes),64,Jump λ=10 ex post,0.7313909984698592,0.1489328455182214,0.0,0.1527777777777778,2.2847222222222223
HMM3 (three regimes),64,Jump λ=10 real time,0.7121783094173687,0.13264944190150618,0.0,0.1388888888888889,3.5208333333333335
HMM3 (three regimes),64,Jump λ=30 ex post,0.7263433915506763,0.12962178910553457,0.0,0.16666666666666666,1.2847222222222223
HMM3 (three regimes),64,Jump λ=30 real time,0.6945684199278295,0.108539501032626,0.0,0.1388888888888889,2.0347222222222223
HMM3 (three regimes),64,Jump λ=100 ex post,0.7486080521806345,0.1598478487031575,0.0,0.19444444444444445,0.5902777777777778
HMM3 (three regimes),64,Jump λ=100 real time,0.6574846615009928,0.09613120407061793,0.0,0.2916666666666667,0.9930555555555556
HMM3 (three regimes),65,"HMM-3 ex post, 3-class",0.9205040504346568,0.8697415056750761,,,0.8126159554730983
HMM3 (three regimes),65,HMM-2 ex post (smoothed),0.8848608437346225,0.3153625258550906,0.0,0.0784313725490196,6.578431372549019
HMM3 (three regimes),65,HMM-2 real time (filtered),0.8840410833850607,0.3326478494718622,0.0,0.0784313725490196,16.34313725490196
HMM3 (three regimes),65,Jump λ=10 ex post,0.7030010164618151,0.10669942965783896,0.0,0.13725490196078433,3.9313725490196076
HMM3 (three regimes),65,Jump λ=10 real time,0.6933757658480669,0.0980154258403203,0.0,0.13725490196078433,5.284313725490196
HMM3 (three regimes),65,Jump λ=30 ex post,0.7198519229502647,0.11590077051334591,0.0,0.13725490196078433,2.2549019607843137
HMM3 (three regimes),65,Jump λ=30 real time,0.6920698219352991,0.09798267915913872,0.0,0.13725490196078433,3.235294117647059
HMM3 (three regimes),65,Jump λ=100 ex post,0.817766626389478,0.235963745067447,0.0,0.21568627450980393,0.9607843137254902
HMM3 (three regimes),65,Jump λ=100 real time,0.7348566789772885,0.16097739048362014,0.0,0.23529411764705882,1.5980392156862746
HMM3 (three regimes),66,"HMM-3 ex post, 3-class",0.9077659278668877,0.8522863053124314,,,0.758220502901354
HMM3 (three regimes),66,HMM-2 ex post (smoothed),0.8558227710973892,0.21220567010242664,0.0,0.0,5.546511627906977
HMM3 (three regimes),66,HMM-2 real time (filtered),0.8572830679233019,0.22831920160830288,0.0,0.0,16.686046511627907
HMM3 (three regimes),66,Jump λ=10 ex post,0.7356077348066299,0.1288037052248563,0.0,0.09302325581395349,2.8488372093023258
HMM3 (three regimes),66,Jump λ=10 real time,0.7127803054923627,0.1125667194968647,1.0,0.09302325581395349,4.127906976744186
HMM3 (three regimes),66,Jump λ=30 ex post,0.7615577943884736,0.1531985634700067,0.0,0.13953488372093023,1.6627906976744187
HMM3 (three regimes),66,Jump λ=30 real time,0.6990071498212544,0.1068491812117699,0.0,0.18604651162790697,2.4767441860465116
HMM3 (three regimes),66,Jump λ=100 ex post,0.771833495829271,0.1658916819630697,0.0,0.20930232558139536,0.7558139534883721
HMM3 (three regimes),66,Jump λ=100 real time,0.6659181020474488,0.0941454961879924,1.5,0.2558139534883721,1.2906976744186047
HMM3 (three regimes),67,"HMM-3 ex post, 3-class",0.8987246364620981,0.8496102268410191,,,0.7051282051282052
HMM3 (three regimes),67,HMM-2 ex post (smoothed),0.8398308296262497,0.2016120402289111,0.0,0.018518518518518517,5.212962962962963
HMM3 (three regimes),67,HMM-2 real time (filtered),0.8417555097611746,0.21745659888396585,0.0,0.018518518518518517,14.935185185185185
HMM3 (three regimes),67,Jump λ=10 ex post,0.6764624271256053,0.09235078204275782,0.0,0.09259259259259259,3.4722222222222223
HMM3 (three regimes),67,Jump λ=10 real time,0.6553020783962658,0.07839910271797546,0.0,0.07407407407407407,4.916666666666667
HMM3 (three regimes),67,Jump λ=30 ex post,0.6996702626454365,0.10392885415112307,0.0,0.09259259259259259,2.0833333333333335
HMM3 (three regimes),67,Jump λ=30 real time,0.6555820548106588,0.07820259488959447,0.0,0.16666666666666666,3.212962962962963
HMM3 (three regimes),67,Jump λ=100 ex post,0.7440959661279254,0.1408388555128568,0.0,0.1111111111111111,1.0462962962962963
HMM3 (three regimes),67,Jump λ=100 real time,0.6369154679039957,0.07320542284809783,0.0,0.2037037037037037,1.787037037037037
HMM3 (three regimes),68,"HMM-3 ex post, 3-class",0.9117013816285318,0.8539133312642803,,,0.8232931726907631
HMM3 (three regimes),68,HMM-2 ex post (smoothed),0.8686951975185648,0.22586563111986868,0.0,0.0,5.009615384615385
HMM3 (three regimes),68,HMM-2 real time (filtered),0.8664210667627588,0.2442594488622517,0.0,0.0,15.028846153846153
HMM3 (three regimes),68,Jump λ=10 ex post,0.7425633960051155,0.13797307594615182,0.0,0.19230769230769232,2.6538461538461537
HMM3 (three regimes),68,Jump λ=10 real time,0.7166800206315225,0.117555623311287,0.0,0.19230769230769232,3.980769230769231
HMM3 (three regimes),68,Jump λ=30 ex post,0.7655724894192792,0.17073667522922442,0.0,0.21153846153846154,1.5384615384615385
HMM3 (three regimes),68,Jump λ=30 real time,0.7210375112166238,0.13148117311531315,1.0,0.25,2.230769230769231
HMM3 (three regimes),68,Jump λ=100 ex post,0.7469936621658859,0.17286830882673632,0.0,0.34615384615384615,0.7307692307692307
HMM3 (three regimes),68,Jump λ=100 real time,0.6581109438921509,0.0998582735071416,5.0,0.36538461538461536,1.1346153846153846
HMM3 (three regimes),69,"HMM-3 ex post, 3-class",0.8945382840626716,0.8541290273081166,,,0.833641404805915
HMM3 (three regimes),69,HMM-2 ex post (smoothed),0.8590225161391907,0.19683727752827518,0.0,0.04081632653061224,6.622448979591836
HMM3 (three regimes),69,HMM-2 real time (filtered),0.8632524011966619,0.21629059053390676,0.0,0.02040816326530612,16.948979591836736
HMM3 (three regimes),69,Jump λ=10 ex post,0.6679669343410486,0.05947469533071814,0.0,0.08163265306122448,3.8979591836734695
HMM3 (three regimes),69,Jump λ=10 real time,0.6606244685876239,0.05543524935553601,0.0,0.061224489795918366,5.285714285714286
HMM3 (three regimes),69,Jump λ=30 ex post,0.7034007242953866,0.07691010696106015,0.0,0.10204081632653061,2.2448979591836733
HMM3 (three regimes),69,Jump λ=30 real time,0.6689881908360888,0.06163394703648872,0.0,0.061224489795918366,3.316326530612245
HMM3 (three regimes),69,Jump λ=100 ex post,0.7406553298693119,0.10343359286441789,0.0,0.10204081632653061,1.0408163265306123
HMM3 (three regimes),69,Jump λ=100 real time,0.6410118091639112,0.05564576830672996,0.0,0.24489795918367346,1.6428571428571428
HMM3 (three regimes),70,"HMM-3 ex post, 3-class",0.9139126010878221,0.8509910862859247,,,0.7696737044145874
HMM3 (three regimes),70,HMM-2 ex post (smoothed),0.863180420939591,0.23634723781960865,0.0,0.0196078431372549,5.352941176470588
HMM3 (three regimes),70,HMM-2 real time (filtered),0.8617129582371692,0.25364107729201624,0.0,0.0196078431372549,15.019607843137255
HMM3 (three regimes),70,Jump λ=10 ex post,0.7233537155665988,0.1180868883987154,0.0,0.19607843137254902,2.823529411764706
HMM3 (three regimes),70,Jump λ=10 real time,0.7107612963299532,0.108843898213284,0.0,0.17647058823529413,4.0588235294117645
HMM3 (three regimes),70,Jump λ=30 ex post,0.7556654890449646,0.15871387304827278,0.0,0.23529411764705882,1.607843137254902
HMM3 (three regimes),70,Jump λ=30 real time,0.7212565696601827,0.12755266866657644,0.0,0.23529411764705882,2.549019607843137
HMM3 (three regimes),70,Jump λ=100 ex post,0.799383449892155,0.3733239316335505,0.0,0.4117647058823529,0.6274509803921569
HMM3 (three regimes),70,Jump λ=100 real time,0.7318517416601726,0.24647058609460704,4.5,0.4117647058823529,0.8823529411764706
HMM3 (three regimes),71,"HMM-3 ex post, 3-class",0.9140501307454812,0.8520149033409349,,,0.7162872154115587
HMM3 (three regimes),71,HMM-2 ex post (smoothed),0.901799031749138,0.3988454685930398,0.0,0.030303030303030304,4.424242424242424
HMM3 (three regimes),71,HMM-2 real time (filtered),0.8906980785972807,0.411735330254398,0.0,0.015151515151515152,11.43939393939394
HMM3 (three regimes),71,Jump λ=10 ex post,0.6758744026711242,0.11098263810643094,0.0,0.10606060606060606,2.9696969696969697
HMM3 (three regimes),71,Jump λ=10 real time,0.6720181877601494,0.10621726318376468,0.0,0.045454545454545456,3.9242424242424243
HMM3 (three regimes),71,Jump λ=30 ex post,0.7165933182002582,0.16046556281105617,0.0,0.16666666666666666,1.4772727272727273
HMM3 (three regimes),71,Jump λ=30 real time,0.6983278891358522,0.13800870698758305,0.0,0.10606060606060606,2.3863636363636362
HMM3 (three regimes),71,Jump λ=100 ex post,0.7512825668354076,0.19388284870642347,0.0,0.15151515151515152,0.75
HMM3 (three regimes),71,Jump λ=100 real time,0.6815105381633928,0.13325822199199544,0.0,0.22727272727272727,1.1590909090909092
HMM3 (three regimes),72,"HMM-3 ex post, 3-class",0.9119328401031015,0.8450430072117617,,,0.7931034482758621
HMM3 (three regimes),72,HMM-2 ex post (smoothed),0.8464688728810759,0.168327760678045,0.0,0.0,5.569767441860465
HMM3 (three regimes),72,HMM-2 real time (filtered),0.8457238418200443,0.18185005502139473,0.0,0.0,16.77906976744186
HMM3 (three regimes),72,Jump λ=10 ex post,0.79053216799392,0.14000424706154713,0.0,0.023255813953488372,3.2325581395348837
HMM3 (three regimes),72,Jump λ=10 real time,0.7671197088854377,0.12310189576053376,0.0,0.023255813953488372,4.883720930232558
HMM3 (three regimes),72,Jump λ=30 ex post,0.8200215609820574,0.1719671046617265,0.0,0.046511627906976744,1.8372093023255813
HMM3 (three regimes),72,Jump λ=30 real time,0.7584581419555232,0.130118430671757,2.0,0.046511627906976744,2.7209302325581395
HMM3 (three regimes),72,Jump λ=100 ex post,0.8165555918117834,0.17510417172412407,0.0,0.11627906976744186,0.9186046511627907
HMM3 (three regimes),72,Jump λ=100 real time,0.6905968096355285,0.09751380142796795,3.0,0.23255813953488372,1.441860465116279
HMM3 (three regimes),73,"HMM-3 ex post, 3-class",0.9201977189638737,0.8555547195393819,,,0.754601226993865
HMM3 (three regimes),73,HMM-2 ex post (smoothed),0.8567259727973676,0.20961514724185815,0.0,0.02040816326530612,5.183673469387755
HMM3 (three regimes),73,HMM-2 real time (filtered),0.8599668301034582,0.22803176157036387,0.0,0.02040816326530612,14.938775510204081
HMM3 (three regimes),73,Jump λ=10 ex post,0.6729661224872729,0.06981418032029574,0.0,0.08163265306122448,3.7857142857142856
HMM3 (three regimes),73,Jump λ=10 real time,0.6702179675613577,0.06753029946061995,0.0,0.08163265306122448,5.438775510204081
HMM3 (three regimes),73,Jump λ=30 ex post,0.69276394611195,0.07821022790088483,0.0,0.10204081632653061,2.13265306122449
HMM3 (three regimes),73,Jump λ=30 real time,0.6651435307728981,0.0654668214830435,0.0,0.10204081632653061,3.5
HMM3 (three regimes),73,Jump λ=100 ex post,0.6944427504205614,0.07074664124253338,0.0,0.061224489795918366,1.0510204081632653
HMM3 (three regimes),73,Jump λ=100 real time,0.6314352073098788,0.04678730718579038,0.0,0.10204081632653061,1.7653061224489797
HMM3 (three regimes),74,"HMM-3 ex post, 3-class",0.9180070247905606,0.8572687992238168,,,0.7890772128060264
HMM3 (three regimes),74,HMM-2 ex post (smoothed),0.863294012898021,0.24126029868367294,0.0,0.0,4.1909090909090905
HMM3 (three regimes),74,HMM-2 real time (filtered),0.869520677662615,0.261374839921774,0.0,0.01818181818181818,12.3
HMM3 (three regimes),74,Jump λ=10 ex post,0.818545947355217,0.2916080598542641,0.0,0.2,2.2
HMM3 (three regimes),74,Jump λ=10 real time,0.7985535228519285,0.25564380236356177,0.0,0.2545454545454545,2.909090909090909
HMM3 (three regimes),74,Jump λ=30 ex post,0.8361297082449936,0.4202582654539818,1.0,0.32727272727272727,0.9272727272727272
HMM3 (three regimes),74,Jump λ=30 real time,0.8042371130470714,0.3444027512148564,2.5,0.3090909090909091,1.6727272727272726
HMM3 (three regimes),74,Jump λ=100 ex post,0.8687082794276073,0.5084412800573063,0.0,0.4,0.41818181818181815
HMM3 (three regimes),74,Jump λ=100 real time,0.7888158121276816,0.3539454099678021,5.0,0.41818181818181815,0.7090909090909091
HMM3 (three regimes),75,"HMM-3 ex post, 3-class",0.9154518849415219,0.8524858667925069,,,0.783001808318264
HMM3 (three regimes),75,HMM-2 ex post (smoothed),0.9216321270178213,0.47000644329507957,0.0,0.06451612903225806,5.491935483870968
HMM3 (three regimes),75,HMM-2 real time (filtered),0.8971973335788203,0.4661163280811721,0.0,0.06451612903225806,12.088709677419354
HMM3 (three regimes),75,Jump λ=10 ex post,0.6767231828101393,0.09707462037313719,0.0,0.12903225806451613,3.0403225806451615
HMM3 (three regimes),75,Jump λ=10 real time,0.6684747139445597,0.09045336289394768,0.0,0.12903225806451613,4.540322580645161
HMM3 (three regimes),75,Jump λ=30 ex post,0.6852009292401999,0.10239606277924607,0.0,0.16129032258064516,1.782258064516129
HMM3 (three regimes),75,Jump λ=30 real time,0.6582397504697645,0.08511369197619223,0.0,0.1935483870967742,2.685483870967742
HMM3 (three regimes),75,Jump λ=100 ex post,0.749829368539046,0.18488573491847593,0.0,0.2903225806451613,0.6693548387096774
HMM3 (three regimes),75,Jump λ=100 real time,0.6517924696886829,0.10311249651921128,0.0,0.3548387096774194,1.2661290322580645
HMM3 (three regimes),76,"HMM-3 ex post, 3-class",0.9144039556045898,0.8716299618702799,,,0.7940594059405941
HMM3 (three regimes),76,HMM-2 ex post (smoothed),0.8698023493840967,0.28246144432593445,0.0,0.017241379310344827,5.758620689655173
HMM3 (three regimes),76,HMM-2 real time (filtered),0.8726160009553141,0.30757632530185486,0.0,0.034482758620689655,14.637931034482758
HMM3 (three regimes),76,Jump λ=10 ex post,0.7409926638802167,0.16200318919012957,0.0,0.22413793103448276,2.456896551724138
HMM3 (three regimes),76,Jump λ=10 real time,0.7270083217165229,0.14582652055460266,0.0,0.20689655172413793,3.6293103448275863
HMM3 (three regimes),76,Jump λ=30 ex post,0.7555219628692538,0.1728936978927207,0.0,0.22413793103448276,1.4396551724137931
HMM3 (three regimes),76,Jump λ=30 real time,0.732727969533828,0.1509866193925209,0.0,0.2413793103448276,2.0948275862068964
HMM3 (three regimes),76,Jump λ=100 ex post,0.795917102123747,0.22158173551956406,0.0,0.29310344827586204,0.5775862068965517
HMM3 (three regimes),76,Jump λ=100 real time,0.7107903212040936,0.15063891551923747,0.0,0.3448275862068966,0.9741379310344828
HMM3 (three regimes),77,"HMM-3 ex post, 3-class",0.9094439832098127,0.8633838442107519,,,0.7746212121212122
HMM3 (three regimes),77,HMM-2 ex post (smoothed),0.8627695705622744,0.24866476432211393,0.0,0.0,5.079365079365079
HMM3 (three regimes),77,HMM-2 real time (filtered),0.8564148035530045,0.26643618264208113,0.0,0.0,13.428571428571429
HMM3 (three regimes),77,Jump λ=10 ex post,0.6994406739494582,0.0984272605459634,0.0,0.07936507936507936,2.4365079365079363
HMM3 (three regimes),77,Jump λ=10 real time,0.6908740593571923,0.09287982271333661,0.0,0.1111111111111111,3.5793650793650795
HMM3 (three regimes),77,Jump λ=30 ex post,0.7212201888431291,0.1077511575997715,0.0,0.12698412698412698,1.4682539682539681
HMM3 (three regimes),77,Jump λ=30 real time,0.6898269164338107,0.08948013443007785,0.0,0.15873015873015872,2.1984126984126986
HMM3 (three regimes),77,Jump λ=100 ex post,0.7112855788061779,0.19079582818674456,0.0,0.42857142857142855,0.5634920634920635
HMM3 (three regimes),77,Jump λ=100 real time,0.6344759965573044,0.10929909579251273,4.0,0.4603174603174603,1.1507936507936507
HMM3 (three regimes),78,"HMM-3 ex post, 3-class",0.9095092729623934,0.8595775279653142,,,0.7907444668008048
HMM3 (three regimes),78,HMM-2 ex post (smoothed),0.8766843132572493,0.31051379869947016,0.0,0.0196078431372549,5.568627450980392
HMM3 (three regimes),78,HMM-2 real time (filtered),0.8743255031390598,0.33166306143081936,0.0,0.0392156862745098,15.352941176470589
HMM3 (three regimes),78,Jump λ=10 ex post,0.7164897754279127,0.1327974885413793,0.0,0.11764705882352941,3.215686274509804
HMM3 (three regimes),78,Jump λ=10 real time,0.7080728477362774,0.12451154300209977,0.0,0.09803921568627451,4.764705882352941
HMM3 (three regimes),78,Jump λ=30 ex post,0.7673728467212317,0.18490814805802436,0.0,0.13725490196078433,1.6862745098039216
HMM3 (three regimes),78,Jump λ=30 real time,0.7264095872261056,0.14878775187173165,0.0,0.13725490196078433,2.5294117647058822
HMM3 (three regimes),78,Jump λ=100 ex post,0.7993251918446705,0.23239943687412623,0.0,0.17647058823529413,0.8529411764705882
HMM3 (three regimes),78,Jump λ=100 real time,0.7055752599082128,0.15039603910834243,0.0,0.23529411764705882,1.5294117647058822
HMM3 (three regimes),79,"HMM-3 ex post, 3-class",0.9077705703251033,0.851760665189215,,,0.7734082397003745
HMM3 (three regimes),79,HMM-2 ex post (smoothed),0.8359175890687188,0.1576724709539662,0.0,0.04,5.43
HMM3 (three regimes),79,HMM-2 real time (filtered),0.8423151487616423,0.1733413802829774,0.0,0.02,16.21
HMM3 (three regimes),79,Jump λ=10 ex post,0.6801462617951806,0.061293497932263685,0.0,0.04,3.49
HMM3 (three regimes),79,Jump λ=10 real time,0.6736265622747155,0.05799916753616241,0.0,0.02,5.32
HMM3 (three regimes),79,Jump λ=30 ex post,0.6927637468246238,0.06695091935163178,0.0,0.1,2.13
HMM3 (three regimes),79,Jump λ=30 real time,0.6728710327894869,0.05809219045965819,0.0,0.14,3.18
HMM3 (three regimes),79,Jump λ=100 ex post,0.7539918459347406,0.0984579451348031,0.0,0.16,0.97
HMM3 (three regimes),79,Jump λ=100 real time,0.6759518867621173,0.06276868174778205,0.0,0.22,1.77
HMM3 (three regimes),80,"HMM-3 ex post, 3-class",0.9278281237689369,0.8645102880469626,,,0.76
HMM3 (three regimes),80,HMM-2 ex post (smoothed),0.9011292987553279,0.37918847674717193,0.0,0.05357142857142857,5.553571428571429
HMM3 (three regimes),80,HMM-2 real time (filtered),0.8898931069056253,0.3915868702536741,0.0,0.05357142857142857,14.910714285714286
HMM3 (three regimes),80,Jump λ=10 ex post,0.7967721569559847,0.2738250840802957,0.0,0.10714285714285714,2.3214285714285716
HMM3 (three regimes),80,Jump λ=10 real time,0.7673947013351547,0.23360192324418005,1.0,0.125,3.5535714285714284
HMM3 (three regimes),80,Jump λ=30 ex post,0.8071617836194356,0.34801703469034007,1.0,0.21428571428571427,1.25
HMM3 (three regimes),80,Jump λ=30 real time,0.7555003140037537,0.264199121204861,3.0,0.25,1.8035714285714286
HMM3 (three regimes),80,Jump λ=100 ex post,0.8084233317401244,0.4970148636274264,1.0,0.375,0.5357142857142857
HMM3 (three regimes),80,Jump λ=100 real time,0.7153125529408375,0.29617827925103835,9.5,0.4642857142857143,0.8035714285714286
HMM3 (three regimes),81,"HMM-3 ex post, 3-class",0.9087536059521902,0.860429847558736,,,0.7439024390243902
HMM3 (three regimes),81,HMM-2 ex post (smoothed),0.8378503801611801,0.14782933984724256,0.0,0.0,5.848837209302325
HMM3 (three regimes),81,HMM-2 real time (filtered),0.8476043975774652,0.16351515905561476,0.0,0.0,17.5
HMM3 (three regimes),81,Jump λ=10 ex post,0.6856705822232351,0.07443640579889899,0.0,0.11627906976744186,4.058139534883721
HMM3 (three regimes),81,Jump λ=10 real time,0.6791077088814768,0.06937142299274679,0.0,0.11627906976744186,5.6395348837209305
HMM3 (three regimes),81,Jump λ=30 ex post,0.7172163638498139,0.09274685121809223,0.0,0.11627906976744186,2.2674418604651163
HMM3 (three regimes),81,Jump λ=30 real time,0.7028351529967474,0.08253010905642477,0.0,0.18604651162790697,3.755813953488372
HMM3 (three regimes),81,Jump λ=100 ex post,0.7115919810506398,0.11407789763072418,0.0,0.3953488372093023,0.9883720930232558
HMM3 (three regimes),81,Jump λ=100 real time,0.6949960982549186,0.09632385950405342,0.0,0.37209302325581395,1.755813953488372
HMM3 (three regimes),82,"HMM-3 ex post, 3-class",0.9001930714588372,0.853145999613989,,,0.756385068762279
HMM3 (three regimes),82,HMM-2 ex post (smoothed),0.8324861663447158,0.19520716498624602,0.0,0.0,4.679245283018868
HMM3 (three regimes),82,HMM-2 real time (filtered),0.8369416178680165,0.20874945023353264,0.0,0.0,13.943396226415095
HMM3 (three regimes),82,Jump λ=10 ex post,0.6956125024304497,0.10467191102604867,0.0,0.1320754716981132,3.5660377358490565
HMM3 (three regimes),82,Jump λ=10 real time,0.6841666421677017,0.09566015670157157,0.0,0.1320754716981132,4.830188679245283
HMM3 (three regimes),82,Jump λ=30 ex post,0.7101065712190202,0.11313750177640258,0.0,0.11320754716981132,1.9339622641509433
HMM3 (three regimes),82,Jump λ=30 real time,0.6900365540594802,0.09832709555700414,0.0,0.1509433962264151,3.1037735849056602
HMM3 (three regimes),82,Jump λ=100 ex post,0.70527562394052,0.10183409171753499,0.0,0.20754716981132076,0.8962264150943396
HMM3 (three regimes),82,Jump λ=100 real time,0.6507023151545881,0.07275460045103532,0.0,0.20754716981132076,1.4056603773584906
HMM3 (three regimes),83,"HMM-3 ex post, 3-class",0.9223764906822395,0.8661724140557361,,,0.7538167938931297
HMM3 (three regimes),83,HMM-2 ex post (smoothed),0.8419892343339375,0.17677743430036708,0.0,0.0196078431372549,5.313725490196078
HMM3 (three regimes),83,HMM-2 real time (filtered),0.8493132575677393,0.19373796626959372,0.0,0.0196078431372549,15.0
HMM3 (three regimes),83,Jump λ=10 ex post,0.7041858685171833,0.08759451288211673,0.0,0.0784313725490196,2.892156862745098
HMM3 (three regimes),83,Jump λ=10 real time,0.6931821934903777,0.0806082198524779,0.0,0.11764705882352941,4.578431372549019
HMM3 (three regimes),83,Jump λ=30 ex post,0.7150039214556188,0.09617421505898716,0.0,0.11764705882352941,1.7941176470588236
HMM3 (three regimes),83,Jump λ=30 real time,0.6946900876025969,0.08413985822027048,0.0,0.09803921568627451,2.519607843137255
HMM3 (three regimes),83,Jump λ=100 ex post,0.7493097354619896,0.12940125046524031,0.0,0.1568627450980392,0.9607843137254902
HMM3 (three regimes),83,Jump λ=100 real time,0.705741376281203,0.09747700526376568,0.0,0.19607843137254902,1.7156862745098038
HMM3 (three regimes),84,"HMM-3 ex post, 3-class",0.9094846452771755,0.8495444116849952,,,0.8091451292246521
HMM3 (three regimes),84,HMM-2 ex post (smoothed),0.8307775350157622,0.14259420574101522,0.0,0.02040816326530612,4.561224489795919
HMM3 (three regimes),84,HMM-2 real time (filtered),0.8329095529665342,0.15258760667406024,0.0,0.02040816326530612,14.418367346938776
HMM3 (three regimes),84,Jump λ=10 ex post,0.7077690585203559,0.08075368366530278,0.0,0.12244897959183673,3.7551020408163267
HMM3 (three regimes),84,Jump λ=10 real time,0.7013226237507326,0.07554201630020096,0.0,0.12244897959183673,5.26530612244898
HMM3 (three regimes),84,Jump λ=30 ex post,0.747037106792311,0.11454809300852287,0.0,0.1836734693877551,1.816326530612245
HMM3 (three regimes),84,Jump λ=30 real time,0.72038850484398,0.09618559125366666,0.0,0.22448979591836735,2.8979591836734695
HMM3 (three regimes),84,Jump λ=100 ex post,0.762813780038213,0.12655204289828847,0.0,0.20408163265306123,0.8979591836734694
HMM3 (three regimes),84,Jump λ=100 real time,0.6948597255220299,0.08833173801818195,0.0,0.40816326530612246,1.4081632653061225
HMM3 (three regimes),85,"HMM-3 ex post, 3-class",0.9088767271418042,0.8492321897587476,,,0.7283950617283951
HMM3 (three regimes),85,HMM-2 ex post (smoothed),0.963344136497693,0.794377990646405,0.0,0.14285714285714285,2.107142857142857
HMM3 (three regimes),85,HMM-2 real time (filtered),0.9206858959862637,0.7149640078663348,0.5,0.14285714285714285,5.535714285714286
HMM3 (three regimes),85,Jump λ=10 ex post,0.7279262230370775,0.13287725112135662,0.0,0.125,3.017857142857143
HMM3 (three regimes),85,Jump λ=10 real time,0.7136322379676863,0.12213226342149275,0.0,0.19642857142857142,4.955357142857143
HMM3 (three regimes),85,Jump λ=30 ex post,0.7665379713609575,0.1779062504009612,0.0,0.14285714285714285,1.6607142857142858
HMM3 (three regimes),85,Jump λ=30 real time,0.7349311883054518,0.15138340539384676,0.0,0.19642857142857142,2.4732142857142856
HMM3 (three regimes),85,Jump λ=100 ex post,0.7732676234813665,0.18588329149268246,0.0,0.23214285714285715,0.8214285714285714
HMM3 (three regimes),85,Jump λ=100 real time,0.689919572785868,0.12125589633839007,0.0,0.375,1.5267857142857142
HMM3 (three regimes),86,"HMM-3 ex post, 3-class",0.9159380808366073,0.8570020423568556,,,0.7467166979362101
HMM3 (three regimes),86,HMM-2 ex post (smoothed),0.8772344497685163,0.26740952792698436,0.0,0.01694915254237288,5.211864406779661
HMM3 (three regimes),86,HMM-2 real time (filtered),0.8775697690994326,0.2904992239984968,0.0,0.03389830508474576,13.805084745762711
HMM3 (three regimes),86,Jump λ=10 ex post,0.7138000913623683,0.10749605900316717,0.0,0.1016949152542373,2.8813559322033897
HMM3 (three regimes),86,Jump λ=10 real time,0.6925225004130746,0.09229452490287493,0.0,0.1016949152542373,4.254237288135593
HMM3 (three regimes),86,Jump λ=30 ex post,0.7302570619547011,0.1182152208924353,0.0,0.1016949152542373,1.5593220338983051
HMM3 (three regimes),86,Jump λ=30 real time,0.6876522706140393,0.08962837592785122,0.0,0.1016949152542373,2.6440677966101696
HMM3 (three regimes),86,Jump λ=100 ex post,0.7260003693372341,0.11431977826805717,0.0,0.13559322033898305,0.788135593220339
HMM3 (three regimes),86,Jump λ=100 real time,0.6559127570376562,0.0715827358862956,0.0,0.2711864406779661,1.2372881355932204
HMM3 (three regimes),87,"HMM-3 ex post, 3-class",0.9114143463842089,0.858707446547694,,,0.7760617760617761
HMM3 (three regimes),87,HMM-2 ex post (smoothed),0.8550216206420305,0.22735027666448426,0.0,0.03636363636363636,5.2
HMM3 (three regimes),87,HMM-2 real time (filtered),0.8533488523614232,0.23945446207643306,0.0,0.03636363636363636,13.672727272727272
HMM3 (three regimes),87,Jump λ=10 ex post,0.7821650467001042,0.18367220057767764,0.0,0.10909090909090909,2.3454545454545452
HMM3 (three regimes),87,Jump λ=10 real time,0.7591446791203889,0.160285661866303,0.0,0.09090909090909091,3.4363636363636365
HMM3 (three regimes),87,Jump λ=30 ex post,0.7867212072722711,0.2052735363227961,0.0,0.18181818181818182,1.4363636363636363
HMM3 (three regimes),87,Jump λ=30 real time,0.7424251196555861,0.16133481864945454,1.0,0.14545454545454545,2.090909090909091
HMM3 (three regimes),87,Jump λ=100 ex post,0.7989027236775557,0.43273553659866837,0.0,0.4,0.45454545454545453
HMM3 (three regimes),87,Jump λ=100 real time,0.7028374683355849,0.2569133669839794,7.0,0.41818181818181815,0.6909090909090909
HMM3 (three regimes),88,"HMM-3 ex post, 3-class",0.9052689400815407,0.8467133524432209,,,0.7671957671957672
HMM3 (three regimes),88,HMM-2 ex post (smoothed),0.9260625847448349,0.49774918861869555,0.0,0.046153846153846156,3.7384615384615385
HMM3 (three regimes),88,HMM-2 real time (filtered),0.9060838981208876,0.5024964389688324,0.0,0.046153846153846156,9.615384615384615
HMM3 (three regimes),88,Jump λ=10 ex post,0.7287224933641578,0.1372100296699701,0.0,0.07692307692307693,2.707692307692308
HMM3 (three regimes),88,Jump λ=10 real time,0.7007483980255622,0.11579590043797583,0.0,0.07692307692307693,4.061538461538461
HMM3 (three regimes),88,Jump λ=30 ex post,0.7741207587084802,0.2029763528473656,0.0,0.09230769230769231,1.4076923076923078
HMM3 (three regimes),88,Jump λ=30 real time,0.7131854285078021,0.14910617274512816,0.0,0.16923076923076924,2.0538461538461537
HMM3 (three regimes),88,Jump λ=100 ex post,0.7769131438538066,0.2798403694873586,0.0,0.35384615384615387,0.5153846153846153
HMM3 (three regimes),88,Jump λ=100 real time,0.6910660141459011,0.17046010258823407,0.0,0.36923076923076925,0.9615384615384616
HMM3 (three regimes),89,"HMM-3 ex post, 3-class",0.9221525413477886,0.8686692931290334,,,0.7357001972386588
HMM3 (three regimes),89,HMM-2 ex post (smoothed),0.8670258136924803,0.27999910426842445,0.0,0.04477611940298507,4.276119402985074
HMM3 (three regimes),89,HMM-2 real time (filtered),0.8658572908572908,0.296401716835458,0.0,0.04477611940298507,11.574626865671641
HMM3 (three regimes),89,Jump λ=10 ex post,0.7572951739618407,0.18913588019183625,0.0,0.16417910447761194,1.7761194029850746
HMM3 (three regimes),89,Jump λ=10 real time,0.7348584131917465,0.1655068041851785,0.0,0.208955223880597,2.582089552238806
HMM3 (three regimes),89,Jump λ=30 ex post,0.7635310368643702,0.19718251630440398,0.0,0.208955223880597,1.0
HMM3 (three regimes),89,Jump λ=30 real time,0.7332931882931883,0.16662273314594533,0.0,0.2537313432835821,1.5820895522388059
HMM3 (three regimes),89,Jump λ=100 ex post,0.7969122852456185,0.2634523776237436,0.0,0.31343283582089554,0.44029850746268656
HMM3 (three regimes),89,Jump λ=100 real time,0.712674609341276,0.1711379998596666,0.0,0.3880597014925373,0.746268656716418
HMM3 (three regimes),90,"HMM-3 ex post, 3-class",0.9102622818870884,0.8585098165566675,,,0.8922155688622755
HMM3 (three regimes),90,HMM-2 ex post (smoothed),0.8272339582665778,0.15450286754096176,0.0,0.02,5.63
HMM3 (three regimes),90,HMM-2 real time (filtered),0.8340277726029195,0.17030713928298047,0.0,0.02,16.49
HMM3 (three regimes),90,Jump λ=10 ex post,0.7516889134824862,0.12116782619450406,0.0,0.1,3.04
HMM3 (three regimes),90,Jump λ=10 real time,0.7364414573693574,0.10910599319766134,0.0,0.04,4.58
HMM3 (three regimes),90,Jump λ=30 ex post,0.7594158248741427,0.1266940874147653,0.0,0.14,1.86
HMM3 (three regimes),90,Jump λ=30 real time,0.7177639516248642,0.1013744090334342,0.0,0.08,2.98
HMM3 (three regimes),90,Jump λ=100 ex post,0.7682075618420936,0.18046926335156344,0.0,0.32,0.91
HMM3 (three regimes),90,Jump λ=100 real time,0.7108554757839469,0.12305651394326234,0.0,0.28,1.59
HMM3 (three regimes),91,"HMM-3 ex post, 3-class",0.9252289490016768,0.8550289319189202,,,0.8197674418604651
HMM3 (three regimes),91,HMM-2 ex post (smoothed),0.9151110461808647,0.383477397771375,0.0,0.0784313725490196,5.068627450980392
HMM3 (three regimes),91,HMM-2 real time (filtered),0.911044789502325,0.4025291724968766,0.0,0.0784313725490196,13.53921568627451
HMM3 (three regimes),91,Jump λ=10 ex post,0.775310814905511,0.19001571689528907,0.0,0.0784313725490196,2.4901960784313726
HMM3 (three regimes),91,Jump λ=10 real time,0.7455495726971406,0.15895771388997593,1.0,0.11764705882352941,3.5294117647058822
HMM3 (three regimes),91,Jump λ=30 ex post,0.7948559785297319,0.22060646333435563,0.0,0.09803921568627451,1.4803921568627452
HMM3 (three regimes),91,Jump λ=30 real time,0.7209514445433858,0.15440227214045954,2.5,0.13725490196078433,2.1666666666666665
HMM3 (three regimes),91,Jump λ=100 ex post,0.8136343468635598,0.33608017932669665,0.0,0.23529411764705882,0.6372549019607843
HMM3 (three regimes),91,Jump λ=100 real time,0.6778288716978331,0.1644007563435962,6.0,0.4117647058823529,1.0686274509803921
HMM3 (three regimes),92,"HMM-3 ex post, 3-class",0.9107086584446932,0.8561047376621997,,,0.8113948919449901
HMM3 (three regimes),92,HMM-2 ex post (smoothed),0.8618352977715871,0.2193357006665425,0.0,0.05660377358490566,5.990566037735849
HMM3 (three regimes),92,HMM-2 real time (filtered),0.866213976219309,0.24216861730020434,0.0,0.03773584905660377,16.08490566037736
HMM3 (three regimes),92,Jump λ=10 ex post,0.7751265917828221,0.14735419304951503,0.0,0.09433962264150944,3.0377358490566038
HMM3 (three regimes),92,Jump λ=10 real time,0.7552249181434794,0.1307567752880785,0.0,0.09433962264150944,4.0754716981132075
HMM3 (three regimes),92,Jump λ=30 ex post,0.8008388382480467,0.17664432225264037,0.0,0.11320754716981132,1.6603773584905661
HMM3 (three regimes),92,Jump λ=30 real time,0.7452548105327921,0.132868114120399,0.0,0.1320754716981132,2.6037735849056602
HMM3 (three regimes),92,Jump λ=100 ex post,0.8220816970052824,0.3474015727372851,0.0,0.33962264150943394,0.5471698113207547
HMM3 (three regimes),92,Jump λ=100 real time,0.6930425659538249,0.18006603335354776,7.0,0.4528301886792453,0.9433962264150944
HMM3 (three regimes),93,"HMM-3 ex post, 3-class",0.8769863965653703,0.8404214151847893,,,0.7647058823529411
HMM3 (three regimes),93,HMM-2 ex post (smoothed),0.8268526077283433,0.11415554268995376,0.0,0.0,5.107142857142857
HMM3 (three regimes),93,HMM-2 real time (filtered),0.8245416615803624,0.11985717495734005,0.0,0.0,16.05952380952381
HMM3 (three regimes),93,Jump λ=10 ex post,0.664840561407513,0.0462585311772703,0.0,0.14285714285714285,4.523809523809524
HMM3 (three regimes),93,Jump λ=10 real time,0.6528687467427085,0.04174150211397387,0.0,0.09523809523809523,6.333333333333333
HMM3 (three regimes),93,Jump λ=30 ex post,0.6793267604476595,0.05261969388930765,0.0,0.19047619047619047,2.5714285714285716
HMM3 (three regimes),93,Jump λ=30 real time,0.6522144646378512,0.04314419161106331,0.0,0.14285714285714285,3.880952380952381
HMM3 (three regimes),93,Jump λ=100 ex post,0.7319020507895269,0.09854998007898386,0.0,0.30952380952380953,0.9880952380952381
HMM3 (three regimes),93,Jump λ=100 real time,0.646052499361824,0.055719031835123944,0.0,0.3333333333333333,1.6428571428571428
HMM3 (three regimes),94,"HMM-3 ex post, 3-class",0.9176732025368283,0.8646343264172923,,,0.8333333333333334
HMM3 (three regimes),94,HMM-2 ex post (smoothed),0.8394889886468773,0.21767735195503402,0.0,0.0,4.2844827586206895
HMM3 (three regimes),94,HMM-2 real time (filtered),0.839011222256169,0.22916796082840885,0.0,0.0,13.14655172413793
HMM3 (three regimes),94,Jump λ=10 ex post,0.7922746076917576,0.22840502873470514,0.0,0.1724137931034483,2.2241379310344827
HMM3 (three regimes),94,Jump λ=10 real time,0.7747003513910713,0.2024436455600922,0.0,0.13793103448275862,3.3275862068965516
HMM3 (three regimes),94,Jump λ=30 ex post,0.82222659794103,0.27044022496721865,0.0,0.22413793103448276,1.2758620689655173
HMM3 (three regimes),94,Jump λ=30 real time,0.7659553790987319,0.2049892327152858,1.0,0.1206896551724138,1.9482758620689655
HMM3 (three regimes),94,Jump λ=100 ex post,0.8414864810314839,0.32223570212941055,0.0,0.22413793103448276,0.6206896551724138
HMM3 (three regimes),94,Jump λ=100 real time,0.7201506261320598,0.18828856920703285,3.0,0.3275862068965517,0.9310344827586207
HMM3 (three regimes),95,"HMM-3 ex post, 3-class",0.9298894110323509,0.8654203913726297,,,0.8084291187739464
HMM3 (three regimes),95,HMM-2 ex post (smoothed),0.9137234533318289,0.39785980817558286,0.0,0.018867924528301886,5.0754716981132075
HMM3 (three regimes),95,HMM-2 real time (filtered),0.9024604755934883,0.41426147018991566,0.0,0.0,13.754716981132075
HMM3 (three regimes),95,Jump λ=10 ex post,0.6966412907807786,0.1070359594964071,0.0,0.18867924528301888,3.443396226415094
HMM3 (three regimes),95,Jump λ=10 real time,0.6861423826672224,0.09764856731684024,0.0,0.22641509433962265,5.1415094339622645
HMM3 (three regimes),95,Jump λ=30 ex post,0.7287550611786335,0.1335866338619892,0.0,0.22641509433962265,2.047169811320755
HMM3 (three regimes),95,Jump λ=30 real time,0.7004411683928726,0.11305005297528781,0.0,0.32075471698113206,2.9716981132075473
HMM3 (three regimes),95,Jump λ=100 ex post,0.8163350377143648,0.3520515562081391,0.0,0.49056603773584906,0.5377358490566038
HMM3 (three regimes),95,Jump λ=100 real time,0.7424066945411983,0.2473565497289092,5.0,0.5660377358490566,1.179245283018868
HMM3 (three regimes),96,"HMM-3 ex post, 3-class",0.9128943742243792,0.8654405375242434,,,0.7272727272727273
HMM3 (three regimes),96,HMM-2 ex post (smoothed),0.8317316379211992,0.15762036596999796,0.0,0.020833333333333332,5.052083333333333
HMM3 (three regimes),96,HMM-2 real time (filtered),0.8321855686938227,0.168698466364531,0.0,0.0,15.40625
HMM3 (three regimes),96,Jump λ=10 ex post,0.7470791857150993,0.1281105758547746,0.0,0.22916666666666666,3.0625
HMM3 (three regimes),96,Jump λ=10 real time,0.72976180507229,0.11201826946338245,0.0,0.14583333333333334,4.458333333333333
HMM3 (three regimes),96,Jump λ=30 ex post,0.7633203354166576,0.14632858554008332,0.0,0.25,1.625
HMM3 (three regimes),96,Jump λ=30 real time,0.7379075539278175,0.12240879979724717,0.0,0.25,2.6458333333333335
HMM3 (three regimes),96,Jump λ=100 ex post,0.8250862843236573,0.32491412289295485,0.0,0.3958333333333333,0.6041666666666666
HMM3 (three regimes),96,Jump λ=100 real time,0.7214649200320631,0.18956807758410854,4.5,0.4583333333333333,1.1041666666666667
HMM3 (three regimes),97,"HMM-3 ex post, 3-class",0.9206152758213612,0.8434644391568561,,,0.7261029411764706
HMM3 (three regimes),97,HMM-2 ex post (smoothed),0.8602835940522974,0.21230453785447068,0.0,0.0,6.4021739130434785
HMM3 (three regimes),97,HMM-2 real time (filtered),0.863165156744659,0.22877273192510583,0.0,0.0,17.315217391304348
HMM3 (three regimes),97,Jump λ=10 ex post,0.774088741239095,0.16080509797710996,0.0,0.10869565217391304,3.0434782608695654
HMM3 (three regimes),97,Jump λ=10 real time,0.7509022252794204,0.14204451526938744,1.0,0.13043478260869565,4.130434782608695
HMM3 (three regimes),97,Jump λ=30 ex post,0.8056441686378633,0.20711547737158664,0.0,0.15217391304347827,1.565217391304348
HMM3 (three regimes),97,Jump λ=30 real time,0.7646303661069613,0.1689050122073984,1.0,0.21739130434782608,2.5217391304347827
HMM3 (three regimes),97,Jump λ=100 ex post,0.8298105001281194,0.39139336684876846,0.0,0.3695652173913043,0.5869565217391305
HMM3 (three regimes),97,Jump λ=100 real time,0.7086696045412417,0.20282910187191927,6.5,0.43478260869565216,1.173913043478261
HMM3 (three regimes),98,"HMM-3 ex post, 3-class",0.9028393995908989,0.842168991844177,,,0.7885714285714286
HMM3 (three regimes),98,HMM-2 ex post (smoothed),0.8588485830733394,0.22836623521683186,0.0,0.021739130434782608,5.934782608695652
HMM3 (three regimes),98,HMM-2 real time (filtered),0.861205942765688,0.2487198306548517,0.0,0.021739130434782608,17.347826086956523
HMM3 (three regimes),98,Jump λ=10 ex post,0.7340320367652537,0.1317297533254843,0.0,0.08695652173913043,3.5
HMM3 (three regimes),98,Jump λ=10 real time,0.7130780208707935,0.11456155981968041,0.0,0.13043478260869565,5.043478260869565
HMM3 (three regimes),98,Jump λ=30 ex post,0.7665316884867217,0.17909051650362007,0.0,0.17391304347826086,1.9130434782608696
HMM3 (three regimes),98,Jump λ=30 real time,0.7220216920829,0.13939113258258884,2.0,0.21739130434782608,2.8260869565217392
HMM3 (three regimes),98,Jump λ=100 ex post,0.7916717288546333,0.32347422141917503,0.0,0.43478260869565216,0.5217391304347826
HMM3 (three regimes),98,Jump λ=100 real time,0.6848194702278552,0.17348114077185506,9.0,0.3695652173913043,1.2391304347826086
HMM3 (three regimes),99,"HMM-3 ex post, 3-class",0.9121441591008983,0.8592850503894658,,,0.7610062893081762
HMM3 (three regimes),99,HMM-2 ex post (smoothed),0.8559850389960552,0.19615742057946473,0.0,0.0,5.571428571428571
HMM3 (three regimes),99,HMM-2 real time (filtered),0.8578913639093619,0.20962473812562366,0.0,0.047619047619047616,15.642857142857142
HMM3 (three regimes),99,Jump λ=10 ex post,0.7190170466953547,0.09252456387780539,0.0,0.023809523809523808,3.9523809523809526
HMM3 (three regimes),99,Jump λ=10 real time,0.7034785122791338,0.0836449562521373,0.0,0.023809523809523808,5.738095238095238
HMM3 (three regimes),99,Jump λ=30 ex post,0.7276533507944394,0.1028807756565927,0.0,0.09523809523809523,2.2857142857142856
HMM3 (three regimes),99,Jump λ=30 real time,0.7026844375283094,0.08821932713392322,0.0,0.11904761904761904,3.3095238095238093
HMM3 (three regimes),99,Jump λ=100 ex post,0.7505395670335883,0.1315424145097004,0.0,0.21428571428571427,1.0238095238095237
HMM3 (three regimes),99,Jump λ=100 real time,0.6890378194109652,0.09151629128150296,0.0,0.2857142857142857,1.8095238095238095
