dgp,rep,pair,kappa
HMM2 (correctly specified),0,HMM-2 vs Jump λ=10,0.30085084363512227
HMM2 (correctly specified),0,HMM-2 vs Jump λ=30,0.3891008139993948
HMM2 (correctly specified),0,HMM-2 vs Jump λ=100,0.44057115437273153
HMM2 (correctly specified),0,HMM-2 vs Change-point (PELT),0.7112211487282053
HMM2 (correctly specified),0,Jump λ=10 vs Jump λ=30,0.8215676228250075
HMM2 (correctly specified),0,Jump λ=10 vs Jump λ=100,0.5886301778943805
HMM2 (correctly specified),0,Jump λ=10 vs Change-point (PELT),0.31394688352890654
HMM2 (correctly specified),0,Jump λ=30 vs Jump λ=100,0.7388446174919021
HMM2 (correctly specified),0,Jump λ=30 vs Change-point (PELT),0.4179905005480453
HMM2 (correctly specified),0,Jump λ=100 vs Change-point (PELT),0.47934662855865495
HMM2 (correctly specified),1,HMM-2 vs Jump λ=10,0.23412451892736186
HMM2 (correctly specified),1,HMM-2 vs Jump λ=30,0.34899248384756654
HMM2 (correctly specified),1,HMM-2 vs Jump λ=100,0.3176661792158946
HMM2 (correctly specified),1,HMM-2 vs Change-point (PELT),0.7347972517041894
HMM2 (correctly specified),1,Jump λ=10 vs Jump λ=30,0.7750262878763529
HMM2 (correctly specified),1,Jump λ=10 vs Jump λ=100,0.6199096895168449
HMM2 (correctly specified),1,Jump λ=10 vs Change-point (PELT),0.2725764751284345
HMM2 (correctly specified),1,Jump λ=30 vs Jump λ=100,0.7995403891139005
HMM2 (correctly specified),1,Jump λ=30 vs Change-point (PELT),0.4045492633876374
HMM2 (correctly specified),1,Jump λ=100 vs Change-point (PELT),0.38983843627043113
HMM2 (correctly specified),2,HMM-2 vs Jump λ=10,0.2725418981587767
HMM2 (correctly specified),2,HMM-2 vs Jump λ=30,0.32876036558024435
HMM2 (correctly specified),2,HMM-2 vs Jump λ=100,0.4152385483879525
HMM2 (correctly specified),2,HMM-2 vs Change-point (PELT),0.6804160524619001
HMM2 (correctly specified),2,Jump λ=10 vs Jump λ=30,0.8745320529319358
HMM2 (correctly specified),2,Jump λ=10 vs Jump λ=100,0.4848040835812125
HMM2 (correctly specified),2,Jump λ=10 vs Change-point (PELT),0.34385262278407447
HMM2 (correctly specified),2,Jump λ=30 vs Jump λ=100,0.565682979693908
HMM2 (correctly specified),2,Jump λ=30 vs Change-point (PELT),0.40138561971735276
HMM2 (correctly specified),2,Jump λ=100 vs Change-point (PELT),0.464102251669517
HMM2 (correctly specified),3,HMM-2 vs Jump λ=10,0.5025390936841629
HMM2 (correctly specified),3,HMM-2 vs Jump λ=30,0.5126481247918178
HMM2 (correctly specified),3,HMM-2 vs Jump λ=100,0.494424274252669
HMM2 (correctly specified),3,HMM-2 vs Change-point (PELT),0.7657370782852658
HMM2 (correctly specified),3,Jump λ=10 vs Jump λ=30,0.9248045100931223
HMM2 (correctly specified),3,Jump λ=10 vs Jump λ=100,0.7194235606634908
HMM2 (correctly specified),3,Jump λ=10 vs Change-point (PELT),0.545952276165645
HMM2 (correctly specified),3,Jump λ=30 vs Jump λ=100,0.7687994677476655
HMM2 (correctly specified),3,Jump λ=30 vs Change-point (PELT),0.5632436840777079
HMM2 (correctly specified),3,Jump λ=100 vs Change-point (PELT),0.577834978170353
HMM2 (correctly specified),4,HMM-2 vs Jump λ=10,0.4694506909659185
HMM2 (correctly specified),4,HMM-2 vs Jump λ=30,0.4908592902604417
HMM2 (correctly specified),4,HMM-2 vs Jump λ=100,0.4769474840336818
HMM2 (correctly specified),4,HMM-2 vs Change-point (PELT),0.6954849509463906
HMM2 (correctly specified),4,Jump λ=10 vs Jump λ=30,0.896747374916172
HMM2 (correctly specified),4,Jump λ=10 vs Jump λ=100,0.7368546842351347
HMM2 (correctly specified),4,Jump λ=10 vs Change-point (PELT),0.4561480998956493
HMM2 (correctly specified),4,Jump λ=30 vs Jump λ=100,0.8111897817059037
HMM2 (correctly specified),4,Jump λ=30 vs Change-point (PELT),0.485025099680894
HMM2 (correctly specified),4,Jump λ=100 vs Change-point (PELT),0.4908120703453074
HMM2 (correctly specified),5,HMM-2 vs Jump λ=10,0.3287489439462514
HMM2 (correctly specified),5,HMM-2 vs Jump λ=30,0.3531276424388816
HMM2 (correctly specified),5,HMM-2 vs Jump λ=100,0.3477140254484874
HMM2 (correctly specified),5,HMM-2 vs Change-point (PELT),0.6956073285518096
HMM2 (correctly specified),5,Jump λ=10 vs Jump λ=30,0.859568357310042
HMM2 (correctly specified),5,Jump λ=10 vs Jump λ=100,0.6795645865072337
HMM2 (correctly specified),5,Jump λ=10 vs Change-point (PELT),0.33241263617604144
HMM2 (correctly specified),5,Jump λ=30 vs Jump λ=100,0.7853480222647996
HMM2 (correctly specified),5,Jump λ=30 vs Change-point (PELT),0.36502940650015403
HMM2 (correctly specified),5,Jump λ=100 vs Change-point (PELT),0.35868576355865867
HMM2 (correctly specified),6,HMM-2 vs Jump λ=10,0.296345909452742
HMM2 (correctly specified),6,HMM-2 vs Jump λ=30,0.3129103060018391
HMM2 (correctly specified),6,HMM-2 vs Jump λ=100,0.2761983300545555
HMM2 (correctly specified),6,HMM-2 vs Change-point (PELT),0.6351164693966385
HMM2 (correctly specified),6,Jump λ=10 vs Jump λ=30,0.8891111352213932
HMM2 (correctly specified),6,Jump λ=10 vs Jump λ=100,0.7244717326087265
HMM2 (correctly specified),6,Jump λ=10 vs Change-point (PELT),0.31952710073327184
HMM2 (correctly specified),6,Jump λ=30 vs Jump λ=100,0.8264850690091458
HMM2 (correctly specified),6,Jump λ=30 vs Change-point (PELT),0.35573209330464894
HMM2 (correctly specified),6,Jump λ=100 vs Change-point (PELT),0.3454146669124666
HMM2 (correctly specified),7,HMM-2 vs Jump λ=10,0.39712717625257044
HMM2 (correctly specified),7,HMM-2 vs Jump λ=30,0.43577548632394836
HMM2 (correctly specified),7,HMM-2 vs Jump λ=100,0.4466850484879784
HMM2 (correctly specified),7,HMM-2 vs Change-point (PELT),0.6716372392619739
HMM2 (correctly specified),7,Jump λ=10 vs Jump λ=30,0.8728644222322707
HMM2 (correctly specified),7,Jump λ=10 vs Jump λ=100,0.6631575503591929
HMM2 (correctly specified),7,Jump λ=10 vs Change-point (PELT),0.42451426044411245
HMM2 (correctly specified),7,Jump λ=30 vs Jump λ=100,0.7350066302014326
HMM2 (correctly specified),7,Jump λ=30 vs Change-point (PELT),0.479506348744815
HMM2 (correctly specified),7,Jump λ=100 vs Change-point (PELT),0.49889056419726474
HMM2 (correctly specified),8,HMM-2 vs Jump λ=10,0.45266296788044347
HMM2 (correctly specified),8,HMM-2 vs Jump λ=30,0.48523004696742467
HMM2 (correctly specified),8,HMM-2 vs Jump λ=100,0.5014770929425019
HMM2 (correctly specified),8,HMM-2 vs Change-point (PELT),0.7190416979234104
HMM2 (correctly specified),8,Jump λ=10 vs Jump λ=30,0.8929847648691469
HMM2 (correctly specified),8,Jump λ=10 vs Jump λ=100,0.7475189338349733
HMM2 (correctly specified),8,Jump λ=10 vs Change-point (PELT),0.47749016553663426
HMM2 (correctly specified),8,Jump λ=30 vs Jump λ=100,0.8278205833855099
HMM2 (correctly specified),8,Jump λ=30 vs Change-point (PELT),0.5248699397596089
HMM2 (correctly specified),8,Jump λ=100 vs Change-point (PELT),0.5514272101247348
HMM2 (correctly specified),9,HMM-2 vs Jump λ=10,0.402542032261775
HMM2 (correctly specified),9,HMM-2 vs Jump λ=30,0.42811253166922947
HMM2 (correctly specified),9,HMM-2 vs Jump λ=100,0.3670085409698898
HMM2 (correctly specified),9,HMM-2 vs Change-point (PELT),0.6072403619927296
HMM2 (correctly specified),9,Jump λ=10 vs Jump λ=30,0.7567047930954641
HMM2 (correctly specified),9,Jump λ=10 vs Jump λ=100,0.5418968880255248
HMM2 (correctly specified),9,Jump λ=10 vs Change-point (PELT),0.37874240338361653
HMM2 (correctly specified),9,Jump λ=30 vs Jump λ=100,0.753846937197612
HMM2 (correctly specified),9,Jump λ=30 vs Change-point (PELT),0.40585576056532646
HMM2 (correctly specified),9,Jump λ=100 vs Change-point (PELT),0.3624428261977315
HMM2 (correctly specified),10,HMM-2 vs Jump λ=10,0.47954469759341045
HMM2 (correctly specified),10,HMM-2 vs Jump λ=30,0.47767719744170756
HMM2 (correctly specified),10,HMM-2 vs Jump λ=100,0.3956970372400487
HMM2 (correctly specified),10,HMM-2 vs Change-point (PELT),0.6391722689305465
HMM2 (correctly specified),10,Jump λ=10 vs Jump λ=30,0.9199630134321009
HMM2 (correctly specified),10,Jump λ=10 vs Jump λ=100,0.6299079994684134
HMM2 (correctly specified),10,Jump λ=10 vs Change-point (PELT),0.417140789122033
HMM2 (correctly specified),10,Jump λ=30 vs Jump λ=100,0.6873088645774975
HMM2 (correctly specified),10,Jump λ=30 vs Change-point (PELT),0.42143902734142913
HMM2 (correctly specified),10,Jump λ=100 vs Change-point (PELT),0.3590394072517036
HMM2 (correctly specified),11,HMM-2 vs Jump λ=10,0.32304096778276703
HMM2 (correctly specified),11,HMM-2 vs Jump λ=30,0.3604769647295283
HMM2 (correctly specified),11,HMM-2 vs Jump λ=100,0.4588699083369281
HMM2 (correctly specified),11,HMM-2 vs Change-point (PELT),0.6802601593445636
HMM2 (correctly specified),11,Jump λ=10 vs Jump λ=30,0.8639360641408462
HMM2 (correctly specified),11,Jump λ=10 vs Jump λ=100,0.5582894487803248
HMM2 (correctly specified),11,Jump λ=10 vs Change-point (PELT),0.31861696410222073
HMM2 (correctly specified),11,Jump λ=30 vs Jump λ=100,0.6575811328599148
HMM2 (correctly specified),11,Jump λ=30 vs Change-point (PELT),0.35223316914435765
HMM2 (correctly specified),11,Jump λ=100 vs Change-point (PELT),0.46492263867247463
HMM2 (correctly specified),12,HMM-2 vs Jump λ=10,0.3328130280101488
HMM2 (correctly specified),12,HMM-2 vs Jump λ=30,0.4017214193677199
HMM2 (correctly specified),12,HMM-2 vs Jump λ=100,0.42256168360478985
HMM2 (correctly specified),12,HMM-2 vs Change-point (PELT),0.6069998184653884
HMM2 (correctly specified),12,Jump λ=10 vs Jump λ=30,0.827681035674367
HMM2 (correctly specified),12,Jump λ=10 vs Jump λ=100,0.6342217244798551
HMM2 (correctly specified),12,Jump λ=10 vs Change-point (PELT),0.36573699732144227
HMM2 (correctly specified),12,Jump λ=30 vs Jump λ=100,0.7865937502577516
HMM2 (correctly specified),12,Jump λ=30 vs Change-point (PELT),0.44220232270274407
HMM2 (correctly specified),12,Jump λ=100 vs Change-point (PELT),0.4597637391382342
HMM2 (correctly specified),13,HMM-2 vs Jump λ=10,0.37163669991617654
HMM2 (correctly specified),13,HMM-2 vs Jump λ=30,0.4690766978738634
HMM2 (correctly specified),13,HMM-2 vs Jump λ=100,0.44154764166773486
HMM2 (correctly specified),13,HMM-2 vs Change-point (PELT),0.707190616351368
HMM2 (correctly specified),13,Jump λ=10 vs Jump λ=30,0.8084631211160018
HMM2 (correctly specified),13,Jump λ=10 vs Jump λ=100,0.6763423331666678
HMM2 (correctly specified),13,Jump λ=10 vs Change-point (PELT),0.398192021378605
HMM2 (correctly specified),13,Jump λ=30 vs Jump λ=100,0.8321259767096955
HMM2 (correctly specified),13,Jump λ=30 vs Change-point (PELT),0.5004756723349337
HMM2 (correctly specified),13,Jump λ=100 vs Change-point (PELT),0.5423334655455389
HMM2 (correctly specified),14,HMM-2 vs Jump λ=10,0.478510800954569
HMM2 (correctly specified),14,HMM-2 vs Jump λ=30,0.5074096054462582
HMM2 (correctly specified),14,HMM-2 vs Jump λ=100,0.44918634147188763
HMM2 (correctly specified),14,HMM-2 vs Change-point (PELT),0.6759957206673799
HMM2 (correctly specified),14,Jump λ=10 vs Jump λ=30,0.8940449493843621
HMM2 (correctly specified),14,Jump λ=10 vs Jump λ=100,0.7787109039232795
HMM2 (correctly specified),14,Jump λ=10 vs Change-point (PELT),0.43641591676167746
HMM2 (correctly specified),14,Jump λ=30 vs Jump λ=100,0.8691374629602506
HMM2 (correctly specified),14,Jump λ=30 vs Change-point (PELT),0.47645242724886716
HMM2 (correctly specified),14,Jump λ=100 vs Change-point (PELT),0.46745531664916895
HMM2 (correctly specified),15,HMM-2 vs Jump λ=10,0.39224486099687184
HMM2 (correctly specified),15,HMM-2 vs Jump λ=30,0.420150707936535
HMM2 (correctly specified),15,HMM-2 vs Jump λ=100,0.33803671910966393
HMM2 (correctly specified),15,HMM-2 vs Change-point (PELT),0.6539421387758061
HMM2 (correctly specified),15,Jump λ=10 vs Jump λ=30,0.89840906750453
HMM2 (correctly specified),15,Jump λ=10 vs Jump λ=100,0.6854636691096043
HMM2 (correctly specified),15,Jump λ=10 vs Change-point (PELT),0.3987253362693448
HMM2 (correctly specified),15,Jump λ=30 vs Jump λ=100,0.7439423836309229
HMM2 (correctly specified),15,Jump λ=30 vs Change-point (PELT),0.45702450936058603
HMM2 (correctly specified),15,Jump λ=100 vs Change-point (PELT),0.4446031208566046
HMM2 (correctly specified),16,HMM-2 vs Jump λ=10,0.35847540205618844
HMM2 (correctly specified),16,HMM-2 vs Jump λ=30,0.4105836693345296
HMM2 (correctly specified),16,HMM-2 vs Jump λ=100,0.38039224960782836
HMM2 (correctly specified),16,HMM-2 vs Change-point (PELT),0.6259018036534527
HMM2 (correctly specified),16,Jump λ=10 vs Jump λ=30,0.8582557242065949
HMM2 (correctly specified),16,Jump λ=10 vs Jump λ=100,0.7108403106051018
HMM2 (correctly specified),16,Jump λ=10 vs Change-point (PELT),0.3752595129388816
HMM2 (correctly specified),16,Jump λ=30 vs Jump λ=100,0.7697170788218195
HMM2 (correctly specified),16,Jump λ=30 vs Change-point (PELT),0.4285894342581149
HMM2 (correctly specified),16,Jump λ=100 vs Change-point (PELT),0.4615250949864663
HMM2 (correctly specified),17,HMM-2 vs Jump λ=10,0.42928979764447683
HMM2 (correctly specified),17,HMM-2 vs Jump λ=30,0.4540107543658124
HMM2 (correctly specified),17,HMM-2 vs Jump λ=100,0.3571625041038782
HMM2 (correctly specified),17,HMM-2 vs Change-point (PELT),0.6985666231151884
HMM2 (correctly specified),17,Jump λ=10 vs Jump λ=30,0.8997794279255762
HMM2 (correctly specified),17,Jump λ=10 vs Jump λ=100,0.700763479849196
HMM2 (correctly specified),17,Jump λ=10 vs Change-point (PELT),0.46437309346749367
HMM2 (correctly specified),17,Jump λ=30 vs Jump λ=100,0.7799382643960258
HMM2 (correctly specified),17,Jump λ=30 vs Change-point (PELT),0.49335279947441424
HMM2 (correctly specified),17,Jump λ=100 vs Change-point (PELT),0.43567471137104374
HMM2 (correctly specified),18,HMM-2 vs Jump λ=10,0.26356519910658316
HMM2 (correctly specified),18,HMM-2 vs Jump λ=30,0.34074810012027057
HMM2 (correctly specified),18,HMM-2 vs Jump λ=100,0.43254441541979527
HMM2 (correctly specified),18,HMM-2 vs Change-point (PELT),0.6996805742962636
HMM2 (correctly specified),18,Jump λ=10 vs Jump λ=30,0.8404290748520576
HMM2 (correctly specified),18,Jump λ=10 vs Jump λ=100,0.5736574654575206
HMM2 (correctly specified),18,Jump λ=10 vs Change-point (PELT),0.2868905763363241
HMM2 (correctly specified),18,Jump λ=30 vs Jump λ=100,0.7026342124865592
HMM2 (correctly specified),18,Jump λ=30 vs Change-point (PELT),0.36938395490995923
HMM2 (correctly specified),18,Jump λ=100 vs Change-point (PELT),0.4884417462592633
HMM2 (correctly specified),19,HMM-2 vs Jump λ=10,0.4022813581340897
HMM2 (correctly specified),19,HMM-2 vs Jump λ=30,0.4710528244128903
HMM2 (correctly specified),19,HMM-2 vs Jump λ=100,0.4833209018909659
HMM2 (correctly specified),19,HMM-2 vs Change-point (PELT),0.7228289342083957
HMM2 (correctly specified),19,Jump λ=10 vs Jump λ=30,0.8531677514387
HMM2 (correctly specified),19,Jump λ=10 vs Jump λ=100,0.6620207478930157
HMM2 (correctly specified),19,Jump λ=10 vs Change-point (PELT),0.4486055175919478
HMM2 (correctly specified),19,Jump λ=30 vs Jump λ=100,0.7924183104230555
HMM2 (correctly specified),19,Jump λ=30 vs Change-point (PELT),0.5421586398416627
HMM2 (correctly specified),19,Jump λ=100 vs Change-point (PELT),0.6046193090185505
HMM2 (correctly specified),20,HMM-2 vs Jump λ=10,0.4154642743782092
HMM2 (correctly specified),20,HMM-2 vs Jump λ=30,0.44848284196063504
HMM2 (correctly specified),20,HMM-2 vs Jump λ=100,0.42123567738813394
HMM2 (correctly specified),20,HMM-2 vs Change-point (PELT),0.6501176057858105
HMM2 (correctly specified),20,Jump λ=10 vs Jump λ=30,0.857870399877213
HMM2 (correctly specified),20,Jump λ=10 vs Jump λ=100,0.7100391792786773
HMM2 (correctly specified),20,Jump λ=10 vs Change-point (PELT),0.43195577802893115
HMM2 (correctly specified),20,Jump λ=30 vs Jump λ=100,0.8324524251689391
HMM2 (correctly specified),20,Jump λ=30 vs Change-point (PELT),0.4795958517115342
HMM2 (correctly specified),20,Jump λ=100 vs Change-point (PELT),0.5052038196326989
HMM2 (correctly specified),21,HMM-2 vs Jump λ=10,0.5269484097795996
HMM2 (correctly specified),21,HMM-2 vs Jump λ=30,0.5427241635505125
HMM2 (correctly specified),21,HMM-2 vs Jump λ=100,0.5194504398964792
HMM2 (correctly specified),21,HMM-2 vs Change-point (PELT),0.6720210322562006
HMM2 (correctly specified),21,Jump λ=10 vs Jump λ=30,0.909108040236766
HMM2 (correctly specified),21,Jump λ=10 vs Jump λ=100,0.7493080927683191
HMM2 (correctly specified),21,Jump λ=10 vs Change-point (PELT),0.5155466445565601
HMM2 (correctly specified),21,Jump λ=30 vs Jump λ=100,0.831765445019591
HMM2 (correctly specified),21,Jump λ=30 vs Change-point (PELT),0.5320756393709632
HMM2 (correctly specified),21,Jump λ=100 vs Change-point (PELT),0.5399648444042783
HMM2 (correctly specified),22,HMM-2 vs Jump λ=10,0.297481836141233
HMM2 (correctly specified),22,HMM-2 vs Jump λ=30,0.3306604662332717
HMM2 (correctly specified),22,HMM-2 vs Jump λ=100,0.3982015117560037
HMM2 (correctly specified),22,HMM-2 vs Change-point (PELT),0.6673519874514671
HMM2 (correctly specified),22,Jump λ=10 vs Jump λ=30,0.9022052843577801
HMM2 (correctly specified),22,Jump λ=10 vs Jump λ=100,0.6423389640257187
HMM2 (correctly specified),22,Jump λ=10 vs Change-point (PELT),0.33382642775536175
HMM2 (correctly specified),22,Jump λ=30 vs Jump λ=100,0.7090126734025303
HMM2 (correctly specified),22,Jump λ=30 vs Change-point (PELT),0.386720155583101
HMM2 (correctly specified),22,Jump λ=100 vs Change-point (PELT),0.5012902291435094
HMM2 (correctly specified),23,HMM-2 vs Jump λ=10,0.5014938561738078
HMM2 (correctly specified),23,HMM-2 vs Jump λ=30,0.5268053268151637
HMM2 (correctly specified),23,HMM-2 vs Jump λ=100,0.4765826801963553
HMM2 (correctly specified),23,HMM-2 vs Change-point (PELT),0.70301378730389
HMM2 (correctly specified),23,Jump λ=10 vs Jump λ=30,0.9239190979095644
HMM2 (correctly specified),23,Jump λ=10 vs Jump λ=100,0.7732009900961114
HMM2 (correctly specified),23,Jump λ=10 vs Change-point (PELT),0.5302005693820707
HMM2 (correctly specified),23,Jump λ=30 vs Jump λ=100,0.8344500501565895
HMM2 (correctly specified),23,Jump λ=30 vs Change-point (PELT),0.5651866328445039
HMM2 (correctly specified),23,Jump λ=100 vs Change-point (PELT),0.5633222219174483
HMM2 (correctly specified),24,HMM-2 vs Jump λ=10,0.3767968886756329
HMM2 (correctly specified),24,HMM-2 vs Jump λ=30,0.39708453145896316
HMM2 (correctly specified),24,HMM-2 vs Jump λ=100,0.4827353925792287
HMM2 (correctly specified),24,HMM-2 vs Change-point (PELT),0.7117090196812615
HMM2 (correctly specified),24,Jump λ=10 vs Jump λ=30,0.9041336419030915
HMM2 (correctly specified),24,Jump λ=10 vs Jump λ=100,0.6789529913229024
HMM2 (correctly specified),24,Jump λ=10 vs Change-point (PELT),0.41850365633076525
HMM2 (correctly specified),24,Jump λ=30 vs Jump λ=100,0.7310084657970525
HMM2 (correctly specified),24,Jump λ=30 vs Change-point (PELT),0.4676493165512514
HMM2 (correctly specified),24,Jump λ=100 vs Change-point (PELT),0.6126694519571771
HMM2 (correctly specified),25,HMM-2 vs Jump λ=10,0.5230372367343599
HMM2 (correctly specified),25,HMM-2 vs Jump λ=30,0.5482155989765676
HMM2 (correctly specified),25,HMM-2 vs Jump λ=100,0.49780216789715226
HMM2 (correctly specified),25,Jump λ=10 vs Jump λ=30,0.8963830519787759
HMM2 (correctly specified),25,Jump λ=10 vs Jump λ=100,0.7402310864061936
HMM2 (correctly specified),25,Jump λ=30 vs Jump λ=100,0.8088593267226347
HMM2 (correctly specified),26,HMM-2 vs Jump λ=10,0.38522677543549066
HMM2 (correctly specified),26,HMM-2 vs Jump λ=30,0.4837239391877708
HMM2 (correctly specified),26,HMM-2 vs Jump λ=100,0.46970109556762973
HMM2 (correctly specified),26,Jump λ=10 vs Jump λ=30,0.8419392745507078
HMM2 (correctly specified),26,Jump λ=10 vs Jump λ=100,0.6621114429827304
HMM2 (correctly specified),26,Jump λ=30 vs Jump λ=100,0.8070380414977562
HMM2 (correctly specified),27,HMM-2 vs Jump λ=10,0.3024891689661344
HMM2 (correctly specified),27,HMM-2 vs Jump λ=30,0.35668124522246736
HMM2 (correctly specified),27,HMM-2 vs Jump λ=100,0.32872256645135645
HMM2 (correctly specified),27,Jump λ=10 vs Jump λ=30,0.8798678710803409
HMM2 (correctly specified),27,Jump λ=10 vs Jump λ=100,0.6994153907061842
HMM2 (correctly specified),27,Jump λ=30 vs Jump λ=100,0.7746230740547326
HMM2 (correctly specified),28,HMM-2 vs Jump λ=10,0.48600120807334735
HMM2 (correctly specified),28,HMM-2 vs Jump λ=30,0.5261430241566184
HMM2 (correctly specified),28,HMM-2 vs Jump λ=100,0.4810241210248567
HMM2 (correctly specified),28,Jump λ=10 vs Jump λ=30,0.898316163101524
HMM2 (correctly specified),28,Jump λ=10 vs Jump λ=100,0.7863488146683232
HMM2 (correctly specified),28,Jump λ=30 vs Jump λ=100,0.8426202041109705
HMM2 (correctly specified),29,HMM-2 vs Jump λ=10,0.30984529919714476
HMM2 (correctly specified),29,HMM-2 vs Jump λ=30,0.3785615252030191
HMM2 (correctly specified),29,HMM-2 vs Jump λ=100,0.41118946896444164
HMM2 (correctly specified),29,Jump λ=10 vs Jump λ=30,0.8374743956994629
HMM2 (correctly specified),29,Jump λ=10 vs Jump λ=100,0.5945808990024253
HMM2 (correctly specified),29,Jump λ=30 vs Jump λ=100,0.7101848113692539
HMM2 (correctly specified),30,HMM-2 vs Jump λ=10,0.2829554051828064
HMM2 (correctly specified),30,HMM-2 vs Jump λ=30,0.31611838745690246
HMM2 (correctly specified),30,HMM-2 vs Jump λ=100,0.3594428415947083
HMM2 (correctly specified),30,Jump λ=10 vs Jump λ=30,0.8683063313909123
HMM2 (correctly specified),30,Jump λ=10 vs Jump λ=100,0.6520762365247834
HMM2 (correctly specified),30,Jump λ=30 vs Jump λ=100,0.7364038847078316
HMM2 (correctly specified),31,HMM-2 vs Jump λ=10,0.4817185708949798
HMM2 (correctly specified),31,HMM-2 vs Jump λ=30,0.48267905098309327
HMM2 (correctly specified),31,HMM-2 vs Jump λ=100,0.4016275447018348
HMM2 (correctly specified),31,Jump λ=10 vs Jump λ=30,0.8976905529193828
HMM2 (correctly specified),31,Jump λ=10 vs Jump λ=100,0.6068050008296615
HMM2 (correctly specified),31,Jump λ=30 vs Jump λ=100,0.6475680278242499
HMM2 (correctly specified),32,HMM-2 vs Jump λ=10,0.34730035091909617
HMM2 (correctly specified),32,HMM-2 vs Jump λ=30,0.38444832633968085
HMM2 (correctly specified),32,HMM-2 vs Jump λ=100,0.4547825278534504
HMM2 (correctly specified),32,Jump λ=10 vs Jump λ=30,0.8994700442971809
HMM2 (correctly specified),32,Jump λ=10 vs Jump λ=100,0.6779853554256587
HMM2 (correctly specified),32,Jump λ=30 vs Jump λ=100,0.7322426683871553
HMM2 (correctly specified),33,HMM-2 vs Jump λ=10,0.46807259806318924
HMM2 (correctly specified),33,HMM-2 vs Jump λ=30,0.4930673685642195
HMM2 (correctly specified),33,HMM-2 vs Jump λ=100,0.45493393547419736
HMM2 (correctly specified),33,Jump λ=10 vs Jump λ=30,0.8542044216368709
HMM2 (correctly specified),33,Jump λ=10 vs Jump λ=100,0.6929568414318422
HMM2 (correctly specified),33,Jump λ=30 vs Jump λ=100,0.8318832291414784
HMM2 (correctly specified),34,HMM-2 vs Jump λ=10,0.44506273472447677
HMM2 (correctly specified),34,HMM-2 vs Jump λ=30,0.46745828871908524
HMM2 (correctly specified),34,HMM-2 vs Jump λ=100,0.3745559288308441
HMM2 (correctly specified),34,Jump λ=10 vs Jump λ=30,0.8990076164856692
HMM2 (correctly specified),34,Jump λ=10 vs Jump λ=100,0.6804591106086857
HMM2 (correctly specified),34,Jump λ=30 vs Jump λ=100,0.7364053879841508
HMM2 (correctly specified),35,HMM-2 vs Jump λ=10,0.5371560704294975
HMM2 (correctly specified),35,HMM-2 vs Jump λ=30,0.5615266749741368
HMM2 (correctly specified),35,HMM-2 vs Jump λ=100,0.5315266135101469
HMM2 (correctly specified),35,Jump λ=10 vs Jump λ=30,0.9282927496002373
HMM2 (correctly specified),35,Jump λ=10 vs Jump λ=100,0.7563442947196788
HMM2 (correctly specified),35,Jump λ=30 vs Jump λ=100,0.7974525985207899
HMM2 (correctly specified),36,HMM-2 vs Jump λ=10,0.4467303947483895
HMM2 (correctly specified),36,HMM-2 vs Jump λ=30,0.46990898556193805
HMM2 (correctly specified),36,HMM-2 vs Jump λ=100,0.45129493395997555
HMM2 (correctly specified),36,Jump λ=10 vs Jump λ=30,0.8696333249076824
HMM2 (correctly specified),36,Jump λ=10 vs Jump λ=100,0.6573928359475842
HMM2 (correctly specified),36,Jump λ=30 vs Jump λ=100,0.6769926797709991
HMM2 (correctly specified),37,HMM-2 vs Jump λ=10,0.5140047811142239
HMM2 (correctly specified),37,HMM-2 vs Jump λ=30,0.5357644750835449
HMM2 (correctly specified),37,HMM-2 vs Jump λ=100,0.46882041082582604
HMM2 (correctly specified),37,Jump λ=10 vs Jump λ=30,0.9041938515050519
HMM2 (correctly specified),37,Jump λ=10 vs Jump λ=100,0.7428791414069797
HMM2 (correctly specified),37,Jump λ=30 vs Jump λ=100,0.8306789481591716
HMM2 (correctly specified),38,HMM-2 vs Jump λ=10,0.4640575772884188
HMM2 (correctly specified),38,HMM-2 vs Jump λ=30,0.48196419122591616
HMM2 (correctly specified),38,HMM-2 vs Jump λ=100,0.4263814620152886
HMM2 (correctly specified),38,Jump λ=10 vs Jump λ=30,0.8880373172674331
HMM2 (correctly specified),38,Jump λ=10 vs Jump λ=100,0.7317557983109972
HMM2 (correctly specified),38,Jump λ=30 vs Jump λ=100,0.8207655426856613
HMM2 (correctly specified),39,HMM-2 vs Jump λ=10,0.4855843083516942
HMM2 (correctly specified),39,HMM-2 vs Jump λ=30,0.5097473346578689
HMM2 (correctly specified),39,HMM-2 vs Jump λ=100,0.4622485058223298
HMM2 (correctly specified),39,Jump λ=10 vs Jump λ=30,0.9032443172390424
HMM2 (correctly specified),39,Jump λ=10 vs Jump λ=100,0.7756076542896236
HMM2 (correctly specified),39,Jump λ=30 vs Jump λ=100,0.8677318217284771
HMM2 (correctly specified),40,HMM-2 vs Jump λ=10,0.45430569448054137
HMM2 (correctly specified),40,HMM-2 vs Jump λ=30,0.4539615031436316
HMM2 (correctly specified),40,HMM-2 vs Jump λ=100,0.4181093674786961
HMM2 (correctly specified),40,Jump λ=10 vs Jump λ=30,0.9048425641472312
HMM2 (correctly specified),40,Jump λ=10 vs Jump λ=100,0.7898892623618229
HMM2 (correctly specified),40,Jump λ=30 vs Jump λ=100,0.8665096787206057
HMM2 (correctly specified),41,HMM-2 vs Jump λ=10,0.3360671666464813
HMM2 (correctly specified),41,HMM-2 vs Jump λ=30,0.36425868990240673
HMM2 (correctly specified),41,HMM-2 vs Jump λ=100,0.392683413969408
HMM2 (correctly specified),41,Jump λ=10 vs Jump λ=30,0.8726644256668143
HMM2 (correctly specified),41,Jump λ=10 vs Jump λ=100,0.6997125194117914
HMM2 (correctly specified),41,Jump λ=30 vs Jump λ=100,0.7982366008275761
HMM2 (correctly specified),42,HMM-2 vs Jump λ=10,0.4864318226727953
HMM2 (correctly specified),42,HMM-2 vs Jump λ=30,0.46674938564026136
HMM2 (correctly specified),42,HMM-2 vs Jump λ=100,0.4112683082718098
HMM2 (correctly specified),42,Jump λ=10 vs Jump λ=30,0.8860728188806922
HMM2 (correctly specified),42,Jump λ=10 vs Jump λ=100,0.6934949552476426
HMM2 (correctly specified),42,Jump λ=30 vs Jump λ=100,0.7909426421162769
HMM2 (correctly specified),43,HMM-2 vs Jump λ=10,0.5116339810181336
HMM2 (correctly specified),43,HMM-2 vs Jump λ=30,0.5196829219359572
HMM2 (correctly specified),43,HMM-2 vs Jump λ=100,0.44460823317921805
HMM2 (correctly specified),43,Jump λ=10 vs Jump λ=30,0.910590557291169
HMM2 (correctly specified),43,Jump λ=10 vs Jump λ=100,0.6680099417333483
HMM2 (correctly specified),43,Jump λ=30 vs Jump λ=100,0.7359311489905216
HMM2 (correctly specified),44,HMM-2 vs Jump λ=10,0.3797812141055059
HMM2 (correctly specified),44,HMM-2 vs Jump λ=30,0.4215561139793895
HMM2 (correctly specified),44,HMM-2 vs Jump λ=100,0.4058393740424239
HMM2 (correctly specified),44,Jump λ=10 vs Jump λ=30,0.894931778375756
HMM2 (correctly specified),44,Jump λ=10 vs Jump λ=100,0.7270338380889845
HMM2 (correctly specified),44,Jump λ=30 vs Jump λ=100,0.7576082746774879
HMM2 (correctly specified),45,HMM-2 vs Jump λ=10,0.4127400952860685
HMM2 (correctly specified),45,HMM-2 vs Jump λ=30,0.4628966873268995
HMM2 (correctly specified),45,HMM-2 vs Jump λ=100,0.4747919179795351
HMM2 (correctly specified),45,Jump λ=10 vs Jump λ=30,0.8712227138857362
HMM2 (correctly specified),45,Jump λ=10 vs Jump λ=100,0.6719391765916025
HMM2 (correctly specified),45,Jump λ=30 vs Jump λ=100,0.7858228637531615
HMM2 (correctly specified),46,HMM-2 vs Jump λ=10,0.33745189789086016
HMM2 (correctly specified),46,HMM-2 vs Jump λ=30,0.4122453904987752
HMM2 (correctly specified),46,HMM-2 vs Jump λ=100,0.41411835720388146
HMM2 (correctly specified),46,Jump λ=10 vs Jump λ=30,0.8113896922059166
HMM2 (correctly specified),46,Jump λ=10 vs Jump λ=100,0.6525484196652005
HMM2 (correctly specified),46,Jump λ=30 vs Jump λ=100,0.8119157415389056
HMM2 (correctly specified),47,HMM-2 vs Jump λ=10,0.4872879243292815
HMM2 (correctly specified),47,HMM-2 vs Jump λ=30,0.5287626232132496
HMM2 (correctly specified),47,HMM-2 vs Jump λ=100,0.4886779432078424
HMM2 (correctly specified),47,Jump λ=10 vs Jump λ=30,0.9044042247586462
HMM2 (correctly specified),47,Jump λ=10 vs Jump λ=100,0.771742487235453
HMM2 (correctly specified),47,Jump λ=30 vs Jump λ=100,0.8388340899056567
HMM2 (correctly specified),48,HMM-2 vs Jump λ=10,0.4654667477393254
HMM2 (correctly specified),48,HMM-2 vs Jump λ=30,0.4702105250695957
HMM2 (correctly specified),48,HMM-2 vs Jump λ=100,0.4326781685452793
HMM2 (correctly specified),48,Jump λ=10 vs Jump λ=30,0.8547587994432575
HMM2 (correctly specified),48,Jump λ=10 vs Jump λ=100,0.7153121314716357
HMM2 (correctly specified),48,Jump λ=30 vs Jump λ=100,0.7510431970619584
HMM2 (correctly specified),49,HMM-2 vs Jump λ=10,0.4918280104377891
HMM2 (correctly specified),49,HMM-2 vs Jump λ=30,0.5102268630164088
HMM2 (correctly specified),49,HMM-2 vs Jump λ=100,0.4918764768168491
HMM2 (correctly specified),49,Jump λ=10 vs Jump λ=30,0.8771133891662524
HMM2 (correctly specified),49,Jump λ=10 vs Jump λ=100,0.713434590835577
HMM2 (correctly specified),49,Jump λ=30 vs Jump λ=100,0.8237422158793066
HMM2 (correctly specified),50,HMM-2 vs Jump λ=10,0.36713486059018974
HMM2 (correctly specified),50,HMM-2 vs Jump λ=30,0.43989413583219694
HMM2 (correctly specified),50,HMM-2 vs Jump λ=100,0.42698141393846545
HMM2 (correctly specified),50,Jump λ=10 vs Jump λ=30,0.843499662466675
HMM2 (correctly specified),50,Jump λ=10 vs Jump λ=100,0.6607089258945684
HMM2 (correctly specified),50,Jump λ=30 vs Jump λ=100,0.7995977517386986
HMM2 (correctly specified),51,HMM-2 vs Jump λ=10,0.3985826217867775
HMM2 (correctly specified),51,HMM-2 vs Jump λ=30,0.43126687181948253
HMM2 (correctly specified),51,HMM-2 vs Jump λ=100,0.4358592639296691
HMM2 (correctly specified),51,Jump λ=10 vs Jump λ=30,0.8910175686279524
HMM2 (correctly specified),51,Jump λ=10 vs Jump λ=100,0.693911972292966
HMM2 (correctly specified),51,Jump λ=30 vs Jump λ=100,0.7780715958370786
HMM2 (correctly specified),52,HMM-2 vs Jump λ=10,0.32192683644611864
HMM2 (correctly specified),52,HMM-2 vs Jump λ=30,0.3745710721973219
HMM2 (correctly specified),52,HMM-2 vs Jump λ=100,0.40202667752775867
HMM2 (correctly specified),52,Jump λ=10 vs Jump λ=30,0.8758986220333398
HMM2 (correctly specified),52,Jump λ=10 vs Jump λ=100,0.6832951524231182
HMM2 (correctly specified),52,Jump λ=30 vs Jump λ=100,0.7714119711380212
HMM2 (correctly specified),53,HMM-2 vs Jump λ=10,0.31774046155854574
HMM2 (correctly specified),53,HMM-2 vs Jump λ=30,0.48054161232761883
HMM2 (correctly specified),53,HMM-2 vs Jump λ=100,0.4763551622268096
HMM2 (correctly specified),53,Jump λ=10 vs Jump λ=30,0.6951314737733358
HMM2 (correctly specified),53,Jump λ=10 vs Jump λ=100,0.587086828960653
HMM2 (correctly specified),53,Jump λ=30 vs Jump λ=100,0.8202231684929486
HMM2 (correctly specified),54,HMM-2 vs Jump λ=10,0.3915623166498774
HMM2 (correctly specified),54,HMM-2 vs Jump λ=30,0.45244498513039255
HMM2 (correctly specified),54,HMM-2 vs Jump λ=100,0.44334345775518813
HMM2 (correctly specified),54,Jump λ=10 vs Jump λ=30,0.8721338145363862
HMM2 (correctly specified),54,Jump λ=10 vs Jump λ=100,0.657434275141558
HMM2 (correctly specified),54,Jump λ=30 vs Jump λ=100,0.7535630027216603
HMM2 (correctly specified),55,HMM-2 vs Jump λ=10,0.42172079959982856
HMM2 (correctly specified),55,HMM-2 vs Jump λ=30,0.47174458067484404
HMM2 (correctly specified),55,HMM-2 vs Jump λ=100,0.4553209423555634
HMM2 (correctly specified),55,Jump λ=10 vs Jump λ=30,0.8348998426559046
HMM2 (correctly specified),55,Jump λ=10 vs Jump λ=100,0.7549835645173107
HMM2 (correctly specified),55,Jump λ=30 vs Jump λ=100,0.8282789350709113
HMM2 (correctly specified),56,HMM-2 vs Jump λ=10,0.3252611596136151
HMM2 (correctly specified),56,HMM-2 vs Jump λ=30,0.4052958137475543
HMM2 (correctly specified),56,HMM-2 vs Jump λ=100,0.35235359071017447
HMM2 (correctly specified),56,Jump λ=10 vs Jump λ=30,0.7795058079485628
HMM2 (correctly specified),56,Jump λ=10 vs Jump λ=100,0.7078371662392056
HMM2 (correctly specified),56,Jump λ=30 vs Jump λ=100,0.7447115948074045
HMM2 (correctly specified),57,HMM-2 vs Jump λ=10,0.43790196018609817
HMM2 (correctly specified),57,HMM-2 vs Jump λ=30,0.486962601289221
HMM2 (correctly specified),57,HMM-2 vs Jump λ=100,0.4295424762134019
HMM2 (correctly specified),57,Jump λ=10 vs Jump λ=30,0.8650259070755928
HMM2 (correctly specified),57,Jump λ=10 vs Jump λ=100,0.7055472495766425
HMM2 (correctly specified),57,Jump λ=30 vs Jump λ=100,0.7436011973097013
HMM2 (correctly specified),58,HMM-2 vs Jump λ=10,0.21314983842002944
HMM2 (correctly specified),58,HMM-2 vs Jump λ=30,0.22180711736080794
HMM2 (correctly specified),58,HMM-2 vs Jump λ=100,0.29709318449716005
HMM2 (correctly specified),58,Jump λ=10 vs Jump λ=30,0.8786681240146216
HMM2 (correctly specified),58,Jump λ=10 vs Jump λ=100,0.61849296881232
HMM2 (correctly specified),58,Jump λ=30 vs Jump λ=100,0.7004206366653973
HMM2 (correctly specified),59,HMM-2 vs Jump λ=10,0.47401866653233005
HMM2 (correctly specified),59,HMM-2 vs Jump λ=30,0.4854567100883207
HMM2 (correctly specified),59,HMM-2 vs Jump λ=100,0.45159021038579217
HMM2 (correctly specified),59,Jump λ=10 vs Jump λ=30,0.8999132821175132
HMM2 (correctly specified),59,Jump λ=10 vs Jump λ=100,0.7634133823126943
HMM2 (correctly specified),59,Jump λ=30 vs Jump λ=100,0.8375162063332683
HMM2 (correctly specified),60,HMM-2 vs Jump λ=10,0.46176800382735095
HMM2 (correctly specified),60,HMM-2 vs Jump λ=30,0.4793913600424258
HMM2 (correctly specified),60,HMM-2 vs Jump λ=100,0.46587810041746713
HMM2 (correctly specified),60,Jump λ=10 vs Jump λ=30,0.8654036434481147
HMM2 (correctly specified),60,Jump λ=10 vs Jump λ=100,0.6910163135221226
HMM2 (correctly specified),60,Jump λ=30 vs Jump λ=100,0.7989113927759006
HMM2 (correctly specified),61,HMM-2 vs Jump λ=10,0.2953356166836192
HMM2 (correctly specified),61,HMM-2 vs Jump λ=30,0.4169669524102093
HMM2 (correctly specified),61,HMM-2 vs Jump λ=100,0.39394087533781585
HMM2 (correctly specified),61,Jump λ=10 vs Jump λ=30,0.6924781071374763
HMM2 (correctly specified),61,Jump λ=10 vs Jump λ=100,0.5300268783500967
HMM2 (correctly specified),61,Jump λ=30 vs Jump λ=100,0.781429169584936
HMM2 (correctly specified),62,HMM-2 vs Jump λ=10,0.48983191988511054
HMM2 (correctly specified),62,HMM-2 vs Jump λ=30,0.5131043796586432
HMM2 (correctly specified),62,HMM-2 vs Jump λ=100,0.3915460835821942
HMM2 (correctly specified),62,Jump λ=10 vs Jump λ=30,0.8150912018498896
HMM2 (correctly specified),62,Jump λ=10 vs Jump λ=100,0.5900287556709483
HMM2 (correctly specified),62,Jump λ=30 vs Jump λ=100,0.7538074165305069
HMM2 (correctly specified),63,HMM-2 vs Jump λ=10,0.3179250650075073
HMM2 (correctly specified),63,HMM-2 vs Jump λ=30,0.3652012181726102
HMM2 (correctly specified),63,HMM-2 vs Jump λ=100,0.36068639879228714
HMM2 (correctly specified),63,Jump λ=10 vs Jump λ=30,0.8659160916544943
HMM2 (correctly specified),63,Jump λ=10 vs Jump λ=100,0.6557569451626772
HMM2 (correctly specified),63,Jump λ=30 vs Jump λ=100,0.7681728688749458
HMM2 (correctly specified),64,HMM-2 vs Jump λ=10,0.5161936035062877
HMM2 (correctly specified),64,HMM-2 vs Jump λ=30,0.5067514096476157
HMM2 (correctly specified),64,HMM-2 vs Jump λ=100,0.4633272630028098
HMM2 (correctly specified),64,Jump λ=10 vs Jump λ=30,0.8941887483832884
HMM2 (correctly specified),64,Jump λ=10 vs Jump λ=100,0.7490267484998501
HMM2 (correctly specified),64,Jump λ=30 vs Jump λ=100,0.7582938639438471
HMM2 (correctly specified),65,HMM-2 vs Jump λ=10,0.30492688957452985
HMM2 (correctly specified),65,HMM-2 vs Jump λ=30,0.40854324214981474
HMM2 (correctly specified),65,HMM-2 vs Jump λ=100,0.409489434422712
HMM2 (correctly specified),65,Jump λ=10 vs Jump λ=30,0.7750741540804746
HMM2 (correctly specified),65,Jump λ=10 vs Jump λ=100,0.5007452463500308
HMM2 (correctly specified),65,Jump λ=30 vs Jump λ=100,0.6833840260289652
HMM2 (correctly specified),66,HMM-2 vs Jump λ=10,0.4124118205307168
HMM2 (correctly specified),66,HMM-2 vs Jump λ=30,0.4770404562731958
HMM2 (correctly specified),66,HMM-2 vs Jump λ=100,0.45461926314149304
HMM2 (correctly specified),66,Jump λ=10 vs Jump λ=30,0.883630412126303
HMM2 (correctly specified),66,Jump λ=10 vs Jump λ=100,0.7016114483522846
HMM2 (correctly specified),66,Jump λ=30 vs Jump λ=100,0.8028229880277538
HMM2 (correctly specified),67,HMM-2 vs Jump λ=10,0.2579948633691501
HMM2 (correctly specified),67,HMM-2 vs Jump λ=30,0.2699325922694885
HMM2 (correctly specified),67,HMM-2 vs Jump λ=100,0.31787050513200654
HMM2 (correctly specified),67,Jump λ=10 vs Jump λ=30,0.8897786872872244
HMM2 (correctly specified),67,Jump λ=10 vs Jump λ=100,0.6632007944191712
HMM2 (correctly specified),67,Jump λ=30 vs Jump λ=100,0.7457755209269776
HMM2 (correctly specified),68,HMM-2 vs Jump λ=10,0.38596771334055924
HMM2 (correctly specified),68,HMM-2 vs Jump λ=30,0.41920289358284246
HMM2 (correctly specified),68,HMM-2 vs Jump λ=100,0.38456742738482597
HMM2 (correctly specified),68,Jump λ=10 vs Jump λ=30,0.8910181482502617
HMM2 (correctly specified),68,Jump λ=10 vs Jump λ=100,0.7198004320684535
HMM2 (correctly specified),68,Jump λ=30 vs Jump λ=100,0.7795079805362594
HMM2 (correctly specified),69,HMM-2 vs Jump λ=10,0.3242849144951141
HMM2 (correctly specified),69,HMM-2 vs Jump λ=30,0.37069936906825496
HMM2 (correctly specified),69,HMM-2 vs Jump λ=100,0.3576351744082086
HMM2 (correctly specified),69,Jump λ=10 vs Jump λ=30,0.8472032127935456
HMM2 (correctly specified),69,Jump λ=10 vs Jump λ=100,0.7329109041195357
HMM2 (correctly specified),69,Jump λ=30 vs Jump λ=100,0.842862650433278
HMM2 (correctly specified),70,HMM-2 vs Jump λ=10,0.26244864548941826
HMM2 (correctly specified),70,HMM-2 vs Jump λ=30,0.30200082610913026
HMM2 (correctly specified),70,HMM-2 vs Jump λ=100,0.35186761601430616
HMM2 (correctly specified),70,Jump λ=10 vs Jump λ=30,0.862143530757846
HMM2 (correctly specified),70,Jump λ=10 vs Jump λ=100,0.6601603193607156
HMM2 (correctly specified),70,Jump λ=30 vs Jump λ=100,0.7707761930763908
HMM2 (correctly specified),71,HMM-2 vs Jump λ=10,0.3707387273219286
HMM2 (correctly specified),71,HMM-2 vs Jump λ=30,0.4256352394880746
HMM2 (correctly specified),71,HMM-2 vs Jump λ=100,0.4460246873109065
HMM2 (correctly specified),71,Jump λ=10 vs Jump λ=30,0.8565679568430697
HMM2 (correctly specified),71,Jump λ=10 vs Jump λ=100,0.6066323257485285
HMM2 (correctly specified),71,Jump λ=30 vs Jump λ=100,0.7291112749999888
HMM2 (correctly specified),72,HMM-2 vs Jump λ=10,0.31406528896229713
HMM2 (correctly specified),72,HMM-2 vs Jump λ=30,0.3655259906998056
HMM2 (correctly specified),72,HMM-2 vs Jump λ=100,0.4007902044232329
HMM2 (correctly specified),72,Jump λ=10 vs Jump λ=30,0.8328132402978621
HMM2 (correctly specified),72,Jump λ=10 vs Jump λ=100,0.6381522762648226
HMM2 (correctly specified),72,Jump λ=30 vs Jump λ=100,0.7623146490829567
HMM2 (correctly specified),73,HMM-2 vs Jump λ=10,0.3682958113489283
HMM2 (correctly specified),73,HMM-2 vs Jump λ=30,0.44136559971937606
HMM2 (correctly specified),73,HMM-2 vs Jump λ=100,0.4044418169701087
HMM2 (correctly specified),73,Jump λ=10 vs Jump λ=30,0.8268829157995042
HMM2 (correctly specified),73,Jump λ=10 vs Jump λ=100,0.7012240450368916
HMM2 (correctly specified),73,Jump λ=30 vs Jump λ=100,0.830889686998658
HMM2 (correctly specified),74,HMM-2 vs Jump λ=10,0.35835863594809203
HMM2 (correctly specified),74,HMM-2 vs Jump λ=30,0.39754165853506285
HMM2 (correctly specified),74,HMM-2 vs Jump λ=100,0.4242404225997015
HMM2 (correctly specified),74,Jump λ=10 vs Jump λ=30,0.9090477355999391
HMM2 (correctly specified),74,Jump λ=10 vs Jump λ=100,0.7227772184071127
HMM2 (correctly specified),74,Jump λ=30 vs Jump λ=100,0.79516217961217
HMM2 (correctly specified),75,HMM-2 vs Jump λ=10,0.3160614406849833
HMM2 (correctly specified),75,HMM-2 vs Jump λ=30,0.3469897360431137
HMM2 (correctly specified),75,HMM-2 vs Jump λ=100,0.37638570409461014
HMM2 (correctly specified),75,Jump λ=10 vs Jump λ=30,0.876631610369643
HMM2 (correctly specified),75,Jump λ=10 vs Jump λ=100,0.6757322854989476
HMM2 (correctly specified),75,Jump λ=30 vs Jump λ=100,0.7776456953318972
HMM2 (correctly specified),76,HMM-2 vs Jump λ=10,0.49975396820351714
HMM2 (correctly specified),76,HMM-2 vs Jump λ=30,0.5003292098697311
HMM2 (correctly specified),76,HMM-2 vs Jump λ=100,0.5043032894586437
HMM2 (correctly specified),76,Jump λ=10 vs Jump λ=30,0.794254457039294
HMM2 (correctly specified),76,Jump λ=10 vs Jump λ=100,0.7549268128402189
HMM2 (correctly specified),76,Jump λ=30 vs Jump λ=100,0.7831122177328732
HMM2 (correctly specified),77,HMM-2 vs Jump λ=10,0.4583499662060003
HMM2 (correctly specified),77,HMM-2 vs Jump λ=30,0.4804000122266322
HMM2 (correctly specified),77,HMM-2 vs Jump λ=100,0.4713930214491552
HMM2 (correctly specified),77,Jump λ=10 vs Jump λ=30,0.9053438261257593
HMM2 (correctly specified),77,Jump λ=10 vs Jump λ=100,0.7477342253885086
HMM2 (correctly specified),77,Jump λ=30 vs Jump λ=100,0.829491625977205
HMM2 (correctly specified),78,HMM-2 vs Jump λ=10,0.28952076451708497
HMM2 (correctly specified),78,HMM-2 vs Jump λ=30,0.31225879857666883
HMM2 (correctly specified),78,HMM-2 vs Jump λ=100,0.31815021929626575
HMM2 (correctly specified),78,Jump λ=10 vs Jump λ=30,0.8561940700628696
HMM2 (correctly specified),78,Jump λ=10 vs Jump λ=100,0.6280131525724191
HMM2 (correctly specified),78,Jump λ=30 vs Jump λ=100,0.7313753114449921
HMM2 (correctly specified),79,HMM-2 vs Jump λ=10,0.5067737798407626
HMM2 (correctly specified),79,HMM-2 vs Jump λ=30,0.5148884274085224
HMM2 (correctly specified),79,HMM-2 vs Jump λ=100,0.46614017528013085
HMM2 (correctly specified),79,Jump λ=10 vs Jump λ=30,0.9156520548833864
HMM2 (correctly specified),79,Jump λ=10 vs Jump λ=100,0.749343954048741
HMM2 (correctly specified),79,Jump λ=30 vs Jump λ=100,0.7852282239127499
HMM2 (correctly specified),80,HMM-2 vs Jump λ=10,0.36478463209471945
HMM2 (correctly specified),80,HMM-2 vs Jump λ=30,0.44277022208319095
HMM2 (correctly specified),80,HMM-2 vs Jump λ=100,0.46293399010448555
HMM2 (correctly specified),80,Jump λ=10 vs Jump λ=30,0.8184436179324323
HMM2 (correctly specified),80,Jump λ=10 vs Jump λ=100,0.6837338267736883
HMM2 (correctly specified),80,Jump λ=30 vs Jump λ=100,0.8222290958408833
HMM2 (correctly specified),81,HMM-2 vs Jump λ=10,0.18236522995684024
HMM2 (correctly specified),81,HMM-2 vs Jump λ=30,0.2974402079784455
HMM2 (correctly specified),81,HMM-2 vs Jump λ=100,0.3016973345261953
HMM2 (correctly specified),81,Jump λ=10 vs Jump λ=30,0.7224811677962364
HMM2 (correctly specified),81,Jump λ=10 vs Jump λ=100,0.5986275122902666
HMM2 (correctly specified),81,Jump λ=30 vs Jump λ=100,0.7889381575111489
HMM2 (correctly specified),82,HMM-2 vs Jump λ=10,0.35122752979849614
HMM2 (correctly specified),82,HMM-2 vs Jump λ=30,0.40782158401372437
HMM2 (correctly specified),82,HMM-2 vs Jump λ=100,0.384594702585225
HMM2 (correctly specified),82,Jump λ=10 vs Jump λ=30,0.8413160684485066
HMM2 (correctly specified),82,Jump λ=10 vs Jump λ=100,0.7000622293358953
HMM2 (correctly specified),82,Jump λ=30 vs Jump λ=100,0.8465955986606934
HMM2 (correctly specified),83,HMM-2 vs Jump λ=10,0.42117980095738206
HMM2 (correctly specified),83,HMM-2 vs Jump λ=30,0.43822983292437867
HMM2 (correctly specified),83,HMM-2 vs Jump λ=100,0.4091511068470546
HMM2 (correctly specified),83,Jump λ=10 vs Jump λ=30,0.8846756286162042
HMM2 (correctly specified),83,Jump λ=10 vs Jump λ=100,0.6422471012407576
HMM2 (correctly specified),83,Jump λ=30 vs Jump λ=100,0.7189283794272925
HMM2 (correctly specified),84,HMM-2 vs Jump λ=10,0.48955134753674334
HMM2 (correctly specified),84,HMM-2 vs Jump λ=30,0.5046563368610943
HMM2 (correctly specified),84,HMM-2 vs Jump λ=100,0.42230507122235617
HMM2 (correctly specified),84,Jump λ=10 vs Jump λ=30,0.9241686538169285
HMM2 (correctly specified),84,Jump λ=10 vs Jump λ=100,0.6621414276425724
HMM2 (correctly specified),84,Jump λ=30 vs Jump λ=100,0.7057450003704948
HMM2 (correctly specified),85,HMM-2 vs Jump λ=10,0.3331669844836098
HMM2 (correctly specified),85,HMM-2 vs Jump λ=30,0.3710244971756229
HMM2 (correctly specified),85,HMM-2 vs Jump λ=100,0.39893297429327435
HMM2 (correctly specified),85,Jump λ=10 vs Jump λ=30,0.8871795122501936
HMM2 (correctly specified),85,Jump λ=10 vs Jump λ=100,0.6828956377018978
HMM2 (correctly specified),85,Jump λ=30 vs Jump λ=100,0.7445612330703197
HMM2 (correctly specified),86,HMM-2 vs Jump λ=10,0.4949236005067592
HMM2 (correctly specified),86,HMM-2 vs Jump λ=30,0.4995751559500248
HMM2 (correctly specified),86,HMM-2 vs Jump λ=100,0.47229879340404834
HMM2 (correctly specified),86,Jump λ=10 vs Jump λ=30,0.8926778027739309
HMM2 (correctly specified),86,Jump λ=10 vs Jump λ=100,0.7707028968881612
HMM2 (correctly specified),86,Jump λ=30 vs Jump λ=100,0.8586851157077642
HMM2 (correctly specified),87,HMM-2 vs Jump λ=10,0.397099804104735
HMM2 (correctly specified),87,HMM-2 vs Jump λ=30,0.4580189265045578
HMM2 (correctly specified),87,HMM-2 vs Jump λ=100,0.33127208768074057
HMM2 (correctly specified),87,Jump λ=10 vs Jump λ=30,0.8385309696249055
HMM2 (correctly specified),87,Jump λ=10 vs Jump λ=100,0.6084168734292665
HMM2 (correctly specified),87,Jump λ=30 vs Jump λ=100,0.5377163235592253
HMM2 (correctly specified),88,HMM-2 vs Jump λ=10,0.32521643917920684
HMM2 (correctly specified),88,HMM-2 vs Jump λ=30,0.3594493191956718
HMM2 (correctly specified),88,HMM-2 vs Jump λ=100,0.3391625363304046
HMM2 (correctly specified),88,Jump λ=10 vs Jump λ=30,0.9007200999116406
HMM2 (correctly specified),88,Jump λ=10 vs Jump λ=100,0.744646081072118
HMM2 (correctly specified),88,Jump λ=30 vs Jump λ=100,0.832669977008807
HMM2 (correctly specified),89,HMM-2 vs Jump λ=10,0.45568081039384434
HMM2 (correctly specified),89,HMM-2 vs Jump λ=30,0.4970322702733735
HMM2 (correctly specified),89,HMM-2 vs Jump λ=100,0.4685332820578899
HMM2 (correctly specified),89,Jump λ=10 vs Jump λ=30,0.901285230982761
HMM2 (correctly specified),89,Jump λ=10 vs Jump λ=100,0.6837422777971462
HMM2 (correctly specified),89,Jump λ=30 vs Jump λ=100,0.7649330326987579
HMM2 (correctly specified),90,HMM-2 vs Jump λ=10,0.42154899991790895
HMM2 (correctly specified),90,HMM-2 vs Jump λ=30,0.45196581518588697
HMM2 (correctly specified),90,HMM-2 vs Jump λ=100,0.41748229237988566
HMM2 (correctly specified),90,Jump λ=10 vs Jump λ=30,0.8673059690677248
HMM2 (correctly specified),90,Jump λ=10 vs Jump λ=100,0.709481629975507
HMM2 (correctly specified),90,Jump λ=30 vs Jump λ=100,0.7702666728304239
HMM2 (correctly specified),91,HMM-2 vs Jump λ=10,0.24221696736295573
HMM2 (correctly specified),91,HMM-2 vs Jump λ=30,0.37445503820094383
HMM2 (correctly specified),91,HMM-2 vs Jump λ=100,0.3820416104432577
HMM2 (correctly specified),91,Jump λ=10 vs Jump λ=30,0.7491206818677731
HMM2 (correctly specified),91,Jump λ=10 vs Jump λ=100,0.5762206144660914
HMM2 (correctly specified),91,Jump λ=30 vs Jump λ=100,0.7896595998625621
HMM2 (correctly specified),92,HMM-2 vs Jump λ=10,0.26712563662242084
HMM2 (correctly specified),92,HMM-2 vs Jump λ=30,0.2980119374216895
HMM2 (correctly specified),92,HMM-2 vs Jump λ=100,0.4168887545202511
HMM2 (correctly specified),92,Jump λ=10 vs Jump λ=30,0.8837529412329606
HMM2 (correctly specified),92,Jump λ=10 vs Jump λ=100,0.46713105101415997
HMM2 (correctly specified),92,Jump λ=30 vs Jump λ=100,0.5021072232727416
HMM2 (correctly specified),93,HMM-2 vs Jump λ=10,0.29269293340013547
HMM2 (correctly specified),93,HMM-2 vs Jump λ=30,0.36470128853647443
HMM2 (correctly specified),93,HMM-2 vs Jump λ=100,0.37290171305754416
HMM2 (correctly specified),93,Jump λ=10 vs Jump λ=30,0.7566626179939715
HMM2 (correctly specified),93,Jump λ=10 vs Jump λ=100,0.5428640432730514
HMM2 (correctly specified),93,Jump λ=30 vs Jump λ=100,0.7537293464816159
HMM2 (correctly specified),94,HMM-2 vs Jump λ=10,0.4704738558096383
HMM2 (correctly specified),94,HMM-2 vs Jump λ=30,0.49218839827724714
HMM2 (correctly specified),94,HMM-2 vs Jump λ=100,0.4087290426251341
HMM2 (correctly specified),94,Jump λ=10 vs Jump λ=30,0.9208793222411205
HMM2 (correctly specified),94,Jump λ=10 vs Jump λ=100,0.7574104944152829
HMM2 (correctly specified),94,Jump λ=30 vs Jump λ=100,0.8191694647746015
HMM2 (correctly specified),95,HMM-2 vs Jump λ=10,0.4591723197452522
HMM2 (correctly specified),95,HMM-2 vs Jump λ=30,0.5085955021777289
HMM2 (correctly specified),95,HMM-2 vs Jump λ=100,0.4625344709422601
HMM2 (correctly specified),95,Jump λ=10 vs Jump λ=30,0.8969962492323833
HMM2 (correctly specified),95,Jump λ=10 vs Jump λ=100,0.7482393781392876
HMM2 (correctly specified),95,Jump λ=30 vs Jump λ=100,0.8355267705862596
HMM2 (correctly specified),96,HMM-2 vs Jump λ=10,0.37162302136467196
HMM2 (correctly specified),96,HMM-2 vs Jump λ=30,0.45326596488304605
HMM2 (correctly specified),96,HMM-2 vs Jump λ=100,0.45409474497752345
HMM2 (correctly specified),96,Jump λ=10 vs Jump λ=30,0.8585111798581481
HMM2 (correctly specified),96,Jump λ=10 vs Jump λ=100,0.7175642047824071
HMM2 (correctly specified),96,Jump λ=30 vs Jump λ=100,0.8435247323936539
HMM2 (correctly specified),97,HMM-2 vs Jump λ=10,0.3169273534802908
HMM2 (correctly specified),97,HMM-2 vs Jump λ=30,0.3463013834715578
HMM2 (correctly specified),97,HMM-2 vs Jump λ=100,0.3707088281868286
HMM2 (correctly specified),97,Jump λ=10 vs Jump λ=30,0.867551828991664
HMM2 (correctly specified),97,Jump λ=10 vs Jump λ=100,0.6711614443884393
HMM2 (correctly specified),97,Jump λ=30 vs Jump λ=100,0.7835992582547809
HMM2 (correctly specified),98,HMM-2 vs Jump λ=10,0.5022510104594076
HMM2 (correctly specified),98,HMM-2 vs Jump λ=30,0.5272757415524951
HMM2 (correctly specified),98,HMM-2 vs Jump λ=100,0.5175416843074268
HMM2 (correctly specified),98,Jump λ=10 vs Jump λ=30,0.933755505817368
HMM2 (correctly specified),98,Jump λ=10 vs Jump λ=100,0.7990346400553674
HMM2 (correctly specified),98,Jump λ=30 vs Jump λ=100,0.8446631278100692
HMM2 (correctly specified),99,HMM-2 vs Jump λ=10,0.2612442070512492
HMM2 (correctly specified),99,HMM-2 vs Jump λ=30,0.3351072408384427
HMM2 (correctly specified),99,HMM-2 vs Jump λ=100,0.3745925632448365
HMM2 (correctly specified),99,Jump λ=10 vs Jump λ=30,0.8173144715519494
HMM2 (correctly specified),99,Jump λ=10 vs Jump λ=100,0.6578524637089975
HMM2 (correctly specified),99,Jump λ=30 vs Jump λ=100,0.8125536094856858
HMM2 with t(4) shocks (misspecified),0,HMM-2 vs Jump λ=10,0.36691086789404614
HMM2 with t(4) shocks (misspecified),0,HMM-2 vs Jump λ=30,0.35447390254323585
HMM2 with t(4) shocks (misspecified),0,HMM-2 vs Jump λ=100,0.3276515871599679
HMM2 with t(4) shocks (misspecified),0,HMM-2 vs Change-point (PELT),0.5836380183315486
HMM2 with t(4) shocks (misspecified),0,Jump λ=10 vs Jump λ=30,0.9207944368310165
HMM2 with t(4) shocks (misspecified),0,Jump λ=10 vs Jump λ=100,0.6226455535694795
HMM2 with t(4) shocks (misspecified),0,Jump λ=10 vs Change-point (PELT),0.4518699654347169
HMM2 with t(4) shocks (misspecified),0,Jump λ=30 vs Jump λ=100,0.6465510824544934
HMM2 with t(4) shocks (misspecified),0,Jump λ=30 vs Change-point (PELT),0.46725115532639716
HMM2 with t(4) shocks (misspecified),0,Jump λ=100 vs Change-point (PELT),0.444537836694874
HMM2 with t(4) shocks (misspecified),1,HMM-2 vs Jump λ=10,0.26895405384475213
HMM2 with t(4) shocks (misspecified),1,HMM-2 vs Jump λ=30,0.3154506931675495
HMM2 with t(4) shocks (misspecified),1,HMM-2 vs Jump λ=100,0.29690529893941886
HMM2 with t(4) shocks (misspecified),1,HMM-2 vs Change-point (PELT),0.5233810911340792
HMM2 with t(4) shocks (misspecified),1,Jump λ=10 vs Jump λ=30,0.8223713895242311
HMM2 with t(4) shocks (misspecified),1,Jump λ=10 vs Jump λ=100,0.5285933848060604
HMM2 with t(4) shocks (misspecified),1,Jump λ=10 vs Change-point (PELT),0.340784785996443
HMM2 with t(4) shocks (misspecified),1,Jump λ=30 vs Jump λ=100,0.6697698718009695
HMM2 with t(4) shocks (misspecified),1,Jump λ=30 vs Change-point (PELT),0.4374729354357437
HMM2 with t(4) shocks (misspecified),1,Jump λ=100 vs Change-point (PELT),0.4309770689926078
HMM2 with t(4) shocks (misspecified),2,HMM-2 vs Jump λ=10,0.3988722161435271
HMM2 with t(4) shocks (misspecified),2,HMM-2 vs Jump λ=30,0.40923111203450335
HMM2 with t(4) shocks (misspecified),2,HMM-2 vs Jump λ=100,0.43151640570237126
HMM2 with t(4) shocks (misspecified),2,HMM-2 vs Change-point (PELT),0.5974736842105264
HMM2 with t(4) shocks (misspecified),2,Jump λ=10 vs Jump λ=30,0.8897309274490482
HMM2 with t(4) shocks (misspecified),2,Jump λ=10 vs Jump λ=100,0.7310632521226874
HMM2 with t(4) shocks (misspecified),2,Jump λ=10 vs Change-point (PELT),0.48804164997607036
HMM2 with t(4) shocks (misspecified),2,Jump λ=30 vs Jump λ=100,0.8256047061111143
HMM2 with t(4) shocks (misspecified),2,Jump λ=30 vs Change-point (PELT),0.5312505441929952
HMM2 with t(4) shocks (misspecified),2,Jump λ=100 vs Change-point (PELT),0.5956862173436144
HMM2 with t(4) shocks (misspecified),3,HMM-2 vs Jump λ=10,0.3576064964332124
HMM2 with t(4) shocks (misspecified),3,HMM-2 vs Jump λ=30,0.3783953361958238
HMM2 with t(4) shocks (misspecified),3,HMM-2 vs Jump λ=100,0.3362592121099589
HMM2 with t(4) shocks (misspecified),3,HMM-2 vs Change-point (PELT),0.5410166471138568
HMM2 with t(4) shocks (misspecified),3,Jump λ=10 vs Jump λ=30,0.8438708799241906
HMM2 with t(4) shocks (misspecified),3,Jump λ=10 vs Jump λ=100,0.6611457979213804
HMM2 with t(4) shocks (misspecified),3,Jump λ=10 vs Change-point (PELT),0.46020048536387115
HMM2 with t(4) shocks (misspecified),3,Jump λ=30 vs Jump λ=100,0.7926845216531533
HMM2 with t(4) shocks (misspecified),3,Jump λ=30 vs Change-point (PELT),0.5060176171554787
HMM2 with t(4) shocks (misspecified),3,Jump λ=100 vs Change-point (PELT),0.4992868803899285
HMM2 with t(4) shocks (misspecified),4,HMM-2 vs Jump λ=10,0.33474657385005546
HMM2 with t(4) shocks (misspecified),4,HMM-2 vs Jump λ=30,0.331108871001062
HMM2 with t(4) shocks (misspecified),4,HMM-2 vs Jump λ=100,0.3200838582420181
HMM2 with t(4) shocks (misspecified),4,HMM-2 vs Change-point (PELT),0.5025856198930697
HMM2 with t(4) shocks (misspecified),4,Jump λ=10 vs Jump λ=30,0.8946383827880712
HMM2 with t(4) shocks (misspecified),4,Jump λ=10 vs Jump λ=100,0.7526223543833673
HMM2 with t(4) shocks (misspecified),4,Jump λ=10 vs Change-point (PELT),0.39544354588512687
HMM2 with t(4) shocks (misspecified),4,Jump λ=30 vs Jump λ=100,0.840820701357998
HMM2 with t(4) shocks (misspecified),4,Jump λ=30 vs Change-point (PELT),0.40358145921318167
HMM2 with t(4) shocks (misspecified),4,Jump λ=100 vs Change-point (PELT),0.41412670881399083
HMM2 with t(4) shocks (misspecified),5,HMM-2 vs Jump λ=10,0.3020749598533957
HMM2 with t(4) shocks (misspecified),5,HMM-2 vs Jump λ=30,0.33471148465874556
HMM2 with t(4) shocks (misspecified),5,HMM-2 vs Jump λ=100,0.288726852642853
HMM2 with t(4) shocks (misspecified),5,HMM-2 vs Change-point (PELT),0.5420523936388096
HMM2 with t(4) shocks (misspecified),5,Jump λ=10 vs Jump λ=30,0.8887699207093968
HMM2 with t(4) shocks (misspecified),5,Jump λ=10 vs Jump λ=100,0.6889087298157268
HMM2 with t(4) shocks (misspecified),5,Jump λ=10 vs Change-point (PELT),0.34512099687262954
HMM2 with t(4) shocks (misspecified),5,Jump λ=30 vs Jump λ=100,0.7666400155477231
HMM2 with t(4) shocks (misspecified),5,Jump λ=30 vs Change-point (PELT),0.3742703308826605
HMM2 with t(4) shocks (misspecified),5,Jump λ=100 vs Change-point (PELT),0.33286659279230235
HMM2 with t(4) shocks (misspecified),6,HMM-2 vs Jump λ=10,0.36171982963536575
HMM2 with t(4) shocks (misspecified),6,HMM-2 vs Jump λ=30,0.3664125205318587
HMM2 with t(4) shocks (misspecified),6,HMM-2 vs Jump λ=100,0.3677551292735374
HMM2 with t(4) shocks (misspecified),6,HMM-2 vs Change-point (PELT),0.5935747724835749
HMM2 with t(4) shocks (misspecified),6,Jump λ=10 vs Jump λ=30,0.9009989557838368
HMM2 with t(4) shocks (misspecified),6,Jump λ=10 vs Jump λ=100,0.7144054085155729
HMM2 with t(4) shocks (misspecified),6,Jump λ=10 vs Change-point (PELT),0.42373862463736756
HMM2 with t(4) shocks (misspecified),6,Jump λ=30 vs Jump λ=100,0.7933730664460448
HMM2 with t(4) shocks (misspecified),6,Jump λ=30 vs Change-point (PELT),0.46185011706594103
HMM2 with t(4) shocks (misspecified),6,Jump λ=100 vs Change-point (PELT),0.4689892826615383
HMM2 with t(4) shocks (misspecified),7,HMM-2 vs Jump λ=10,0.18599835328055603
HMM2 with t(4) shocks (misspecified),7,HMM-2 vs Jump λ=30,0.1994905622413521
HMM2 with t(4) shocks (misspecified),7,HMM-2 vs Jump λ=100,0.3509953807439372
HMM2 with t(4) shocks (misspecified),7,HMM-2 vs Change-point (PELT),0.6044032628305884
HMM2 with t(4) shocks (misspecified),7,Jump λ=10 vs Jump λ=30,0.8847449320073955
HMM2 with t(4) shocks (misspecified),7,Jump λ=10 vs Jump λ=100,0.34338620545662857
HMM2 with t(4) shocks (misspecified),7,Jump λ=10 vs Change-point (PELT),0.2083926961025242
HMM2 with t(4) shocks (misspecified),7,Jump λ=30 vs Jump λ=100,0.3402626082155813
HMM2 with t(4) shocks (misspecified),7,Jump λ=30 vs Change-point (PELT),0.22392035115878695
HMM2 with t(4) shocks (misspecified),7,Jump λ=100 vs Change-point (PELT),0.3781906608378395
HMM2 with t(4) shocks (misspecified),8,HMM-2 vs Jump λ=10,0.341301555601349
HMM2 with t(4) shocks (misspecified),8,HMM-2 vs Jump λ=30,0.35207490418123355
HMM2 with t(4) shocks (misspecified),8,HMM-2 vs Jump λ=100,0.25971648350967713
HMM2 with t(4) shocks (misspecified),8,HMM-2 vs Change-point (PELT),0.5424002725470763
HMM2 with t(4) shocks (misspecified),8,Jump λ=10 vs Jump λ=30,0.8902537302747977
HMM2 with t(4) shocks (misspecified),8,Jump λ=10 vs Jump λ=100,0.6730435262790768
HMM2 with t(4) shocks (misspecified),8,Jump λ=10 vs Change-point (PELT),0.39508093700565583
HMM2 with t(4) shocks (misspecified),8,Jump λ=30 vs Jump λ=100,0.7615689425433059
HMM2 with t(4) shocks (misspecified),8,Jump λ=30 vs Change-point (PELT),0.41799183955441377
HMM2 with t(4) shocks (misspecified),8,Jump λ=100 vs Change-point (PELT),0.3840064290500922
HMM2 with t(4) shocks (misspecified),9,HMM-2 vs Jump λ=10,0.23610870090046843
HMM2 with t(4) shocks (misspecified),9,HMM-2 vs Jump λ=30,0.2626432406328405
HMM2 with t(4) shocks (misspecified),9,HMM-2 vs Jump λ=100,0.24330966963675504
HMM2 with t(4) shocks (misspecified),9,HMM-2 vs Change-point (PELT),0.48218782816725225
HMM2 with t(4) shocks (misspecified),9,Jump λ=10 vs Jump λ=30,0.7968129383083304
HMM2 with t(4) shocks (misspecified),9,Jump λ=10 vs Jump λ=100,0.7187926649581335
HMM2 with t(4) shocks (misspecified),9,Jump λ=10 vs Change-point (PELT),0.3003492344645997
HMM2 with t(4) shocks (misspecified),9,Jump λ=30 vs Jump λ=100,0.8477351012894981
HMM2 with t(4) shocks (misspecified),9,Jump λ=30 vs Change-point (PELT),0.36637668335754314
HMM2 with t(4) shocks (misspecified),9,Jump λ=100 vs Change-point (PELT),0.3779952580694489
HMM2 with t(4) shocks (misspecified),10,HMM-2 vs Jump λ=10,0.33755286769876347
HMM2 with t(4) shocks (misspecified),10,HMM-2 vs Jump λ=30,0.3460165449371314
HMM2 with t(4) shocks (misspecified),10,HMM-2 vs Jump λ=100,0.3311436798287424
HMM2 with t(4) shocks (misspecified),10,HMM-2 vs Change-point (PELT),0.5535725920734865
HMM2 with t(4) shocks (misspecified),10,Jump λ=10 vs Jump λ=30,0.8860133032874281
HMM2 with t(4) shocks (misspecified),10,Jump λ=10 vs Jump λ=100,0.7275813464575123
HMM2 with t(4) shocks (misspecified),10,Jump λ=10 vs Change-point (PELT),0.3955330827547766
HMM2 with t(4) shocks (misspecified),10,Jump λ=30 vs Jump λ=100,0.7762820045254886
HMM2 with t(4) shocks (misspecified),10,Jump λ=30 vs Change-point (PELT),0.41946718456082577
HMM2 with t(4) shocks (misspecified),10,Jump λ=100 vs Change-point (PELT),0.4477273166166378
HMM2 with t(4) shocks (misspecified),11,HMM-2 vs Jump λ=10,0.20104094783864768
HMM2 with t(4) shocks (misspecified),11,HMM-2 vs Jump λ=30,0.27346833875138643
HMM2 with t(4) shocks (misspecified),11,HMM-2 vs Jump λ=100,0.2670090921797956
HMM2 with t(4) shocks (misspecified),11,HMM-2 vs Change-point (PELT),0.5075343932976555
HMM2 with t(4) shocks (misspecified),11,Jump λ=10 vs Jump λ=30,0.7685133046720652
HMM2 with t(4) shocks (misspecified),11,Jump λ=10 vs Jump λ=100,0.6497601858070784
HMM2 with t(4) shocks (misspecified),11,Jump λ=10 vs Change-point (PELT),0.2263710887786704
HMM2 with t(4) shocks (misspecified),11,Jump λ=30 vs Jump λ=100,0.8627826483934475
HMM2 with t(4) shocks (misspecified),11,Jump λ=30 vs Change-point (PELT),0.32143197261865175
HMM2 with t(4) shocks (misspecified),11,Jump λ=100 vs Change-point (PELT),0.3259702483310374
HMM2 with t(4) shocks (misspecified),12,HMM-2 vs Jump λ=10,0.3375418171501583
HMM2 with t(4) shocks (misspecified),12,HMM-2 vs Jump λ=30,0.3548822373905903
HMM2 with t(4) shocks (misspecified),12,HMM-2 vs Jump λ=100,0.20495807148911538
HMM2 with t(4) shocks (misspecified),12,HMM-2 vs Change-point (PELT),0.5825392822592
HMM2 with t(4) shocks (misspecified),12,Jump λ=10 vs Jump λ=30,0.8928081925591271
HMM2 with t(4) shocks (misspecified),12,Jump λ=10 vs Jump λ=100,0.5298692015036857
HMM2 with t(4) shocks (misspecified),12,Jump λ=10 vs Change-point (PELT),0.37852095902471383
HMM2 with t(4) shocks (misspecified),12,Jump λ=30 vs Jump λ=100,0.5391149146352343
HMM2 with t(4) shocks (misspecified),12,Jump λ=30 vs Change-point (PELT),0.40450580361855193
HMM2 with t(4) shocks (misspecified),12,Jump λ=100 vs Change-point (PELT),0.30280041637344013
HMM2 with t(4) shocks (misspecified),13,HMM-2 vs Jump λ=10,0.34261535547350164
HMM2 with t(4) shocks (misspecified),13,HMM-2 vs Jump λ=30,0.3517538538422318
HMM2 with t(4) shocks (misspecified),13,HMM-2 vs Jump λ=100,0.32012208104592943
HMM2 with t(4) shocks (misspecified),13,HMM-2 vs Change-point (PELT),0.5346739647767449
HMM2 with t(4) shocks (misspecified),13,Jump λ=10 vs Jump λ=30,0.8553859106762016
HMM2 with t(4) shocks (misspecified),13,Jump λ=10 vs Jump λ=100,0.4604636975909866
HMM2 with t(4) shocks (misspecified),13,Jump λ=10 vs Change-point (PELT),0.3254514179528162
HMM2 with t(4) shocks (misspecified),13,Jump λ=30 vs Jump λ=100,0.556238826116785
HMM2 with t(4) shocks (misspecified),13,Jump λ=30 vs Change-point (PELT),0.3766339159341674
HMM2 with t(4) shocks (misspecified),13,Jump λ=100 vs Change-point (PELT),0.4160680656069088
HMM2 with t(4) shocks (misspecified),14,HMM-2 vs Jump λ=10,0.22242915991958323
HMM2 with t(4) shocks (misspecified),14,HMM-2 vs Jump λ=30,0.2795064779829617
HMM2 with t(4) shocks (misspecified),14,HMM-2 vs Jump λ=100,0.28581391073619
HMM2 with t(4) shocks (misspecified),14,HMM-2 vs Change-point (PELT),0.5612501622687209
HMM2 with t(4) shocks (misspecified),14,Jump λ=10 vs Jump λ=30,0.8242527014501386
HMM2 with t(4) shocks (misspecified),14,Jump λ=10 vs Jump λ=100,0.6838157063213612
HMM2 with t(4) shocks (misspecified),14,Jump λ=10 vs Change-point (PELT),0.3007591725875105
HMM2 with t(4) shocks (misspecified),14,Jump λ=30 vs Jump λ=100,0.8120861700035308
HMM2 with t(4) shocks (misspecified),14,Jump λ=30 vs Change-point (PELT),0.3740694486626325
HMM2 with t(4) shocks (misspecified),14,Jump λ=100 vs Change-point (PELT),0.424307363846242
HMM2 with t(4) shocks (misspecified),15,HMM-2 vs Jump λ=10,0.3812151697077869
HMM2 with t(4) shocks (misspecified),15,HMM-2 vs Jump λ=30,0.392297741838602
HMM2 with t(4) shocks (misspecified),15,HMM-2 vs Jump λ=100,0.35592711744593675
HMM2 with t(4) shocks (misspecified),15,HMM-2 vs Change-point (PELT),0.5161056555529827
HMM2 with t(4) shocks (misspecified),15,Jump λ=10 vs Jump λ=30,0.8575840690052986
HMM2 with t(4) shocks (misspecified),15,Jump λ=10 vs Jump λ=100,0.6063323572474377
HMM2 with t(4) shocks (misspecified),15,Jump λ=10 vs Change-point (PELT),0.4129023609644934
HMM2 with t(4) shocks (misspecified),15,Jump λ=30 vs Jump λ=100,0.7154124730467275
HMM2 with t(4) shocks (misspecified),15,Jump λ=30 vs Change-point (PELT),0.46634789150578426
HMM2 with t(4) shocks (misspecified),15,Jump λ=100 vs Change-point (PELT),0.5200778149153958
HMM2 with t(4) shocks (misspecified),16,HMM-2 vs Jump λ=10,0.2483507101616974
HMM2 with t(4) shocks (misspecified),16,HMM-2 vs Jump λ=30,0.29087564085576534
HMM2 with t(4) shocks (misspecified),16,HMM-2 vs Jump λ=100,0.3006893297012161
HMM2 with t(4) shocks (misspecified),16,HMM-2 vs Change-point (PELT),0.5045650706771759
HMM2 with t(4) shocks (misspecified),16,Jump λ=10 vs Jump λ=30,0.8592288252876922
HMM2 with t(4) shocks (misspecified),16,Jump λ=10 vs Jump λ=100,0.645560064984877
HMM2 with t(4) shocks (misspecified),16,Jump λ=10 vs Change-point (PELT),0.2984406747681294
HMM2 with t(4) shocks (misspecified),16,Jump λ=30 vs Jump λ=100,0.769868210336766
HMM2 with t(4) shocks (misspecified),16,Jump λ=30 vs Change-point (PELT),0.3666349649795425
HMM2 with t(4) shocks (misspecified),16,Jump λ=100 vs Change-point (PELT),0.4310289215640577
HMM2 with t(4) shocks (misspecified),17,HMM-2 vs Jump λ=10,0.27355367377880424
HMM2 with t(4) shocks (misspecified),17,HMM-2 vs Jump λ=30,0.3212067856156773
HMM2 with t(4) shocks (misspecified),17,HMM-2 vs Jump λ=100,0.33866371147813545
HMM2 with t(4) shocks (misspecified),17,HMM-2 vs Change-point (PELT),0.5416757243644168
HMM2 with t(4) shocks (misspecified),17,Jump λ=10 vs Jump λ=30,0.7951378277101998
HMM2 with t(4) shocks (misspecified),17,Jump λ=10 vs Jump λ=100,0.6414225162350062
HMM2 with t(4) shocks (misspecified),17,Jump λ=10 vs Change-point (PELT),0.3082229904687408
HMM2 with t(4) shocks (misspecified),17,Jump λ=30 vs Jump λ=100,0.8184504826839561
HMM2 with t(4) shocks (misspecified),17,Jump λ=30 vs Change-point (PELT),0.39330076033086236
HMM2 with t(4) shocks (misspecified),17,Jump λ=100 vs Change-point (PELT),0.45673509013996194
HMM2 with t(4) shocks (misspecified),18,HMM-2 vs Jump λ=10,0.3143151139042202
HMM2 with t(4) shocks (misspecified),18,HMM-2 vs Jump λ=30,0.3369229850158838
HMM2 with t(4) shocks (misspecified),18,HMM-2 vs Jump λ=100,0.31463975024554514
HMM2 with t(4) shocks (misspecified),18,HMM-2 vs Change-point (PELT),0.5270860664268806
HMM2 with t(4) shocks (misspecified),18,Jump λ=10 vs Jump λ=30,0.8800985654478446
HMM2 with t(4) shocks (misspecified),18,Jump λ=10 vs Jump λ=100,0.6713572988360689
HMM2 with t(4) shocks (misspecified),18,Jump λ=10 vs Change-point (PELT),0.3567634981279416
HMM2 with t(4) shocks (misspecified),18,Jump λ=30 vs Jump λ=100,0.747832604540098
HMM2 with t(4) shocks (misspecified),18,Jump λ=30 vs Change-point (PELT),0.38658661877600853
HMM2 with t(4) shocks (misspecified),18,Jump λ=100 vs Change-point (PELT),0.40183565300975377
HMM2 with t(4) shocks (misspecified),19,HMM-2 vs Jump λ=10,0.28053819071546615
HMM2 with t(4) shocks (misspecified),19,HMM-2 vs Jump λ=30,0.3107529206398201
HMM2 with t(4) shocks (misspecified),19,HMM-2 vs Jump λ=100,0.28667983545893594
HMM2 with t(4) shocks (misspecified),19,HMM-2 vs Change-point (PELT),0.4604362876230933
HMM2 with t(4) shocks (misspecified),19,Jump λ=10 vs Jump λ=30,0.8682852539381118
HMM2 with t(4) shocks (misspecified),19,Jump λ=10 vs Jump λ=100,0.5339672192862508
HMM2 with t(4) shocks (misspecified),19,Jump λ=10 vs Change-point (PELT),0.34280710330171515
HMM2 with t(4) shocks (misspecified),19,Jump λ=30 vs Jump λ=100,0.6194416265449126
HMM2 with t(4) shocks (misspecified),19,Jump λ=30 vs Change-point (PELT),0.3786961868158356
HMM2 with t(4) shocks (misspecified),19,Jump λ=100 vs Change-point (PELT),0.37405345498827036
HMM2 with t(4) shocks (misspecified),20,HMM-2 vs Jump λ=10,0.2699109055054275
HMM2 with t(4) shocks (misspecified),20,HMM-2 vs Jump λ=30,0.28710662128284603
HMM2 with t(4) shocks (misspecified),20,HMM-2 vs Jump λ=100,0.32277282050219913
HMM2 with t(4) shocks (misspecified),20,HMM-2 vs Change-point (PELT),0.5643462319118029
HMM2 with t(4) shocks (misspecified),20,Jump λ=10 vs Jump λ=30,0.9106170263193142
HMM2 with t(4) shocks (misspecified),20,Jump λ=10 vs Jump λ=100,0.7018340660613605
HMM2 with t(4) shocks (misspecified),20,Jump λ=10 vs Change-point (PELT),0.32874198445077785
HMM2 with t(4) shocks (misspecified),20,Jump λ=30 vs Jump λ=100,0.7742106079616786
HMM2 with t(4) shocks (misspecified),20,Jump λ=30 vs Change-point (PELT),0.3657055413193546
HMM2 with t(4) shocks (misspecified),20,Jump λ=100 vs Change-point (PELT),0.4585923898931198
HMM2 with t(4) shocks (misspecified),21,HMM-2 vs Jump λ=10,0.26245680624012757
HMM2 with t(4) shocks (misspecified),21,HMM-2 vs Jump λ=30,0.2530191959656427
HMM2 with t(4) shocks (misspecified),21,HMM-2 vs Jump λ=100,0.25963758829197825
HMM2 with t(4) shocks (misspecified),21,HMM-2 vs Change-point (PELT),0.4632381790789186
HMM2 with t(4) shocks (misspecified),21,Jump λ=10 vs Jump λ=30,0.8991573610646167
HMM2 with t(4) shocks (misspecified),21,Jump λ=10 vs Jump λ=100,0.7203809361817544
HMM2 with t(4) shocks (misspecified),21,Jump λ=10 vs Change-point (PELT),0.3496765595807634
HMM2 with t(4) shocks (misspecified),21,Jump λ=30 vs Jump λ=100,0.7864969774392541
HMM2 with t(4) shocks (misspecified),21,Jump λ=30 vs Change-point (PELT),0.36090556748270375
HMM2 with t(4) shocks (misspecified),21,Jump λ=100 vs Change-point (PELT),0.42046275933520416
HMM2 with t(4) shocks (misspecified),22,HMM-2 vs Jump λ=10,0.2081364431743138
HMM2 with t(4) shocks (misspecified),22,HMM-2 vs Jump λ=30,0.2330381116706839
HMM2 with t(4) shocks (misspecified),22,HMM-2 vs Jump λ=100,0.27939231248054786
HMM2 with t(4) shocks (misspecified),22,HMM-2 vs Change-point (PELT),0.4793332251732362
HMM2 with t(4) shocks (misspecified),22,Jump λ=10 vs Jump λ=30,0.861199472100909
HMM2 with t(4) shocks (misspecified),22,Jump λ=10 vs Jump λ=100,0.6661462612982745
HMM2 with t(4) shocks (misspecified),22,Jump λ=10 vs Change-point (PELT),0.3000672077163823
HMM2 with t(4) shocks (misspecified),22,Jump λ=30 vs Jump λ=100,0.7723170564597197
HMM2 with t(4) shocks (misspecified),22,Jump λ=30 vs Change-point (PELT),0.3606540709606141
HMM2 with t(4) shocks (misspecified),22,Jump λ=100 vs Change-point (PELT),0.47144181284660847
HMM2 with t(4) shocks (misspecified),23,HMM-2 vs Jump λ=10,0.26345132565377183
HMM2 with t(4) shocks (misspecified),23,HMM-2 vs Jump λ=30,0.350783139940137
HMM2 with t(4) shocks (misspecified),23,HMM-2 vs Jump λ=100,0.3902131964062704
HMM2 with t(4) shocks (misspecified),23,HMM-2 vs Change-point (PELT),0.6235747135139655
HMM2 with t(4) shocks (misspecified),23,Jump λ=10 vs Jump λ=30,0.7635215887933328
HMM2 with t(4) shocks (misspecified),23,Jump λ=10 vs Jump λ=100,0.5080565523406881
HMM2 with t(4) shocks (misspecified),23,Jump λ=10 vs Change-point (PELT),0.2687200230730731
HMM2 with t(4) shocks (misspecified),23,Jump λ=30 vs Jump λ=100,0.693338565044836
HMM2 with t(4) shocks (misspecified),23,Jump λ=30 vs Change-point (PELT),0.3809769513100236
HMM2 with t(4) shocks (misspecified),23,Jump λ=100 vs Change-point (PELT),0.5029061839265879
HMM2 with t(4) shocks (misspecified),24,HMM-2 vs Jump λ=10,0.2618407267535293
HMM2 with t(4) shocks (misspecified),24,HMM-2 vs Jump λ=30,0.3004188580669136
HMM2 with t(4) shocks (misspecified),24,HMM-2 vs Jump λ=100,0.2977163240022964
HMM2 with t(4) shocks (misspecified),24,HMM-2 vs Change-point (PELT),0.5586146473981699
HMM2 with t(4) shocks (misspecified),24,Jump λ=10 vs Jump λ=30,0.8601292858860566
HMM2 with t(4) shocks (misspecified),24,Jump λ=10 vs Jump λ=100,0.7390424139199272
HMM2 with t(4) shocks (misspecified),24,Jump λ=10 vs Change-point (PELT),0.35464061481713804
HMM2 with t(4) shocks (misspecified),24,Jump λ=30 vs Jump λ=100,0.8417355107028412
HMM2 with t(4) shocks (misspecified),24,Jump λ=30 vs Change-point (PELT),0.41187760603769297
HMM2 with t(4) shocks (misspecified),24,Jump λ=100 vs Change-point (PELT),0.4338552447732207
HMM2 with t(4) shocks (misspecified),25,HMM-2 vs Jump λ=10,0.16248610325920054
HMM2 with t(4) shocks (misspecified),25,HMM-2 vs Jump λ=30,0.2150910557794028
HMM2 with t(4) shocks (misspecified),25,HMM-2 vs Jump λ=100,0.2808844911313364
HMM2 with t(4) shocks (misspecified),25,Jump λ=10 vs Jump λ=30,0.8157492821083716
HMM2 with t(4) shocks (misspecified),25,Jump λ=10 vs Jump λ=100,0.46333436686316143
HMM2 with t(4) shocks (misspecified),25,Jump λ=30 vs Jump λ=100,0.6001442419112787
HMM2 with t(4) shocks (misspecified),26,HMM-2 vs Jump λ=10,0.16157557436941572
HMM2 with t(4) shocks (misspecified),26,HMM-2 vs Jump λ=30,0.24182396533626382
HMM2 with t(4) shocks (misspecified),26,HMM-2 vs Jump λ=100,0.22079692804002649
HMM2 with t(4) shocks (misspecified),26,Jump λ=10 vs Jump λ=30,0.7407576703716854
HMM2 with t(4) shocks (misspecified),26,Jump λ=10 vs Jump λ=100,0.571935192573781
HMM2 with t(4) shocks (misspecified),26,Jump λ=30 vs Jump λ=100,0.7941579964712286
HMM2 with t(4) shocks (misspecified),27,HMM-2 vs Jump λ=10,0.24841237047779408
HMM2 with t(4) shocks (misspecified),27,HMM-2 vs Jump λ=30,0.2865042127302835
HMM2 with t(4) shocks (misspecified),27,HMM-2 vs Jump λ=100,0.275473853397429
HMM2 with t(4) shocks (misspecified),27,Jump λ=10 vs Jump λ=30,0.807391855574635
HMM2 with t(4) shocks (misspecified),27,Jump λ=10 vs Jump λ=100,0.7095036539023005
HMM2 with t(4) shocks (misspecified),27,Jump λ=30 vs Jump λ=100,0.8646823663461666
HMM2 with t(4) shocks (misspecified),28,HMM-2 vs Jump λ=10,0.29535074056987165
HMM2 with t(4) shocks (misspecified),28,HMM-2 vs Jump λ=30,0.3442155468413327
HMM2 with t(4) shocks (misspecified),28,HMM-2 vs Jump λ=100,0.3434474801359082
HMM2 with t(4) shocks (misspecified),28,Jump λ=10 vs Jump λ=30,0.8263317801179914
HMM2 with t(4) shocks (misspecified),28,Jump λ=10 vs Jump λ=100,0.6088854477340038
HMM2 with t(4) shocks (misspecified),28,Jump λ=30 vs Jump λ=100,0.7604261205482739
HMM2 with t(4) shocks (misspecified),29,HMM-2 vs Jump λ=10,0.3424279820762105
HMM2 with t(4) shocks (misspecified),29,HMM-2 vs Jump λ=30,0.37694730247362607
HMM2 with t(4) shocks (misspecified),29,HMM-2 vs Jump λ=100,0.3707829002057469
HMM2 with t(4) shocks (misspecified),29,Jump λ=10 vs Jump λ=30,0.8614874647267143
HMM2 with t(4) shocks (misspecified),29,Jump λ=10 vs Jump λ=100,0.65670663832192
HMM2 with t(4) shocks (misspecified),29,Jump λ=30 vs Jump λ=100,0.7645145426203959
HMM2 with t(4) shocks (misspecified),30,HMM-2 vs Jump λ=10,0.2308035345346614
HMM2 with t(4) shocks (misspecified),30,HMM-2 vs Jump λ=30,0.27611093797091435
HMM2 with t(4) shocks (misspecified),30,HMM-2 vs Jump λ=100,0.300299538036619
HMM2 with t(4) shocks (misspecified),30,Jump λ=10 vs Jump λ=30,0.8499429421042894
HMM2 with t(4) shocks (misspecified),30,Jump λ=10 vs Jump λ=100,0.6565282015826444
HMM2 with t(4) shocks (misspecified),30,Jump λ=30 vs Jump λ=100,0.7781558653386946
HMM2 with t(4) shocks (misspecified),31,HMM-2 vs Jump λ=10,0.31133982321717757
HMM2 with t(4) shocks (misspecified),31,HMM-2 vs Jump λ=30,0.31919957875100125
HMM2 with t(4) shocks (misspecified),31,HMM-2 vs Jump λ=100,0.33505155886314275
HMM2 with t(4) shocks (misspecified),31,Jump λ=10 vs Jump λ=30,0.9001835122643578
HMM2 with t(4) shocks (misspecified),31,Jump λ=10 vs Jump λ=100,0.6194944955551089
HMM2 with t(4) shocks (misspecified),31,Jump λ=30 vs Jump λ=100,0.648404107862705
HMM2 with t(4) shocks (misspecified),32,HMM-2 vs Jump λ=10,0.1865434960795257
HMM2 with t(4) shocks (misspecified),32,HMM-2 vs Jump λ=30,0.25421343682777353
HMM2 with t(4) shocks (misspecified),32,HMM-2 vs Jump λ=100,0.27600495292046334
HMM2 with t(4) shocks (misspecified),32,Jump λ=10 vs Jump λ=30,0.7793614702914484
HMM2 with t(4) shocks (misspecified),32,Jump λ=10 vs Jump λ=100,0.4706956834472781
HMM2 with t(4) shocks (misspecified),32,Jump λ=30 vs Jump λ=100,0.6154890688442635
HMM2 with t(4) shocks (misspecified),33,HMM-2 vs Jump λ=10,0.3369253831783614
HMM2 with t(4) shocks (misspecified),33,HMM-2 vs Jump λ=30,0.3675445073675033
HMM2 with t(4) shocks (misspecified),33,HMM-2 vs Jump λ=100,0.37778937479122
HMM2 with t(4) shocks (misspecified),33,Jump λ=10 vs Jump λ=30,0.84080688436372
HMM2 with t(4) shocks (misspecified),33,Jump λ=10 vs Jump λ=100,0.6391396768036334
HMM2 with t(4) shocks (misspecified),33,Jump λ=30 vs Jump λ=100,0.7772836714512503
HMM2 with t(4) shocks (misspecified),34,HMM-2 vs Jump λ=10,0.18245866347768624
HMM2 with t(4) shocks (misspecified),34,HMM-2 vs Jump λ=30,0.22819432831208286
HMM2 with t(4) shocks (misspecified),34,HMM-2 vs Jump λ=100,0.2877069784880897
HMM2 with t(4) shocks (misspecified),34,Jump λ=10 vs Jump λ=30,0.8761000108298882
HMM2 with t(4) shocks (misspecified),34,Jump λ=10 vs Jump λ=100,0.6182461970073545
HMM2 with t(4) shocks (misspecified),34,Jump λ=30 vs Jump λ=100,0.7227572839829184
HMM2 with t(4) shocks (misspecified),35,HMM-2 vs Jump λ=10,0.36267867958536626
HMM2 with t(4) shocks (misspecified),35,HMM-2 vs Jump λ=30,0.37141153422856965
HMM2 with t(4) shocks (misspecified),35,HMM-2 vs Jump λ=100,0.34362713753097174
HMM2 with t(4) shocks (misspecified),35,Jump λ=10 vs Jump λ=30,0.9079594718252122
HMM2 with t(4) shocks (misspecified),35,Jump λ=10 vs Jump λ=100,0.6905915943376977
HMM2 with t(4) shocks (misspecified),35,Jump λ=30 vs Jump λ=100,0.7446565982290336
HMM2 with t(4) shocks (misspecified),36,HMM-2 vs Jump λ=10,0.19757428774525843
HMM2 with t(4) shocks (misspecified),36,HMM-2 vs Jump λ=30,0.2592797424448302
HMM2 with t(4) shocks (misspecified),36,HMM-2 vs Jump λ=100,0.26684823652702394
HMM2 with t(4) shocks (misspecified),36,Jump λ=10 vs Jump λ=30,0.7500675185983048
HMM2 with t(4) shocks (misspecified),36,Jump λ=10 vs Jump λ=100,0.5627234225288249
HMM2 with t(4) shocks (misspecified),36,Jump λ=30 vs Jump λ=100,0.7690259780964877
HMM2 with t(4) shocks (misspecified),37,HMM-2 vs Jump λ=10,0.21384253126594432
HMM2 with t(4) shocks (misspecified),37,HMM-2 vs Jump λ=30,0.2715070107833295
HMM2 with t(4) shocks (misspecified),37,HMM-2 vs Jump λ=100,0.26399655950681755
HMM2 with t(4) shocks (misspecified),37,Jump λ=10 vs Jump λ=30,0.8284795083060174
HMM2 with t(4) shocks (misspecified),37,Jump λ=10 vs Jump λ=100,0.5014690560595509
HMM2 with t(4) shocks (misspecified),37,Jump λ=30 vs Jump λ=100,0.6055658357103408
HMM2 with t(4) shocks (misspecified),38,HMM-2 vs Jump λ=10,0.3506812083798633
HMM2 with t(4) shocks (misspecified),38,HMM-2 vs Jump λ=30,0.35539083405249605
HMM2 with t(4) shocks (misspecified),38,HMM-2 vs Jump λ=100,0.3220276742979338
HMM2 with t(4) shocks (misspecified),38,Jump λ=10 vs Jump λ=30,0.8665650241064804
HMM2 with t(4) shocks (misspecified),38,Jump λ=10 vs Jump λ=100,0.7128826585618513
HMM2 with t(4) shocks (misspecified),38,Jump λ=30 vs Jump λ=100,0.7985917866058142
HMM2 with t(4) shocks (misspecified),39,HMM-2 vs Jump λ=10,0.2525196605125811
HMM2 with t(4) shocks (misspecified),39,HMM-2 vs Jump λ=30,0.3033914147590028
HMM2 with t(4) shocks (misspecified),39,HMM-2 vs Jump λ=100,0.3173995466385321
HMM2 with t(4) shocks (misspecified),39,Jump λ=10 vs Jump λ=30,0.8095458500636455
HMM2 with t(4) shocks (misspecified),39,Jump λ=10 vs Jump λ=100,0.6043240734116375
HMM2 with t(4) shocks (misspecified),39,Jump λ=30 vs Jump λ=100,0.7769856947140604
HMM2 with t(4) shocks (misspecified),40,HMM-2 vs Jump λ=10,0.23891864304416555
HMM2 with t(4) shocks (misspecified),40,HMM-2 vs Jump λ=30,0.25181828190995603
HMM2 with t(4) shocks (misspecified),40,HMM-2 vs Jump λ=100,0.33638327413810176
HMM2 with t(4) shocks (misspecified),40,Jump λ=10 vs Jump λ=30,0.9032005060970151
HMM2 with t(4) shocks (misspecified),40,Jump λ=10 vs Jump λ=100,0.5676326017029456
HMM2 with t(4) shocks (misspecified),40,Jump λ=30 vs Jump λ=100,0.614870164213032
HMM2 with t(4) shocks (misspecified),41,HMM-2 vs Jump λ=10,0.3075888968558367
HMM2 with t(4) shocks (misspecified),41,HMM-2 vs Jump λ=30,0.33383959785189965
HMM2 with t(4) shocks (misspecified),41,HMM-2 vs Jump λ=100,0.3539406304387557
HMM2 with t(4) shocks (misspecified),41,Jump λ=10 vs Jump λ=30,0.8866730052378936
HMM2 with t(4) shocks (misspecified),41,Jump λ=10 vs Jump λ=100,0.6249175287164825
HMM2 with t(4) shocks (misspecified),41,Jump λ=30 vs Jump λ=100,0.6949411846967792
HMM2 with t(4) shocks (misspecified),42,HMM-2 vs Jump λ=10,0.22119716809130308
HMM2 with t(4) shocks (misspecified),42,HMM-2 vs Jump λ=30,0.2385893670569723
HMM2 with t(4) shocks (misspecified),42,HMM-2 vs Jump λ=100,0.25333939104518277
HMM2 with t(4) shocks (misspecified),42,Jump λ=10 vs Jump λ=30,0.9039043261007782
HMM2 with t(4) shocks (misspecified),42,Jump λ=10 vs Jump λ=100,0.7038987983093707
HMM2 with t(4) shocks (misspecified),42,Jump λ=30 vs Jump λ=100,0.7751752656576378
HMM2 with t(4) shocks (misspecified),43,HMM-2 vs Jump λ=10,0.3707694212045457
HMM2 with t(4) shocks (misspecified),43,HMM-2 vs Jump λ=30,0.3734200954207274
HMM2 with t(4) shocks (misspecified),43,HMM-2 vs Jump λ=100,0.3070659000909918
HMM2 with t(4) shocks (misspecified),43,Jump λ=10 vs Jump λ=30,0.9009467624855894
HMM2 with t(4) shocks (misspecified),43,Jump λ=10 vs Jump λ=100,0.7121764683351027
HMM2 with t(4) shocks (misspecified),43,Jump λ=30 vs Jump λ=100,0.7965969891816889
HMM2 with t(4) shocks (misspecified),44,HMM-2 vs Jump λ=10,0.21351162656254874
HMM2 with t(4) shocks (misspecified),44,HMM-2 vs Jump λ=30,0.2205536944311277
HMM2 with t(4) shocks (misspecified),44,HMM-2 vs Jump λ=100,0.28115228282294746
HMM2 with t(4) shocks (misspecified),44,Jump λ=10 vs Jump λ=30,0.8827881339049722
HMM2 with t(4) shocks (misspecified),44,Jump λ=10 vs Jump λ=100,0.6600949588472944
HMM2 with t(4) shocks (misspecified),44,Jump λ=30 vs Jump λ=100,0.7473236590885952
HMM2 with t(4) shocks (misspecified),45,HMM-2 vs Jump λ=10,0.3786775190477647
HMM2 with t(4) shocks (misspecified),45,HMM-2 vs Jump λ=30,0.3800128616435875
HMM2 with t(4) shocks (misspecified),45,HMM-2 vs Jump λ=100,0.37296271379824153
HMM2 with t(4) shocks (misspecified),45,Jump λ=10 vs Jump λ=30,0.9239832395281623
HMM2 with t(4) shocks (misspecified),45,Jump λ=10 vs Jump λ=100,0.6328335279680757
HMM2 with t(4) shocks (misspecified),45,Jump λ=30 vs Jump λ=100,0.6828213871311046
HMM2 with t(4) shocks (misspecified),46,HMM-2 vs Jump λ=10,0.21269339307224921
HMM2 with t(4) shocks (misspecified),46,HMM-2 vs Jump λ=30,0.2488379976392957
HMM2 with t(4) shocks (misspecified),46,HMM-2 vs Jump λ=100,0.26064488708500577
HMM2 with t(4) shocks (misspecified),46,Jump λ=10 vs Jump λ=30,0.8489799994552734
HMM2 with t(4) shocks (misspecified),46,Jump λ=10 vs Jump λ=100,0.636419097836519
HMM2 with t(4) shocks (misspecified),46,Jump λ=30 vs Jump λ=100,0.7507212451074468
HMM2 with t(4) shocks (misspecified),47,HMM-2 vs Jump λ=10,0.23018625109349933
HMM2 with t(4) shocks (misspecified),47,HMM-2 vs Jump λ=30,0.281618622834111
HMM2 with t(4) shocks (misspecified),47,HMM-2 vs Jump λ=100,0.2695246596091073
HMM2 with t(4) shocks (misspecified),47,Jump λ=10 vs Jump λ=30,0.8445605901388173
HMM2 with t(4) shocks (misspecified),47,Jump λ=10 vs Jump λ=100,0.7204794650115325
HMM2 with t(4) shocks (misspecified),47,Jump λ=30 vs Jump λ=100,0.8231927488971434
HMM2 with t(4) shocks (misspecified),48,HMM-2 vs Jump λ=10,0.29822903364387743
HMM2 with t(4) shocks (misspecified),48,HMM-2 vs Jump λ=30,0.3191427126334464
HMM2 with t(4) shocks (misspecified),48,HMM-2 vs Jump λ=100,0.31945358226623555
HMM2 with t(4) shocks (misspecified),48,Jump λ=10 vs Jump λ=30,0.9034797818082339
HMM2 with t(4) shocks (misspecified),48,Jump λ=10 vs Jump λ=100,0.6953461177543815
HMM2 with t(4) shocks (misspecified),48,Jump λ=30 vs Jump λ=100,0.7719079801890745
HMM2 with t(4) shocks (misspecified),49,HMM-2 vs Jump λ=10,0.3739911149673524
HMM2 with t(4) shocks (misspecified),49,HMM-2 vs Jump λ=30,0.3901501689028274
HMM2 with t(4) shocks (misspecified),49,HMM-2 vs Jump λ=100,0.37531897933916925
HMM2 with t(4) shocks (misspecified),49,Jump λ=10 vs Jump λ=30,0.8901285428859381
HMM2 with t(4) shocks (misspecified),49,Jump λ=10 vs Jump λ=100,0.7147119912401735
HMM2 with t(4) shocks (misspecified),49,Jump λ=30 vs Jump λ=100,0.8032251255677996
HMM2 with t(4) shocks (misspecified),50,HMM-2 vs Jump λ=10,0.32568320841074183
HMM2 with t(4) shocks (misspecified),50,HMM-2 vs Jump λ=30,0.36735834928537636
HMM2 with t(4) shocks (misspecified),50,HMM-2 vs Jump λ=100,0.34374843712762915
HMM2 with t(4) shocks (misspecified),50,Jump λ=10 vs Jump λ=30,0.7588759836649202
HMM2 with t(4) shocks (misspecified),50,Jump λ=10 vs Jump λ=100,0.547269132612213
HMM2 with t(4) shocks (misspecified),50,Jump λ=30 vs Jump λ=100,0.7460884411939328
HMM2 with t(4) shocks (misspecified),51,HMM-2 vs Jump λ=10,0.28609782335469436
HMM2 with t(4) shocks (misspecified),51,HMM-2 vs Jump λ=30,0.3028930298797263
HMM2 with t(4) shocks (misspecified),51,HMM-2 vs Jump λ=100,0.21919554024927268
HMM2 with t(4) shocks (misspecified),51,Jump λ=10 vs Jump λ=30,0.8958663217507596
HMM2 with t(4) shocks (misspecified),51,Jump λ=10 vs Jump λ=100,0.6503823990086082
HMM2 with t(4) shocks (misspecified),51,Jump λ=30 vs Jump λ=100,0.6884908078831067
HMM2 with t(4) shocks (misspecified),52,HMM-2 vs Jump λ=10,0.32578830105052736
HMM2 with t(4) shocks (misspecified),52,HMM-2 vs Jump λ=30,0.35304805641717907
HMM2 with t(4) shocks (misspecified),52,HMM-2 vs Jump λ=100,0.3452079108934478
HMM2 with t(4) shocks (misspecified),52,Jump λ=10 vs Jump λ=30,0.8341721724662111
HMM2 with t(4) shocks (misspecified),52,Jump λ=10 vs Jump λ=100,0.731406622004805
HMM2 with t(4) shocks (misspecified),52,Jump λ=30 vs Jump λ=100,0.8422012035579541
HMM2 with t(4) shocks (misspecified),53,HMM-2 vs Jump λ=10,0.25462011096686
HMM2 with t(4) shocks (misspecified),53,HMM-2 vs Jump λ=30,0.3213998040273174
HMM2 with t(4) shocks (misspecified),53,HMM-2 vs Jump λ=100,0.29211518916038826
HMM2 with t(4) shocks (misspecified),53,Jump λ=10 vs Jump λ=30,0.7412846020626083
HMM2 with t(4) shocks (misspecified),53,Jump λ=10 vs Jump λ=100,0.5932120506805088
HMM2 with t(4) shocks (misspecified),53,Jump λ=30 vs Jump λ=100,0.7936750431046801
HMM2 with t(4) shocks (misspecified),54,HMM-2 vs Jump λ=10,0.19768453448572398
HMM2 with t(4) shocks (misspecified),54,HMM-2 vs Jump λ=30,0.31036019213996213
HMM2 with t(4) shocks (misspecified),54,HMM-2 vs Jump λ=100,0.30998693721343784
HMM2 with t(4) shocks (misspecified),54,Jump λ=10 vs Jump λ=30,0.6603636785476059
HMM2 with t(4) shocks (misspecified),54,Jump λ=10 vs Jump λ=100,0.3966678325153842
HMM2 with t(4) shocks (misspecified),54,Jump λ=30 vs Jump λ=100,0.6602037473361995
HMM2 with t(4) shocks (misspecified),55,HMM-2 vs Jump λ=10,0.32792912450728795
HMM2 with t(4) shocks (misspecified),55,HMM-2 vs Jump λ=30,0.3755367315915513
HMM2 with t(4) shocks (misspecified),55,HMM-2 vs Jump λ=100,0.3184724041264666
HMM2 with t(4) shocks (misspecified),55,Jump λ=10 vs Jump λ=30,0.7918666661819564
HMM2 with t(4) shocks (misspecified),55,Jump λ=10 vs Jump λ=100,0.5418014931619739
HMM2 with t(4) shocks (misspecified),55,Jump λ=30 vs Jump λ=100,0.7165976943794057
HMM2 with t(4) shocks (misspecified),56,HMM-2 vs Jump λ=10,0.3605232047798902
HMM2 with t(4) shocks (misspecified),56,HMM-2 vs Jump λ=30,0.37341382546604407
HMM2 with t(4) shocks (misspecified),56,HMM-2 vs Jump λ=100,0.3541383737278656
HMM2 with t(4) shocks (misspecified),56,Jump λ=10 vs Jump λ=30,0.8862931575446034
HMM2 with t(4) shocks (misspecified),56,Jump λ=10 vs Jump λ=100,0.7203497798413021
HMM2 with t(4) shocks (misspecified),56,Jump λ=30 vs Jump λ=100,0.8252369351277505
HMM2 with t(4) shocks (misspecified),57,HMM-2 vs Jump λ=10,0.3487326478855104
HMM2 with t(4) shocks (misspecified),57,HMM-2 vs Jump λ=30,0.3848612549583941
HMM2 with t(4) shocks (misspecified),57,HMM-2 vs Jump λ=100,0.34684181075987697
HMM2 with t(4) shocks (misspecified),57,Jump λ=10 vs Jump λ=30,0.8579531553191001
HMM2 with t(4) shocks (misspecified),57,Jump λ=10 vs Jump λ=100,0.6483319843922464
HMM2 with t(4) shocks (misspecified),57,Jump λ=30 vs Jump λ=100,0.7500908407996753
HMM2 with t(4) shocks (misspecified),58,HMM-2 vs Jump λ=10,0.25005317363497326
HMM2 with t(4) shocks (misspecified),58,HMM-2 vs Jump λ=30,0.28942780525800516
HMM2 with t(4) shocks (misspecified),58,HMM-2 vs Jump λ=100,0.302315367435422
HMM2 with t(4) shocks (misspecified),58,Jump λ=10 vs Jump λ=30,0.8536790053646156
HMM2 with t(4) shocks (misspecified),58,Jump λ=10 vs Jump λ=100,0.6169357201542456
HMM2 with t(4) shocks (misspecified),58,Jump λ=30 vs Jump λ=100,0.7377158050714709
HMM2 with t(4) shocks (misspecified),59,HMM-2 vs Jump λ=10,0.29444054626894167
HMM2 with t(4) shocks (misspecified),59,HMM-2 vs Jump λ=30,0.32866356663916163
HMM2 with t(4) shocks (misspecified),59,HMM-2 vs Jump λ=100,0.3001371100240007
HMM2 with t(4) shocks (misspecified),59,Jump λ=10 vs Jump λ=30,0.8556952112470353
HMM2 with t(4) shocks (misspecified),59,Jump λ=10 vs Jump λ=100,0.7532740577683813
HMM2 with t(4) shocks (misspecified),59,Jump λ=30 vs Jump λ=100,0.8198279948677789
HMM2 with t(4) shocks (misspecified),60,HMM-2 vs Jump λ=10,0.3899828047451064
HMM2 with t(4) shocks (misspecified),60,HMM-2 vs Jump λ=30,0.38438977518498696
HMM2 with t(4) shocks (misspecified),60,HMM-2 vs Jump λ=100,0.3292141081662645
HMM2 with t(4) shocks (misspecified),60,Jump λ=10 vs Jump λ=30,0.9050539069505558
HMM2 with t(4) shocks (misspecified),60,Jump λ=10 vs Jump λ=100,0.6668198128181897
HMM2 with t(4) shocks (misspecified),60,Jump λ=30 vs Jump λ=100,0.7221982017111269
HMM2 with t(4) shocks (misspecified),61,HMM-2 vs Jump λ=10,0.33557375050201366
HMM2 with t(4) shocks (misspecified),61,HMM-2 vs Jump λ=30,0.3398543284155663
HMM2 with t(4) shocks (misspecified),61,HMM-2 vs Jump λ=100,0.3361619519217618
HMM2 with t(4) shocks (misspecified),61,Jump λ=10 vs Jump λ=30,0.8793146550336455
HMM2 with t(4) shocks (misspecified),61,Jump λ=10 vs Jump λ=100,0.6607493833533156
HMM2 with t(4) shocks (misspecified),61,Jump λ=30 vs Jump λ=100,0.7602014555079153
HMM2 with t(4) shocks (misspecified),62,HMM-2 vs Jump λ=10,0.3133523009888384
HMM2 with t(4) shocks (misspecified),62,HMM-2 vs Jump λ=30,0.30966233126820664
HMM2 with t(4) shocks (misspecified),62,HMM-2 vs Jump λ=100,0.3097227885551108
HMM2 with t(4) shocks (misspecified),62,Jump λ=10 vs Jump λ=30,0.8933131298135867
HMM2 with t(4) shocks (misspecified),62,Jump λ=10 vs Jump λ=100,0.6798050874083383
HMM2 with t(4) shocks (misspecified),62,Jump λ=30 vs Jump λ=100,0.7594578399012087
HMM2 with t(4) shocks (misspecified),63,HMM-2 vs Jump λ=10,0.23117362535567698
HMM2 with t(4) shocks (misspecified),63,HMM-2 vs Jump λ=30,0.26826146206225177
HMM2 with t(4) shocks (misspecified),63,HMM-2 vs Jump λ=100,0.233119659451557
HMM2 with t(4) shocks (misspecified),63,Jump λ=10 vs Jump λ=30,0.8361596061083235
HMM2 with t(4) shocks (misspecified),63,Jump λ=10 vs Jump λ=100,0.6908439347293827
HMM2 with t(4) shocks (misspecified),63,Jump λ=30 vs Jump λ=100,0.7918659167425646
HMM2 with t(4) shocks (misspecified),64,HMM-2 vs Jump λ=10,0.20998410723451522
HMM2 with t(4) shocks (misspecified),64,HMM-2 vs Jump λ=30,0.22451566362623743
HMM2 with t(4) shocks (misspecified),64,HMM-2 vs Jump λ=100,0.2826610027733163
HMM2 with t(4) shocks (misspecified),64,Jump λ=10 vs Jump λ=30,0.8871121441351792
HMM2 with t(4) shocks (misspecified),64,Jump λ=10 vs Jump λ=100,0.5102690162434581
HMM2 with t(4) shocks (misspecified),64,Jump λ=30 vs Jump λ=100,0.5736627425981206
HMM2 with t(4) shocks (misspecified),65,HMM-2 vs Jump λ=10,0.2567599635404172
HMM2 with t(4) shocks (misspecified),65,HMM-2 vs Jump λ=30,0.29199788915454716
HMM2 with t(4) shocks (misspecified),65,HMM-2 vs Jump λ=100,0.3340455676703563
HMM2 with t(4) shocks (misspecified),65,Jump λ=10 vs Jump λ=30,0.8706707598575167
HMM2 with t(4) shocks (misspecified),65,Jump λ=10 vs Jump λ=100,0.5826448225055268
HMM2 with t(4) shocks (misspecified),65,Jump λ=30 vs Jump λ=100,0.6680163498923979
HMM2 with t(4) shocks (misspecified),66,HMM-2 vs Jump λ=10,0.19000983349174605
HMM2 with t(4) shocks (misspecified),66,HMM-2 vs Jump λ=30,0.221498529546023
HMM2 with t(4) shocks (misspecified),66,HMM-2 vs Jump λ=100,0.24827148943839084
HMM2 with t(4) shocks (misspecified),66,Jump λ=10 vs Jump λ=30,0.8560050419916964
HMM2 with t(4) shocks (misspecified),66,Jump λ=10 vs Jump λ=100,0.6081025414732665
HMM2 with t(4) shocks (misspecified),66,Jump λ=30 vs Jump λ=100,0.7185621280872321
HMM2 with t(4) shocks (misspecified),67,HMM-2 vs Jump λ=10,0.3003962184098591
HMM2 with t(4) shocks (misspecified),67,HMM-2 vs Jump λ=30,0.33991524796220984
HMM2 with t(4) shocks (misspecified),67,HMM-2 vs Jump λ=100,0.35530522753366445
HMM2 with t(4) shocks (misspecified),67,Jump λ=10 vs Jump λ=30,0.8145938102645657
HMM2 with t(4) shocks (misspecified),67,Jump λ=10 vs Jump λ=100,0.5652776041392802
HMM2 with t(4) shocks (misspecified),67,Jump λ=30 vs Jump λ=100,0.717940141474368
HMM2 with t(4) shocks (misspecified),68,HMM-2 vs Jump λ=10,0.4210463441666611
HMM2 with t(4) shocks (misspecified),68,HMM-2 vs Jump λ=30,0.4161950712076814
HMM2 with t(4) shocks (misspecified),68,HMM-2 vs Jump λ=100,0.39743089354733097
HMM2 with t(4) shocks (misspecified),68,Jump λ=10 vs Jump λ=30,0.8950286892302071
HMM2 with t(4) shocks (misspecified),68,Jump λ=10 vs Jump λ=100,0.7391075985379942
HMM2 with t(4) shocks (misspecified),68,Jump λ=30 vs Jump λ=100,0.8426354139605179
HMM2 with t(4) shocks (misspecified),69,HMM-2 vs Jump λ=10,0.3085646351960758
HMM2 with t(4) shocks (misspecified),69,HMM-2 vs Jump λ=30,0.3601826265989446
HMM2 with t(4) shocks (misspecified),69,HMM-2 vs Jump λ=100,0.3282944695762263
HMM2 with t(4) shocks (misspecified),69,Jump λ=10 vs Jump λ=30,0.8192620661480114
HMM2 with t(4) shocks (misspecified),69,Jump λ=10 vs Jump λ=100,0.6245616510218344
HMM2 with t(4) shocks (misspecified),69,Jump λ=30 vs Jump λ=100,0.7655042922887525
HMM2 with t(4) shocks (misspecified),70,HMM-2 vs Jump λ=10,0.2516623525230165
HMM2 with t(4) shocks (misspecified),70,HMM-2 vs Jump λ=30,0.2824846737289223
HMM2 with t(4) shocks (misspecified),70,HMM-2 vs Jump λ=100,0.31288318110671387
HMM2 with t(4) shocks (misspecified),70,Jump λ=10 vs Jump λ=30,0.8669336674892192
HMM2 with t(4) shocks (misspecified),70,Jump λ=10 vs Jump λ=100,0.723663531973311
HMM2 with t(4) shocks (misspecified),70,Jump λ=30 vs Jump λ=100,0.8392190956451562
HMM2 with t(4) shocks (misspecified),71,HMM-2 vs Jump λ=10,0.323839057341751
HMM2 with t(4) shocks (misspecified),71,HMM-2 vs Jump λ=30,0.3569680556459658
HMM2 with t(4) shocks (misspecified),71,HMM-2 vs Jump λ=100,0.33666730161555924
HMM2 with t(4) shocks (misspecified),71,Jump λ=10 vs Jump λ=30,0.8541743484768334
HMM2 with t(4) shocks (misspecified),71,Jump λ=10 vs Jump λ=100,0.6533747058832389
HMM2 with t(4) shocks (misspecified),71,Jump λ=30 vs Jump λ=100,0.7189371669238284
HMM2 with t(4) shocks (misspecified),72,HMM-2 vs Jump λ=10,0.38124583179986427
HMM2 with t(4) shocks (misspecified),72,HMM-2 vs Jump λ=30,0.38033389985363797
HMM2 with t(4) shocks (misspecified),72,HMM-2 vs Jump λ=100,0.3017658147532759
HMM2 with t(4) shocks (misspecified),72,Jump λ=10 vs Jump λ=30,0.9312680982578413
HMM2 with t(4) shocks (misspecified),72,Jump λ=10 vs Jump λ=100,0.6358313656697915
HMM2 with t(4) shocks (misspecified),72,Jump λ=30 vs Jump λ=100,0.6476637615033369
HMM2 with t(4) shocks (misspecified),73,HMM-2 vs Jump λ=10,0.35054490759540347
HMM2 with t(4) shocks (misspecified),73,HMM-2 vs Jump λ=30,0.35657776708044
HMM2 with t(4) shocks (misspecified),73,HMM-2 vs Jump λ=100,0.3410644178331359
HMM2 with t(4) shocks (misspecified),73,Jump λ=10 vs Jump λ=30,0.89384184403121
HMM2 with t(4) shocks (misspecified),73,Jump λ=10 vs Jump λ=100,0.7066158805024267
HMM2 with t(4) shocks (misspecified),73,Jump λ=30 vs Jump λ=100,0.765553749920275
HMM2 with t(4) shocks (misspecified),74,HMM-2 vs Jump λ=10,0.29186678027680657
HMM2 with t(4) shocks (misspecified),74,HMM-2 vs Jump λ=30,0.31173541408117744
HMM2 with t(4) shocks (misspecified),74,HMM-2 vs Jump λ=100,0.31918511791371895
HMM2 with t(4) shocks (misspecified),74,Jump λ=10 vs Jump λ=30,0.8908752868459382
HMM2 with t(4) shocks (misspecified),74,Jump λ=10 vs Jump λ=100,0.7011922493578407
HMM2 with t(4) shocks (misspecified),74,Jump λ=30 vs Jump λ=100,0.7909036639472161
HMM2 with t(4) shocks (misspecified),75,HMM-2 vs Jump λ=10,0.2845756477065329
HMM2 with t(4) shocks (misspecified),75,HMM-2 vs Jump λ=30,0.3231630324017739
HMM2 with t(4) shocks (misspecified),75,HMM-2 vs Jump λ=100,0.29467812505958746
HMM2 with t(4) shocks (misspecified),75,Jump λ=10 vs Jump λ=30,0.8646201034126609
HMM2 with t(4) shocks (misspecified),75,Jump λ=10 vs Jump λ=100,0.49656880472226983
HMM2 with t(4) shocks (misspecified),75,Jump λ=30 vs Jump λ=100,0.5649716900542678
HMM2 with t(4) shocks (misspecified),76,HMM-2 vs Jump λ=10,0.2802560313901161
HMM2 with t(4) shocks (misspecified),76,HMM-2 vs Jump λ=30,0.30264254492136167
HMM2 with t(4) shocks (misspecified),76,HMM-2 vs Jump λ=100,0.3261015969117351
HMM2 with t(4) shocks (misspecified),76,Jump λ=10 vs Jump λ=30,0.8686133102621516
HMM2 with t(4) shocks (misspecified),76,Jump λ=10 vs Jump λ=100,0.5296111350755208
HMM2 with t(4) shocks (misspecified),76,Jump λ=30 vs Jump λ=100,0.626033117260336
HMM2 with t(4) shocks (misspecified),77,HMM-2 vs Jump λ=10,0.2648388935107555
HMM2 with t(4) shocks (misspecified),77,HMM-2 vs Jump λ=30,0.3121664192650636
HMM2 with t(4) shocks (misspecified),77,HMM-2 vs Jump λ=100,0.2950570111526949
HMM2 with t(4) shocks (misspecified),77,Jump λ=10 vs Jump λ=30,0.8487945846393128
HMM2 with t(4) shocks (misspecified),77,Jump λ=10 vs Jump λ=100,0.6340404054644913
HMM2 with t(4) shocks (misspecified),77,Jump λ=30 vs Jump λ=100,0.755494279982458
HMM2 with t(4) shocks (misspecified),78,HMM-2 vs Jump λ=10,0.14933977015333777
HMM2 with t(4) shocks (misspecified),78,HMM-2 vs Jump λ=30,0.15316309626513003
HMM2 with t(4) shocks (misspecified),78,HMM-2 vs Jump λ=100,0.26919737863108006
HMM2 with t(4) shocks (misspecified),78,Jump λ=10 vs Jump λ=30,0.9140925217141256
HMM2 with t(4) shocks (misspecified),78,Jump λ=10 vs Jump λ=100,0.5975123379664096
HMM2 with t(4) shocks (misspecified),78,Jump λ=30 vs Jump λ=100,0.6496159012668253
HMM2 with t(4) shocks (misspecified),79,HMM-2 vs Jump λ=10,0.3952545410782834
HMM2 with t(4) shocks (misspecified),79,HMM-2 vs Jump λ=30,0.4074183741364046
HMM2 with t(4) shocks (misspecified),79,HMM-2 vs Jump λ=100,0.3903053796655811
HMM2 with t(4) shocks (misspecified),79,Jump λ=10 vs Jump λ=30,0.8735401900703104
HMM2 with t(4) shocks (misspecified),79,Jump λ=10 vs Jump λ=100,0.6204622306574227
HMM2 with t(4) shocks (misspecified),79,Jump λ=30 vs Jump λ=100,0.7156980883243381
HMM2 with t(4) shocks (misspecified),80,HMM-2 vs Jump λ=10,0.391495632178285
HMM2 with t(4) shocks (misspecified),80,HMM-2 vs Jump λ=30,0.3925170586715373
HMM2 with t(4) shocks (misspecified),80,HMM-2 vs Jump λ=100,0.3854147118099186
HMM2 with t(4) shocks (misspecified),80,Jump λ=10 vs Jump λ=30,0.8767191113657683
HMM2 with t(4) shocks (misspecified),80,Jump λ=10 vs Jump λ=100,0.6908989036182849
HMM2 with t(4) shocks (misspecified),80,Jump λ=30 vs Jump λ=100,0.7892868827255834
HMM2 with t(4) shocks (misspecified),81,HMM-2 vs Jump λ=10,0.2748862027743927
HMM2 with t(4) shocks (misspecified),81,HMM-2 vs Jump λ=30,0.3020508678193816
HMM2 with t(4) shocks (misspecified),81,HMM-2 vs Jump λ=100,0.2838727014099157
HMM2 with t(4) shocks (misspecified),81,Jump λ=10 vs Jump λ=30,0.8864882865243168
HMM2 with t(4) shocks (misspecified),81,Jump λ=10 vs Jump λ=100,0.7281222958802047
HMM2 with t(4) shocks (misspecified),81,Jump λ=30 vs Jump λ=100,0.8241537108917467
HMM2 with t(4) shocks (misspecified),82,HMM-2 vs Jump λ=10,0.25161361373303903
HMM2 with t(4) shocks (misspecified),82,HMM-2 vs Jump λ=30,0.2739768198854621
HMM2 with t(4) shocks (misspecified),82,HMM-2 vs Jump λ=100,0.2991904904139687
HMM2 with t(4) shocks (misspecified),82,Jump λ=10 vs Jump λ=30,0.8895253891021743
HMM2 with t(4) shocks (misspecified),82,Jump λ=10 vs Jump λ=100,0.7221303829569077
HMM2 with t(4) shocks (misspecified),82,Jump λ=30 vs Jump λ=100,0.8086044921485085
HMM2 with t(4) shocks (misspecified),83,HMM-2 vs Jump λ=10,0.29671239307533115
HMM2 with t(4) shocks (misspecified),83,HMM-2 vs Jump λ=30,0.33047887607762083
HMM2 with t(4) shocks (misspecified),83,HMM-2 vs Jump λ=100,0.34300765731455596
HMM2 with t(4) shocks (misspecified),83,Jump λ=10 vs Jump λ=30,0.8408292686468479
HMM2 with t(4) shocks (misspecified),83,Jump λ=10 vs Jump λ=100,0.5837550778832681
HMM2 with t(4) shocks (misspecified),83,Jump λ=30 vs Jump λ=100,0.7154421282295211
HMM2 with t(4) shocks (misspecified),84,HMM-2 vs Jump λ=10,0.28018287524594676
HMM2 with t(4) shocks (misspecified),84,HMM-2 vs Jump λ=30,0.3285121413860195
HMM2 with t(4) shocks (misspecified),84,HMM-2 vs Jump λ=100,0.3587561636266795
HMM2 with t(4) shocks (misspecified),84,Jump λ=10 vs Jump λ=30,0.8546788208330617
HMM2 with t(4) shocks (misspecified),84,Jump λ=10 vs Jump λ=100,0.66740636030337
HMM2 with t(4) shocks (misspecified),84,Jump λ=30 vs Jump λ=100,0.7977324258042165
HMM2 with t(4) shocks (misspecified),85,HMM-2 vs Jump λ=10,0.20558344912445214
HMM2 with t(4) shocks (misspecified),85,HMM-2 vs Jump λ=30,0.2517568253417888
HMM2 with t(4) shocks (misspecified),85,HMM-2 vs Jump λ=100,0.28785614355229316
HMM2 with t(4) shocks (misspecified),85,Jump λ=10 vs Jump λ=30,0.8465362429510065
HMM2 with t(4) shocks (misspecified),85,Jump λ=10 vs Jump λ=100,0.549537114316159
HMM2 with t(4) shocks (misspecified),85,Jump λ=30 vs Jump λ=100,0.6657943104939781
HMM2 with t(4) shocks (misspecified),86,HMM-2 vs Jump λ=10,0.30247349866016604
HMM2 with t(4) shocks (misspecified),86,HMM-2 vs Jump λ=30,0.3122317607983478
HMM2 with t(4) shocks (misspecified),86,HMM-2 vs Jump λ=100,0.3392228605058375
HMM2 with t(4) shocks (misspecified),86,Jump λ=10 vs Jump λ=30,0.8691441738993424
HMM2 with t(4) shocks (misspecified),86,Jump λ=10 vs Jump λ=100,0.6560164150981467
HMM2 with t(4) shocks (misspecified),86,Jump λ=30 vs Jump λ=100,0.7706054453059571
HMM2 with t(4) shocks (misspecified),87,HMM-2 vs Jump λ=10,0.23418648974131373
HMM2 with t(4) shocks (misspecified),87,HMM-2 vs Jump λ=30,0.27343115288247055
HMM2 with t(4) shocks (misspecified),87,HMM-2 vs Jump λ=100,0.2995614915414183
HMM2 with t(4) shocks (misspecified),87,Jump λ=10 vs Jump λ=30,0.8670970958336804
HMM2 with t(4) shocks (misspecified),87,Jump λ=10 vs Jump λ=100,0.6711692682442868
HMM2 with t(4) shocks (misspecified),87,Jump λ=30 vs Jump λ=100,0.7772860982929806
HMM2 with t(4) shocks (misspecified),88,HMM-2 vs Jump λ=10,0.22327149169270855
HMM2 with t(4) shocks (misspecified),88,HMM-2 vs Jump λ=30,0.278059595566054
HMM2 with t(4) shocks (misspecified),88,HMM-2 vs Jump λ=100,0.30455138969123563
HMM2 with t(4) shocks (misspecified),88,Jump λ=10 vs Jump λ=30,0.8390185219181101
HMM2 with t(4) shocks (misspecified),88,Jump λ=10 vs Jump λ=100,0.6710621503487233
HMM2 with t(4) shocks (misspecified),88,Jump λ=30 vs Jump λ=100,0.8063038933439857
HMM2 with t(4) shocks (misspecified),89,HMM-2 vs Jump λ=10,0.3361661794316153
HMM2 with t(4) shocks (misspecified),89,HMM-2 vs Jump λ=30,0.3742451397929516
HMM2 with t(4) shocks (misspecified),89,HMM-2 vs Jump λ=100,0.3152029542271204
HMM2 with t(4) shocks (misspecified),89,Jump λ=10 vs Jump λ=30,0.8469827742754694
HMM2 with t(4) shocks (misspecified),89,Jump λ=10 vs Jump λ=100,0.6096821758705101
HMM2 with t(4) shocks (misspecified),89,Jump λ=30 vs Jump λ=100,0.7244704697542426
HMM2 with t(4) shocks (misspecified),90,HMM-2 vs Jump λ=10,0.42100927296948276
HMM2 with t(4) shocks (misspecified),90,HMM-2 vs Jump λ=30,0.42482930096189275
HMM2 with t(4) shocks (misspecified),90,HMM-2 vs Jump λ=100,0.356744655655601
HMM2 with t(4) shocks (misspecified),90,Jump λ=10 vs Jump λ=30,0.9043782511114796
HMM2 with t(4) shocks (misspecified),90,Jump λ=10 vs Jump λ=100,0.662825337756515
HMM2 with t(4) shocks (misspecified),90,Jump λ=30 vs Jump λ=100,0.7560738272750054
HMM2 with t(4) shocks (misspecified),91,HMM-2 vs Jump λ=10,0.15051376618920997
HMM2 with t(4) shocks (misspecified),91,HMM-2 vs Jump λ=30,0.2010946607429056
HMM2 with t(4) shocks (misspecified),91,HMM-2 vs Jump λ=100,0.18630975199473365
HMM2 with t(4) shocks (misspecified),91,Jump λ=10 vs Jump λ=30,0.8495109959119713
HMM2 with t(4) shocks (misspecified),91,Jump λ=10 vs Jump λ=100,0.6238688524590164
HMM2 with t(4) shocks (misspecified),91,Jump λ=30 vs Jump λ=100,0.7320652422629096
HMM2 with t(4) shocks (misspecified),92,HMM-2 vs Jump λ=10,0.257728183543506
HMM2 with t(4) shocks (misspecified),92,HMM-2 vs Jump λ=30,0.29157555245118116
HMM2 with t(4) shocks (misspecified),92,HMM-2 vs Jump λ=100,0.2895286385203564
HMM2 with t(4) shocks (misspecified),92,Jump λ=10 vs Jump λ=30,0.8465163526851686
HMM2 with t(4) shocks (misspecified),92,Jump λ=10 vs Jump λ=100,0.7201264649978353
HMM2 with t(4) shocks (misspecified),92,Jump λ=30 vs Jump λ=100,0.8598436974724131
HMM2 with t(4) shocks (misspecified),93,HMM-2 vs Jump λ=10,0.21854140773674013
HMM2 with t(4) shocks (misspecified),93,HMM-2 vs Jump λ=30,0.29489634682189714
HMM2 with t(4) shocks (misspecified),93,HMM-2 vs Jump λ=100,0.34398805568638924
HMM2 with t(4) shocks (misspecified),93,Jump λ=10 vs Jump λ=30,0.7766207817966235
HMM2 with t(4) shocks (misspecified),93,Jump λ=10 vs Jump λ=100,0.6325918325391523
HMM2 with t(4) shocks (misspecified),93,Jump λ=30 vs Jump λ=100,0.8225639949518104
HMM2 with t(4) shocks (misspecified),94,HMM-2 vs Jump λ=10,0.278059752139702
HMM2 with t(4) shocks (misspecified),94,HMM-2 vs Jump λ=30,0.34397684018656505
HMM2 with t(4) shocks (misspecified),94,HMM-2 vs Jump λ=100,0.3512678610835952
HMM2 with t(4) shocks (misspecified),94,Jump λ=10 vs Jump λ=30,0.8140907847433881
HMM2 with t(4) shocks (misspecified),94,Jump λ=10 vs Jump λ=100,0.7090559286504838
HMM2 with t(4) shocks (misspecified),94,Jump λ=30 vs Jump λ=100,0.8609428633405561
HMM2 with t(4) shocks (misspecified),95,HMM-2 vs Jump λ=10,0.3718262573118819
HMM2 with t(4) shocks (misspecified),95,HMM-2 vs Jump λ=30,0.37140800050184064
HMM2 with t(4) shocks (misspecified),95,HMM-2 vs Jump λ=100,0.34992340795912946
HMM2 with t(4) shocks (misspecified),95,Jump λ=10 vs Jump λ=30,0.8756788344738212
HMM2 with t(4) shocks (misspecified),95,Jump λ=10 vs Jump λ=100,0.739865992452514
HMM2 with t(4) shocks (misspecified),95,Jump λ=30 vs Jump λ=100,0.8365951467680034
HMM2 with t(4) shocks (misspecified),96,HMM-2 vs Jump λ=10,0.26379218368377133
HMM2 with t(4) shocks (misspecified),96,HMM-2 vs Jump λ=30,0.3050963997729885
HMM2 with t(4) shocks (misspecified),96,HMM-2 vs Jump λ=100,0.3319951911818073
HMM2 with t(4) shocks (misspecified),96,Jump λ=10 vs Jump λ=30,0.845675738703792
HMM2 with t(4) shocks (misspecified),96,Jump λ=10 vs Jump λ=100,0.6370543470989107
HMM2 with t(4) shocks (misspecified),96,Jump λ=30 vs Jump λ=100,0.7794523724166003
HMM2 with t(4) shocks (misspecified),97,HMM-2 vs Jump λ=10,0.34841339043859276
HMM2 with t(4) shocks (misspecified),97,HMM-2 vs Jump λ=30,0.38504343108353023
HMM2 with t(4) shocks (misspecified),97,HMM-2 vs Jump λ=100,0.35072310395078576
HMM2 with t(4) shocks (misspecified),97,Jump λ=10 vs Jump λ=30,0.8671160195680481
HMM2 with t(4) shocks (misspecified),97,Jump λ=10 vs Jump λ=100,0.6950690423042094
HMM2 with t(4) shocks (misspecified),97,Jump λ=30 vs Jump λ=100,0.81210830825426
HMM2 with t(4) shocks (misspecified),98,HMM-2 vs Jump λ=10,0.21930252011785656
HMM2 with t(4) shocks (misspecified),98,HMM-2 vs Jump λ=30,0.23728397082313735
HMM2 with t(4) shocks (misspecified),98,HMM-2 vs Jump λ=100,0.2916287660076189
HMM2 with t(4) shocks (misspecified),98,Jump λ=10 vs Jump λ=30,0.8740701799512385
HMM2 with t(4) shocks (misspecified),98,Jump λ=10 vs Jump λ=100,0.5219209741133153
HMM2 with t(4) shocks (misspecified),98,Jump λ=30 vs Jump λ=100,0.6153156465498594
HMM2 with t(4) shocks (misspecified),99,HMM-2 vs Jump λ=10,0.26495096431992016
HMM2 with t(4) shocks (misspecified),99,HMM-2 vs Jump λ=30,0.28184721388713896
HMM2 with t(4) shocks (misspecified),99,HMM-2 vs Jump λ=100,0.22471795140016304
HMM2 with t(4) shocks (misspecified),99,Jump λ=10 vs Jump λ=30,0.890817734664174
HMM2 with t(4) shocks (misspecified),99,Jump λ=10 vs Jump λ=100,0.6646737260118991
HMM2 with t(4) shocks (misspecified),99,Jump λ=30 vs Jump λ=100,0.7515770221700271
HMM3 (three regimes),0,HMM-2 vs Jump λ=10,0.4095298147798301
HMM3 (three regimes),0,HMM-2 vs Jump λ=30,0.4207007816277254
HMM3 (three regimes),0,HMM-2 vs Jump λ=100,0.26050513215939597
HMM3 (three regimes),0,HMM-2 vs Change-point (PELT),0.32354937697800523
HMM3 (three regimes),0,Jump λ=10 vs Jump λ=30,0.8672857663421307
HMM3 (three regimes),0,Jump λ=10 vs Jump λ=100,0.3987583545507548
HMM3 (three regimes),0,Jump λ=10 vs Change-point (PELT),0.24818902844311896
HMM3 (three regimes),0,Jump λ=30 vs Jump λ=100,0.45476798372124005
HMM3 (three regimes),0,Jump λ=30 vs Change-point (PELT),0.2975759697337854
HMM3 (three regimes),0,Jump λ=100 vs Change-point (PELT),0.45954694993752143
HMM3 (three regimes),1,HMM-2 vs Jump λ=10,0.22524608075029517
HMM3 (three regimes),1,HMM-2 vs Jump λ=30,0.2889241752572118
HMM3 (three regimes),1,HMM-2 vs Jump λ=100,0.28397045364317197
HMM3 (three regimes),1,HMM-2 vs Change-point (PELT),0.47132297285062175
HMM3 (three regimes),1,Jump λ=10 vs Jump λ=30,0.8096476588172833
HMM3 (three regimes),1,Jump λ=10 vs Jump λ=100,0.7039333741280691
HMM3 (three regimes),1,Jump λ=10 vs Change-point (PELT),0.12251379621991798
HMM3 (three regimes),1,Jump λ=30 vs Jump λ=100,0.8090406088328705
HMM3 (three regimes),1,Jump λ=30 vs Change-point (PELT),0.1681997988824846
HMM3 (three regimes),1,Jump λ=100 vs Change-point (PELT),0.16918568639995857
HMM3 (three regimes),2,HMM-2 vs Jump λ=10,0.3700220766202439
HMM3 (three regimes),2,HMM-2 vs Jump λ=30,0.3916249781143729
HMM3 (three regimes),2,HMM-2 vs Jump λ=100,0.26575516273141797
HMM3 (three regimes),2,HMM-2 vs Change-point (PELT),0.3196476102270909
HMM3 (three regimes),2,Jump λ=10 vs Jump λ=30,0.8694196152719298
HMM3 (three regimes),2,Jump λ=10 vs Jump λ=100,0.4470177785350633
HMM3 (three regimes),2,Jump λ=10 vs Change-point (PELT),0.19946217003645306
HMM3 (three regimes),2,Jump λ=30 vs Jump λ=100,0.4584523136676568
HMM3 (three regimes),2,Jump λ=30 vs Change-point (PELT),0.22968573899448796
HMM3 (three regimes),2,Jump λ=100 vs Change-point (PELT),0.3877965257696915
HMM3 (three regimes),3,HMM-2 vs Jump λ=10,0.36306542777873285
HMM3 (three regimes),3,HMM-2 vs Jump λ=30,0.39349541156092194
HMM3 (three regimes),3,HMM-2 vs Jump λ=100,0.3634363843299704
HMM3 (three regimes),3,HMM-2 vs Change-point (PELT),0.2996445424257812
HMM3 (three regimes),3,Jump λ=10 vs Jump λ=30,0.8851988413529619
HMM3 (three regimes),3,Jump λ=10 vs Jump λ=100,0.4954723019724908
HMM3 (three regimes),3,Jump λ=10 vs Change-point (PELT),0.15280510791153912
HMM3 (three regimes),3,Jump λ=30 vs Jump λ=100,0.5286833482157036
HMM3 (three regimes),3,Jump λ=30 vs Change-point (PELT),0.16328513545323875
HMM3 (three regimes),3,Jump λ=100 vs Change-point (PELT),0.36022188969998603
HMM3 (three regimes),4,HMM-2 vs Jump λ=10,0.32109302443336485
HMM3 (three regimes),4,HMM-2 vs Jump λ=30,0.3686800009074883
HMM3 (three regimes),4,HMM-2 vs Jump λ=100,0.34743679695121676
HMM3 (three regimes),4,HMM-2 vs Change-point (PELT),0.2545370172012239
HMM3 (three regimes),4,Jump λ=10 vs Jump λ=30,0.8472985108249592
HMM3 (three regimes),4,Jump λ=10 vs Jump λ=100,0.6105781503489596
HMM3 (three regimes),4,Jump λ=10 vs Change-point (PELT),0.12213959566369759
HMM3 (three regimes),4,Jump λ=30 vs Jump λ=100,0.7402550560472648
HMM3 (three regimes),4,Jump λ=30 vs Change-point (PELT),0.15506822198582249
HMM3 (three regimes),4,Jump λ=100 vs Change-point (PELT),0.19535866982595018
HMM3 (three regimes),5,HMM-2 vs Jump λ=10,0.39147040101845954
HMM3 (three regimes),5,HMM-2 vs Jump λ=30,0.40032783814944994
HMM3 (three regimes),5,HMM-2 vs Jump λ=100,0.35749641741930793
HMM3 (three regimes),5,HMM-2 vs Change-point (PELT),0.42093616283046964
HMM3 (three regimes),5,Jump λ=10 vs Jump λ=30,0.9011398145748318
HMM3 (three regimes),5,Jump λ=10 vs Jump λ=100,0.5783229115716002
HMM3 (three regimes),5,Jump λ=10 vs Change-point (PELT),0.25634712875919585
HMM3 (three regimes),5,Jump λ=30 vs Jump λ=100,0.6109939177490321
HMM3 (three regimes),5,Jump λ=30 vs Change-point (PELT),0.2877707362454114
HMM3 (three regimes),5,Jump λ=100 vs Change-point (PELT),0.3825986896839647
HMM3 (three regimes),6,HMM-2 vs Jump λ=10,0.3047451121398146
HMM3 (three regimes),6,HMM-2 vs Jump λ=30,0.30850193278630567
HMM3 (three regimes),6,HMM-2 vs Jump λ=100,0.30831687937244767
HMM3 (three regimes),6,HMM-2 vs Change-point (PELT),0.3836478383692258
HMM3 (three regimes),6,Jump λ=10 vs Jump λ=30,0.7571541346929942
HMM3 (three regimes),6,Jump λ=10 vs Jump λ=100,0.7038893225843494
HMM3 (three regimes),6,Jump λ=10 vs Change-point (PELT),0.17529896933894074
HMM3 (three regimes),6,Jump λ=30 vs Jump λ=100,0.7334303456627425
HMM3 (three regimes),6,Jump λ=30 vs Change-point (PELT),0.23755970002517546
HMM3 (three regimes),6,Jump λ=100 vs Change-point (PELT),0.23487470494139773
HMM3 (three regimes),7,HMM-2 vs Jump λ=10,0.39989391535475716
HMM3 (three regimes),7,HMM-2 vs Jump λ=30,0.42584043480174005
HMM3 (three regimes),7,HMM-2 vs Jump λ=100,0.43443867290476024
HMM3 (three regimes),7,HMM-2 vs Change-point (PELT),0.39413160395087987
HMM3 (three regimes),7,Jump λ=10 vs Jump λ=30,0.8819449462814392
HMM3 (three regimes),7,Jump λ=10 vs Jump λ=100,0.6990805539525855
HMM3 (three regimes),7,Jump λ=10 vs Change-point (PELT),0.27759678373659935
HMM3 (three regimes),7,Jump λ=30 vs Jump λ=100,0.79830893028182
HMM3 (three regimes),7,Jump λ=30 vs Change-point (PELT),0.32302002484839654
HMM3 (three regimes),7,Jump λ=100 vs Change-point (PELT),0.3741109046157274
HMM3 (three regimes),8,HMM-2 vs Jump λ=10,0.35871498897750576
HMM3 (three regimes),8,HMM-2 vs Jump λ=30,0.38298076798958147
HMM3 (three regimes),8,HMM-2 vs Jump λ=100,0.32594722778463747
HMM3 (three regimes),8,HMM-2 vs Change-point (PELT),0.33129363796896105
HMM3 (three regimes),8,Jump λ=10 vs Jump λ=30,0.8917551962858321
HMM3 (three regimes),8,Jump λ=10 vs Jump λ=100,0.622709699206295
HMM3 (three regimes),8,Jump λ=10 vs Change-point (PELT),0.17636823348542086
HMM3 (three regimes),8,Jump λ=30 vs Jump λ=100,0.684014082632592
HMM3 (three regimes),8,Jump λ=30 vs Change-point (PELT),0.1916586628680892
HMM3 (three regimes),8,Jump λ=100 vs Change-point (PELT),0.2235615262992191
HMM3 (three regimes),9,HMM-2 vs Jump λ=10,0.3836606767727012
HMM3 (three regimes),9,HMM-2 vs Jump λ=30,0.4003195553876532
HMM3 (three regimes),9,HMM-2 vs Jump λ=100,0.3733577781230978
HMM3 (three regimes),9,HMM-2 vs Change-point (PELT),0.31497135006782584
HMM3 (three regimes),9,Jump λ=10 vs Jump λ=30,0.9101698427800333
HMM3 (three regimes),9,Jump λ=10 vs Jump λ=100,0.6734856257365416
HMM3 (three regimes),9,Jump λ=10 vs Change-point (PELT),0.20101753739449923
HMM3 (three regimes),9,Jump λ=30 vs Jump λ=100,0.711306479822119
HMM3 (three regimes),9,Jump λ=30 vs Change-point (PELT),0.2226115650534256
HMM3 (three regimes),9,Jump λ=100 vs Change-point (PELT),0.19737966094796566
HMM3 (three regimes),10,HMM-2 vs Jump λ=10,0.3533549783549783
HMM3 (three regimes),10,HMM-2 vs Jump λ=30,0.3877309754347835
HMM3 (three regimes),10,HMM-2 vs Jump λ=100,0.4424973115873885
HMM3 (three regimes),10,HMM-2 vs Change-point (PELT),0.6378394072517681
HMM3 (three regimes),10,Jump λ=10 vs Jump λ=30,0.8656035851144458
HMM3 (three regimes),10,Jump λ=10 vs Jump λ=100,0.5935598045247816
HMM3 (three regimes),10,Jump λ=10 vs Change-point (PELT),0.35669813728861444
HMM3 (three regimes),10,Jump λ=30 vs Jump λ=100,0.692038241888877
HMM3 (three regimes),10,Jump λ=30 vs Change-point (PELT),0.41717485463213033
HMM3 (three regimes),10,Jump λ=100 vs Change-point (PELT),0.5534929043071821
HMM3 (three regimes),11,HMM-2 vs Jump λ=10,0.3134462381338554
HMM3 (three regimes),11,HMM-2 vs Jump λ=30,0.32496562956288955
HMM3 (three regimes),11,HMM-2 vs Jump λ=100,0.3747686502831734
HMM3 (three regimes),11,HMM-2 vs Change-point (PELT),0.36705161737241976
HMM3 (three regimes),11,Jump λ=10 vs Jump λ=30,0.9161978242469964
HMM3 (three regimes),11,Jump λ=10 vs Jump λ=100,0.6579215320724807
HMM3 (three regimes),11,Jump λ=10 vs Change-point (PELT),0.1387416685724202
HMM3 (three regimes),11,Jump λ=30 vs Jump λ=100,0.6984755858305621
HMM3 (three regimes),11,Jump λ=30 vs Change-point (PELT),0.14029289050751248
HMM3 (three regimes),11,Jump λ=100 vs Change-point (PELT),0.22814230249210798
HMM3 (three regimes),12,HMM-2 vs Jump λ=10,0.4044598485975395
HMM3 (three regimes),12,HMM-2 vs Jump λ=30,0.4366552750971935
HMM3 (three regimes),12,HMM-2 vs Jump λ=100,0.3825530027214088
HMM3 (three regimes),12,HMM-2 vs Change-point (PELT),0.20254127631563812
HMM3 (three regimes),12,Jump λ=10 vs Jump λ=30,0.8639180724797123
HMM3 (three regimes),12,Jump λ=10 vs Jump λ=100,0.6648796366785921
HMM3 (three regimes),12,Jump λ=10 vs Change-point (PELT),0.128541346386446
HMM3 (three regimes),12,Jump λ=30 vs Jump λ=100,0.7852000888182769
HMM3 (three regimes),12,Jump λ=30 vs Change-point (PELT),0.15760828062240828
HMM3 (three regimes),12,Jump λ=100 vs Change-point (PELT),0.2262750379997287
HMM3 (three regimes),13,HMM-2 vs Jump λ=10,0.461136869571134
HMM3 (three regimes),13,HMM-2 vs Jump λ=30,0.4733833909115891
HMM3 (three regimes),13,HMM-2 vs Jump λ=100,0.2817600802667868
HMM3 (three regimes),13,HMM-2 vs Change-point (PELT),0.2986672341670874
HMM3 (three regimes),13,Jump λ=10 vs Jump λ=30,0.8855634735492832
HMM3 (three regimes),13,Jump λ=10 vs Jump λ=100,0.5599643051229168
HMM3 (three regimes),13,Jump λ=10 vs Change-point (PELT),0.31143937309946657
HMM3 (three regimes),13,Jump λ=30 vs Jump λ=100,0.5954537580517911
HMM3 (three regimes),13,Jump λ=30 vs Change-point (PELT),0.34635445648806307
HMM3 (three regimes),13,Jump λ=100 vs Change-point (PELT),0.5438724572225069
HMM3 (three regimes),14,HMM-2 vs Jump λ=10,0.3555931405843449
HMM3 (three regimes),14,HMM-2 vs Jump λ=30,0.39518467648296485
HMM3 (three regimes),14,HMM-2 vs Jump λ=100,0.3986425716955636
HMM3 (three regimes),14,HMM-2 vs Change-point (PELT),0.31899702425449616
HMM3 (three regimes),14,Jump λ=10 vs Jump λ=30,0.8376019644435048
HMM3 (three regimes),14,Jump λ=10 vs Jump λ=100,0.7012232683695696
HMM3 (three regimes),14,Jump λ=10 vs Change-point (PELT),0.15272647893473035
HMM3 (three regimes),14,Jump λ=30 vs Jump λ=100,0.8497706856180258
HMM3 (three regimes),14,Jump λ=30 vs Change-point (PELT),0.1954995532761069
HMM3 (three regimes),14,Jump λ=100 vs Change-point (PELT),0.2446548238033288
HMM3 (three regimes),15,HMM-2 vs Jump λ=10,0.37474763876469774
HMM3 (three regimes),15,HMM-2 vs Jump λ=30,0.3888205634345301
HMM3 (three regimes),15,HMM-2 vs Jump λ=100,0.3971506479710907
HMM3 (three regimes),15,HMM-2 vs Change-point (PELT),0.22393553706906744
HMM3 (three regimes),15,Jump λ=10 vs Jump λ=30,0.8703846141113712
HMM3 (three regimes),15,Jump λ=10 vs Jump λ=100,0.699364992151078
HMM3 (three regimes),15,Jump λ=10 vs Change-point (PELT),0.11910306282266336
HMM3 (three regimes),15,Jump λ=30 vs Jump λ=100,0.7919170467412129
HMM3 (three regimes),15,Jump λ=30 vs Change-point (PELT),0.14109543494892562
HMM3 (three regimes),15,Jump λ=100 vs Change-point (PELT),0.17608372996616617
HMM3 (three regimes),16,HMM-2 vs Jump λ=10,0.462236220543465
HMM3 (three regimes),16,HMM-2 vs Jump λ=30,0.46130617488634595
HMM3 (three regimes),16,HMM-2 vs Jump λ=100,0.3777313848483833
HMM3 (three regimes),16,HMM-2 vs Change-point (PELT),0.3264781711915765
HMM3 (three regimes),16,Jump λ=10 vs Jump λ=30,0.8834648519689892
HMM3 (three regimes),16,Jump λ=10 vs Jump λ=100,0.6481664238261322
HMM3 (three regimes),16,Jump λ=10 vs Change-point (PELT),0.24397611056427926
HMM3 (three regimes),16,Jump λ=30 vs Jump λ=100,0.7495881107448749
HMM3 (three regimes),16,Jump λ=30 vs Change-point (PELT),0.2953712114746947
HMM3 (three regimes),16,Jump λ=100 vs Change-point (PELT),0.4249942126902899
HMM3 (three regimes),17,HMM-2 vs Jump λ=10,0.3356000203848498
HMM3 (three regimes),17,HMM-2 vs Jump λ=30,0.36225954167310337
HMM3 (three regimes),17,HMM-2 vs Jump λ=100,0.2951209913365158
HMM3 (three regimes),17,HMM-2 vs Change-point (PELT),0.3821845663526925
HMM3 (three regimes),17,Jump λ=10 vs Jump λ=30,0.873725986106699
HMM3 (three regimes),17,Jump λ=10 vs Jump λ=100,0.2545803162419361
HMM3 (three regimes),17,Jump λ=10 vs Change-point (PELT),0.16614158008843793
HMM3 (three regimes),17,Jump λ=30 vs Jump λ=100,0.2897584099329752
HMM3 (three regimes),17,Jump λ=30 vs Change-point (PELT),0.1924258925140685
HMM3 (three regimes),17,Jump λ=100 vs Change-point (PELT),0.5404513447183394
HMM3 (three regimes),18,HMM-2 vs Jump λ=10,0.3342772467691796
HMM3 (three regimes),18,HMM-2 vs Jump λ=30,0.34220708454416204
HMM3 (three regimes),18,HMM-2 vs Jump λ=100,0.3739491936709427
HMM3 (three regimes),18,HMM-2 vs Change-point (PELT),0.28137463997926915
HMM3 (three regimes),18,Jump λ=10 vs Jump λ=30,0.8951755073939105
HMM3 (three regimes),18,Jump λ=10 vs Jump λ=100,0.684504587493926
HMM3 (three regimes),18,Jump λ=10 vs Change-point (PELT),0.12948830434851644
HMM3 (three regimes),18,Jump λ=30 vs Jump λ=100,0.7484755348899864
HMM3 (three regimes),18,Jump λ=30 vs Change-point (PELT),0.12915933585845163
HMM3 (three regimes),18,Jump λ=100 vs Change-point (PELT),0.1935699024263442
HMM3 (three regimes),19,HMM-2 vs Jump λ=10,0.3374685879180144
HMM3 (three regimes),19,HMM-2 vs Jump λ=30,0.3595318662739566
HMM3 (three regimes),19,HMM-2 vs Jump λ=100,0.3960629861629984
HMM3 (three regimes),19,HMM-2 vs Change-point (PELT),0.37341608297844386
HMM3 (three regimes),19,Jump λ=10 vs Jump λ=30,0.8685976629423043
HMM3 (three regimes),19,Jump λ=10 vs Jump λ=100,0.673969048317191
HMM3 (three regimes),19,Jump λ=10 vs Change-point (PELT),0.17046377131417423
HMM3 (three regimes),19,Jump λ=30 vs Jump λ=100,0.783571150761606
HMM3 (three regimes),19,Jump λ=30 vs Change-point (PELT),0.21424249001413576
HMM3 (three regimes),19,Jump λ=100 vs Change-point (PELT),0.29504547249053326
HMM3 (three regimes),20,HMM-2 vs Jump λ=10,0.2896251072104864
HMM3 (three regimes),20,HMM-2 vs Jump λ=30,0.3038471351192248
HMM3 (three regimes),20,HMM-2 vs Jump λ=100,0.3637752547291436
HMM3 (three regimes),20,HMM-2 vs Change-point (PELT),0.404125165772831
HMM3 (three regimes),20,Jump λ=10 vs Jump λ=30,0.8769682989297436
HMM3 (three regimes),20,Jump λ=10 vs Jump λ=100,0.4109704878807271
HMM3 (three regimes),20,Jump λ=10 vs Change-point (PELT),0.12885013930199196
HMM3 (three regimes),20,Jump λ=30 vs Jump λ=100,0.43199811760175
HMM3 (three regimes),20,Jump λ=30 vs Change-point (PELT),0.13376136287859963
HMM3 (three regimes),20,Jump λ=100 vs Change-point (PELT),0.341486065840341
HMM3 (three regimes),21,HMM-2 vs Jump λ=10,0.3054077934496091
HMM3 (three regimes),21,HMM-2 vs Jump λ=30,0.3199443128704573
HMM3 (three regimes),21,HMM-2 vs Jump λ=100,0.31431045625142273
HMM3 (three regimes),21,HMM-2 vs Change-point (PELT),0.24708864623658644
HMM3 (three regimes),21,Jump λ=10 vs Jump λ=30,0.8861271220243444
HMM3 (three regimes),21,Jump λ=10 vs Jump λ=100,0.6675684260081614
HMM3 (three regimes),21,Jump λ=10 vs Change-point (PELT),0.07415400109869996
HMM3 (three regimes),21,Jump λ=30 vs Jump λ=100,0.7491204316775535
HMM3 (three regimes),21,Jump λ=30 vs Change-point (PELT),0.07869605152630865
HMM3 (three regimes),21,Jump λ=100 vs Change-point (PELT),0.11792915731205411
HMM3 (three regimes),22,HMM-2 vs Jump λ=10,0.3773881037060651
HMM3 (three regimes),22,HMM-2 vs Jump λ=30,0.391728375094634
HMM3 (three regimes),22,HMM-2 vs Jump λ=100,0.33937719348266726
HMM3 (three regimes),22,HMM-2 vs Change-point (PELT),0.32483039013358717
HMM3 (three regimes),22,Jump λ=10 vs Jump λ=30,0.8906409785685336
HMM3 (three regimes),22,Jump λ=10 vs Jump λ=100,0.6661803719817385
HMM3 (three regimes),22,Jump λ=10 vs Change-point (PELT),0.19818782792558987
HMM3 (three regimes),22,Jump λ=30 vs Jump λ=100,0.7617865778061584
HMM3 (three regimes),22,Jump λ=30 vs Change-point (PELT),0.2187451804868883
HMM3 (three regimes),22,Jump λ=100 vs Change-point (PELT),0.24652222122329115
HMM3 (three regimes),23,HMM-2 vs Jump λ=10,0.4437399571633778
HMM3 (three regimes),23,HMM-2 vs Jump λ=30,0.4759379650229041
HMM3 (three regimes),23,HMM-2 vs Jump λ=100,0.13452735950680061
HMM3 (three regimes),23,HMM-2 vs Change-point (PELT),0.270949043851618
HMM3 (three regimes),23,Jump λ=10 vs Jump λ=30,0.7755252268775807
HMM3 (three regimes),23,Jump λ=10 vs Jump λ=100,0.2416447539126203
HMM3 (three regimes),23,Jump λ=10 vs Change-point (PELT),0.18883507312649994
HMM3 (three regimes),23,Jump λ=30 vs Jump λ=100,0.17870634966413101
HMM3 (three regimes),23,Jump λ=30 vs Change-point (PELT),0.1990137570496393
HMM3 (three regimes),23,Jump λ=100 vs Change-point (PELT),0.3477594719935224
HMM3 (three regimes),24,HMM-2 vs Jump λ=10,0.310595214946922
HMM3 (three regimes),24,HMM-2 vs Jump λ=30,0.3340638134622169
HMM3 (three regimes),24,HMM-2 vs Jump λ=100,0.3080235696192092
HMM3 (three regimes),24,HMM-2 vs Change-point (PELT),0.2661596190860578
HMM3 (three regimes),24,Jump λ=10 vs Jump λ=30,0.8852832837267168
HMM3 (three regimes),24,Jump λ=10 vs Jump λ=100,0.6724244241138402
HMM3 (three regimes),24,Jump λ=10 vs Change-point (PELT),0.08322690077982164
HMM3 (three regimes),24,Jump λ=30 vs Jump λ=100,0.7614376910546911
HMM3 (three regimes),24,Jump λ=30 vs Change-point (PELT),0.09097448850193779
HMM3 (three regimes),24,Jump λ=100 vs Change-point (PELT),0.1162902817628435
HMM3 (three regimes),25,HMM-2 vs Jump λ=10,0.40346155010596063
HMM3 (three regimes),25,HMM-2 vs Jump λ=30,0.41888719790763185
HMM3 (three regimes),25,HMM-2 vs Jump λ=100,0.34805653602670816
HMM3 (three regimes),25,Jump λ=10 vs Jump λ=30,0.8961408776855836
HMM3 (three regimes),25,Jump λ=10 vs Jump λ=100,0.5579118568073824
HMM3 (three regimes),25,Jump λ=30 vs Jump λ=100,0.6194680965721022
HMM3 (three regimes),26,HMM-2 vs Jump λ=10,0.46866529944739643
HMM3 (three regimes),26,HMM-2 vs Jump λ=30,0.4167854111388747
HMM3 (three regimes),26,HMM-2 vs Jump λ=100,0.2783051646453987
HMM3 (three regimes),26,Jump λ=10 vs Jump λ=30,0.7964179251570428
HMM3 (three regimes),26,Jump λ=10 vs Jump λ=100,0.46225419146014723
HMM3 (three regimes),26,Jump λ=30 vs Jump λ=100,0.6209285503036561
HMM3 (three regimes),27,HMM-2 vs Jump λ=10,0.29372241495662477
HMM3 (three regimes),27,HMM-2 vs Jump λ=30,0.3108420010455766
HMM3 (three regimes),27,HMM-2 vs Jump λ=100,0.3189810498276683
HMM3 (three regimes),27,Jump λ=10 vs Jump λ=30,0.8873905828222228
HMM3 (three regimes),27,Jump λ=10 vs Jump λ=100,0.694174534049586
HMM3 (three regimes),27,Jump λ=30 vs Jump λ=100,0.7853221706495461
HMM3 (three regimes),28,HMM-2 vs Jump λ=10,0.3664102371436392
HMM3 (three regimes),28,HMM-2 vs Jump λ=30,0.33855817028031154
HMM3 (three regimes),28,HMM-2 vs Jump λ=100,0.2677987967758837
HMM3 (three regimes),28,Jump λ=10 vs Jump λ=30,0.8626683674620612
HMM3 (three regimes),28,Jump λ=10 vs Jump λ=100,0.36776611257392156
HMM3 (three regimes),28,Jump λ=30 vs Jump λ=100,0.4277236634872451
HMM3 (three regimes),29,HMM-2 vs Jump λ=10,0.338410209316359
HMM3 (three regimes),29,HMM-2 vs Jump λ=30,0.3388312004325402
HMM3 (three regimes),29,HMM-2 vs Jump λ=100,0.35842730101857256
HMM3 (three regimes),29,Jump λ=10 vs Jump λ=30,0.9000663379790945
HMM3 (three regimes),29,Jump λ=10 vs Jump λ=100,0.6415260769564319
HMM3 (three regimes),29,Jump λ=30 vs Jump λ=100,0.6697219764542486
HMM3 (three regimes),30,HMM-2 vs Jump λ=10,0.33686384286682836
HMM3 (three regimes),30,HMM-2 vs Jump λ=30,0.34617521272143337
HMM3 (three regimes),30,HMM-2 vs Jump λ=100,0.30684247507138473
HMM3 (three regimes),30,Jump λ=10 vs Jump λ=30,0.9006099853943641
HMM3 (three regimes),30,Jump λ=10 vs Jump λ=100,0.6801140301177822
HMM3 (three regimes),30,Jump λ=30 vs Jump λ=100,0.761586892380508
HMM3 (three regimes),31,HMM-2 vs Jump λ=10,0.4575314157581234
HMM3 (three regimes),31,HMM-2 vs Jump λ=30,0.4411999873706274
HMM3 (three regimes),31,HMM-2 vs Jump λ=100,0.4283601040312145
HMM3 (three regimes),31,Jump λ=10 vs Jump λ=30,0.8568242423492642
HMM3 (three regimes),31,Jump λ=10 vs Jump λ=100,0.7465492401721601
HMM3 (three regimes),31,Jump λ=30 vs Jump λ=100,0.8767026536497255
HMM3 (three regimes),32,HMM-2 vs Jump λ=10,0.3295714545117199
HMM3 (three regimes),32,HMM-2 vs Jump λ=30,0.33733614746821816
HMM3 (three regimes),32,HMM-2 vs Jump λ=100,0.3034783585498272
HMM3 (three regimes),32,Jump λ=10 vs Jump λ=30,0.8821030892638637
HMM3 (three regimes),32,Jump λ=10 vs Jump λ=100,0.6784470042066418
HMM3 (three regimes),32,Jump λ=30 vs Jump λ=100,0.7730650210041192
HMM3 (three regimes),33,HMM-2 vs Jump λ=10,0.3895246076631538
HMM3 (three regimes),33,HMM-2 vs Jump λ=30,0.40800576412453915
HMM3 (three regimes),33,HMM-2 vs Jump λ=100,0.35665699305765053
HMM3 (three regimes),33,Jump λ=10 vs Jump λ=30,0.8707563862708141
HMM3 (three regimes),33,Jump λ=10 vs Jump λ=100,0.6196599571417649
HMM3 (three regimes),33,Jump λ=30 vs Jump λ=100,0.7148193366037567
HMM3 (three regimes),34,HMM-2 vs Jump λ=10,0.42080692986514545
HMM3 (three regimes),34,HMM-2 vs Jump λ=30,0.40777278121194727
HMM3 (three regimes),34,HMM-2 vs Jump λ=100,0.2095070002950289
HMM3 (three regimes),34,Jump λ=10 vs Jump λ=30,0.855075437717909
HMM3 (three regimes),34,Jump λ=10 vs Jump λ=100,0.4130723425588776
HMM3 (three regimes),34,Jump λ=30 vs Jump λ=100,0.4721651118581922
HMM3 (three regimes),35,HMM-2 vs Jump λ=10,0.4332132220127184
HMM3 (three regimes),35,HMM-2 vs Jump λ=30,0.44181497926431046
HMM3 (three regimes),35,HMM-2 vs Jump λ=100,0.32916766587919644
HMM3 (three regimes),35,Jump λ=10 vs Jump λ=30,0.8665581856545792
HMM3 (three regimes),35,Jump λ=10 vs Jump λ=100,0.613175157287992
HMM3 (three regimes),35,Jump λ=30 vs Jump λ=100,0.7005020276637492
HMM3 (three regimes),36,HMM-2 vs Jump λ=10,0.321350451993048
HMM3 (three regimes),36,HMM-2 vs Jump λ=30,0.33441072904886404
HMM3 (three regimes),36,HMM-2 vs Jump λ=100,0.3559443225881266
HMM3 (three regimes),36,Jump λ=10 vs Jump λ=30,0.8989335023790718
HMM3 (three regimes),36,Jump λ=10 vs Jump λ=100,0.6936166189636213
HMM3 (three regimes),36,Jump λ=30 vs Jump λ=100,0.7744487499602917
HMM3 (three regimes),37,HMM-2 vs Jump λ=10,0.31511018887196185
HMM3 (three regimes),37,HMM-2 vs Jump λ=30,0.32757439233105223
HMM3 (three regimes),37,HMM-2 vs Jump λ=100,0.32640324731546666
HMM3 (three regimes),37,Jump λ=10 vs Jump λ=30,0.9035865993869607
HMM3 (three regimes),37,Jump λ=10 vs Jump λ=100,0.7053736732327578
HMM3 (three regimes),37,Jump λ=30 vs Jump λ=100,0.749935257295534
HMM3 (three regimes),38,HMM-2 vs Jump λ=10,0.45943856383690596
HMM3 (three regimes),38,HMM-2 vs Jump λ=30,0.4238598141721369
HMM3 (three regimes),38,HMM-2 vs Jump λ=100,0.3408280103684126
HMM3 (three regimes),38,Jump λ=10 vs Jump λ=30,0.8438746704617035
HMM3 (three regimes),38,Jump λ=10 vs Jump λ=100,0.5839729761270634
HMM3 (three regimes),38,Jump λ=30 vs Jump λ=100,0.719820998103356
HMM3 (three regimes),39,HMM-2 vs Jump λ=10,0.40927000097987576
HMM3 (three regimes),39,HMM-2 vs Jump λ=30,0.37859626389011436
HMM3 (three regimes),39,HMM-2 vs Jump λ=100,0.2658284179762722
HMM3 (three regimes),39,Jump λ=10 vs Jump λ=30,0.9060948010309926
HMM3 (three regimes),39,Jump λ=10 vs Jump λ=100,0.5161326593697568
HMM3 (three regimes),39,Jump λ=30 vs Jump λ=100,0.5739028681729633
HMM3 (three regimes),40,HMM-2 vs Jump λ=10,0.36620393998911727
HMM3 (three regimes),40,HMM-2 vs Jump λ=30,0.4088227151950442
HMM3 (three regimes),40,HMM-2 vs Jump λ=100,0.41274438344695297
HMM3 (three regimes),40,Jump λ=10 vs Jump λ=30,0.8634707443208592
HMM3 (three regimes),40,Jump λ=10 vs Jump λ=100,0.65740368683536
HMM3 (three regimes),40,Jump λ=30 vs Jump λ=100,0.7724909084688325
HMM3 (three regimes),41,HMM-2 vs Jump λ=10,0.38154585699564014
HMM3 (three regimes),41,HMM-2 vs Jump λ=30,0.41256843092525286
HMM3 (three regimes),41,HMM-2 vs Jump λ=100,0.3523073569384729
HMM3 (three regimes),41,Jump λ=10 vs Jump λ=30,0.8479282001760493
HMM3 (three regimes),41,Jump λ=10 vs Jump λ=100,0.546618399840413
HMM3 (three regimes),41,Jump λ=30 vs Jump λ=100,0.6577528034494919
HMM3 (three regimes),42,HMM-2 vs Jump λ=10,0.38133636186867825
HMM3 (three regimes),42,HMM-2 vs Jump λ=30,0.3880878880762896
HMM3 (three regimes),42,HMM-2 vs Jump λ=100,0.3796071345605174
HMM3 (three regimes),42,Jump λ=10 vs Jump λ=30,0.892780486949402
HMM3 (three regimes),42,Jump λ=10 vs Jump λ=100,0.7394451085239155
HMM3 (three regimes),42,Jump λ=30 vs Jump λ=100,0.8230412663402354
HMM3 (three regimes),43,HMM-2 vs Jump λ=10,0.4498331270803
HMM3 (three regimes),43,HMM-2 vs Jump λ=30,0.4331708146053517
HMM3 (three regimes),43,HMM-2 vs Jump λ=100,0.3389637545121933
HMM3 (three regimes),43,Jump λ=10 vs Jump λ=30,0.9141396884599909
HMM3 (three regimes),43,Jump λ=10 vs Jump λ=100,0.6306256149264768
HMM3 (three regimes),43,Jump λ=30 vs Jump λ=100,0.6999628863988872
HMM3 (three regimes),44,HMM-2 vs Jump λ=10,0.4625054849076833
HMM3 (three regimes),44,HMM-2 vs Jump λ=30,0.42548291769934676
HMM3 (three regimes),44,HMM-2 vs Jump λ=100,0.2351704719586467
HMM3 (three regimes),44,Jump λ=10 vs Jump λ=30,0.8650329201058083
HMM3 (three regimes),44,Jump λ=10 vs Jump λ=100,0.372464071352673
HMM3 (three regimes),44,Jump λ=30 vs Jump λ=100,0.43724165987028174
HMM3 (three regimes),45,HMM-2 vs Jump λ=10,0.3586061411735204
HMM3 (three regimes),45,HMM-2 vs Jump λ=30,0.37884670537597986
HMM3 (three regimes),45,HMM-2 vs Jump λ=100,0.3948546324061175
HMM3 (three regimes),45,Jump λ=10 vs Jump λ=30,0.8531776692075761
HMM3 (three regimes),45,Jump λ=10 vs Jump λ=100,0.6419513969887962
HMM3 (three regimes),45,Jump λ=30 vs Jump λ=100,0.7509938655454833
HMM3 (three regimes),46,HMM-2 vs Jump λ=10,0.3119948185518402
HMM3 (three regimes),46,HMM-2 vs Jump λ=30,0.34241064498235907
HMM3 (three regimes),46,HMM-2 vs Jump λ=100,0.3425079821232957
HMM3 (three regimes),46,Jump λ=10 vs Jump λ=30,0.8841927981784591
HMM3 (three regimes),46,Jump λ=10 vs Jump λ=100,0.7211560267311894
HMM3 (three regimes),46,Jump λ=30 vs Jump λ=100,0.8276694953753339
HMM3 (three regimes),47,HMM-2 vs Jump λ=10,0.407510949421406
HMM3 (three regimes),47,HMM-2 vs Jump λ=30,0.4241998708878788
HMM3 (three regimes),47,HMM-2 vs Jump λ=100,0.38035467965099434
HMM3 (three regimes),47,Jump λ=10 vs Jump λ=30,0.8749274355195373
HMM3 (three regimes),47,Jump λ=10 vs Jump λ=100,0.5789185150989693
HMM3 (three regimes),47,Jump λ=30 vs Jump λ=100,0.659258034474093
HMM3 (three regimes),48,HMM-2 vs Jump λ=10,0.42296576377149087
HMM3 (three regimes),48,HMM-2 vs Jump λ=30,0.4168305777889778
HMM3 (three regimes),48,HMM-2 vs Jump λ=100,0.3154153440072712
HMM3 (three regimes),48,Jump λ=10 vs Jump λ=30,0.867376001550896
HMM3 (three regimes),48,Jump λ=10 vs Jump λ=100,0.494240877490712
HMM3 (three regimes),48,Jump λ=30 vs Jump λ=100,0.5684178122578225
HMM3 (three regimes),49,HMM-2 vs Jump λ=10,0.34194061302438206
HMM3 (three regimes),49,HMM-2 vs Jump λ=30,0.35705440594771454
HMM3 (three regimes),49,HMM-2 vs Jump λ=100,0.3837473674205928
HMM3 (three regimes),49,Jump λ=10 vs Jump λ=30,0.9199428612664068
HMM3 (three regimes),49,Jump λ=10 vs Jump λ=100,0.6392063622044563
HMM3 (three regimes),49,Jump λ=30 vs Jump λ=100,0.6745530157501869
HMM3 (three regimes),50,HMM-2 vs Jump λ=10,0.3586248719420416
HMM3 (three regimes),50,HMM-2 vs Jump λ=30,0.38493572045143465
HMM3 (three regimes),50,HMM-2 vs Jump λ=100,0.3470259721491218
HMM3 (three regimes),50,Jump λ=10 vs Jump λ=30,0.8672960411622879
HMM3 (three regimes),50,Jump λ=10 vs Jump λ=100,0.6045788466056559
HMM3 (three regimes),50,Jump λ=30 vs Jump λ=100,0.6990886775594887
HMM3 (three regimes),51,HMM-2 vs Jump λ=10,0.41366012752572456
HMM3 (three regimes),51,HMM-2 vs Jump λ=30,0.39802050985645054
HMM3 (three regimes),51,HMM-2 vs Jump λ=100,0.3454740983878968
HMM3 (three regimes),51,Jump λ=10 vs Jump λ=30,0.8369711407901629
HMM3 (three regimes),51,Jump λ=10 vs Jump λ=100,0.5784476077401488
HMM3 (three regimes),51,Jump λ=30 vs Jump λ=100,0.7014366408537964
HMM3 (three regimes),52,HMM-2 vs Jump λ=10,0.44410433650216175
HMM3 (three regimes),52,HMM-2 vs Jump λ=30,0.44787288733476627
HMM3 (three regimes),52,HMM-2 vs Jump λ=100,0.351695099367894
HMM3 (three regimes),52,Jump λ=10 vs Jump λ=30,0.8168253378616521
HMM3 (three regimes),52,Jump λ=10 vs Jump λ=100,0.5288781972357447
HMM3 (three regimes),52,Jump λ=30 vs Jump λ=100,0.6767409199922219
HMM3 (three regimes),53,HMM-2 vs Jump λ=10,0.3787606183846465
HMM3 (three regimes),53,HMM-2 vs Jump λ=30,0.3631808445795409
HMM3 (three regimes),53,HMM-2 vs Jump λ=100,0.42696349883151485
HMM3 (three regimes),53,Jump λ=10 vs Jump λ=30,0.8648347263398224
HMM3 (three regimes),53,Jump λ=10 vs Jump λ=100,0.6722852965256498
HMM3 (three regimes),53,Jump λ=30 vs Jump λ=100,0.7239636927154373
HMM3 (three regimes),54,HMM-2 vs Jump λ=10,0.3731221224599076
HMM3 (three regimes),54,HMM-2 vs Jump λ=30,0.3772332212144158
HMM3 (three regimes),54,HMM-2 vs Jump λ=100,0.3396345986865644
HMM3 (three regimes),54,Jump λ=10 vs Jump λ=30,0.8558081982685034
HMM3 (three regimes),54,Jump λ=10 vs Jump λ=100,0.5305434214703619
HMM3 (three regimes),54,Jump λ=30 vs Jump λ=100,0.6310647062179836
HMM3 (three regimes),55,HMM-2 vs Jump λ=10,0.4409527507521761
HMM3 (three regimes),55,HMM-2 vs Jump λ=30,0.4230525549963773
HMM3 (three regimes),55,HMM-2 vs Jump λ=100,0.41574913292489235
HMM3 (three regimes),55,Jump λ=10 vs Jump λ=30,0.8636249046863533
HMM3 (three regimes),55,Jump λ=10 vs Jump λ=100,0.6774959654858523
HMM3 (three regimes),55,Jump λ=30 vs Jump λ=100,0.7875876815170993
HMM3 (three regimes),56,HMM-2 vs Jump λ=10,0.4268378017010568
HMM3 (three regimes),56,HMM-2 vs Jump λ=30,0.4422724979805489
HMM3 (three regimes),56,HMM-2 vs Jump λ=100,0.3934835737211907
HMM3 (three regimes),56,Jump λ=10 vs Jump λ=30,0.8917135093067746
HMM3 (three regimes),56,Jump λ=10 vs Jump λ=100,0.6504973073767795
HMM3 (three regimes),56,Jump λ=30 vs Jump λ=100,0.7059204829843719
HMM3 (three regimes),57,HMM-2 vs Jump λ=10,0.3419818494774156
HMM3 (three regimes),57,HMM-2 vs Jump λ=30,0.359244189520445
HMM3 (three regimes),57,HMM-2 vs Jump λ=100,0.3782048874651204
HMM3 (three regimes),57,Jump λ=10 vs Jump λ=30,0.8842895234112369
HMM3 (three regimes),57,Jump λ=10 vs Jump λ=100,0.7212497447562456
HMM3 (three regimes),57,Jump λ=30 vs Jump λ=100,0.8138343363499305
HMM3 (three regimes),58,HMM-2 vs Jump λ=10,0.45561419535830505
HMM3 (three regimes),58,HMM-2 vs Jump λ=30,0.43152011979735794
HMM3 (three regimes),58,HMM-2 vs Jump λ=100,0.2995585297126331
HMM3 (three regimes),58,Jump λ=10 vs Jump λ=30,0.8902711917844489
HMM3 (three regimes),58,Jump λ=10 vs Jump λ=100,0.5780018520747268
HMM3 (three regimes),58,Jump λ=30 vs Jump λ=100,0.6694219907557006
HMM3 (three regimes),59,HMM-2 vs Jump λ=10,0.37145653719841576
HMM3 (three regimes),59,HMM-2 vs Jump λ=30,0.40847786189513424
HMM3 (three regimes),59,HMM-2 vs Jump λ=100,0.34065057034880186
HMM3 (three regimes),59,Jump λ=10 vs Jump λ=30,0.886551370978717
HMM3 (three regimes),59,Jump λ=10 vs Jump λ=100,0.6714842055004415
HMM3 (three regimes),59,Jump λ=30 vs Jump λ=100,0.7511465466575232
HMM3 (three regimes),60,HMM-2 vs Jump λ=10,0.4526111519804773
HMM3 (three regimes),60,HMM-2 vs Jump λ=30,0.4611722086806871
HMM3 (three regimes),60,HMM-2 vs Jump λ=100,0.45083563805099414
HMM3 (three regimes),60,Jump λ=10 vs Jump λ=30,0.9133804348458092
HMM3 (three regimes),60,Jump λ=10 vs Jump λ=100,0.7592533981853936
HMM3 (three regimes),60,Jump λ=30 vs Jump λ=100,0.8045654836911647
HMM3 (three regimes),61,HMM-2 vs Jump λ=10,0.37288016408428637
HMM3 (three regimes),61,HMM-2 vs Jump λ=30,0.37376882069207973
HMM3 (three regimes),61,HMM-2 vs Jump λ=100,0.37675848894354513
HMM3 (three regimes),61,Jump λ=10 vs Jump λ=30,0.8932072961726469
HMM3 (three regimes),61,Jump λ=10 vs Jump λ=100,0.6673352200736182
HMM3 (three regimes),61,Jump λ=30 vs Jump λ=100,0.74416700607394
HMM3 (three regimes),62,HMM-2 vs Jump λ=10,0.3626932873152493
HMM3 (three regimes),62,HMM-2 vs Jump λ=30,0.4158851975028729
HMM3 (three regimes),62,HMM-2 vs Jump λ=100,0.3783218348458053
HMM3 (three regimes),62,Jump λ=10 vs Jump λ=30,0.8753469700730385
HMM3 (three regimes),62,Jump λ=10 vs Jump λ=100,0.7013500603679578
HMM3 (three regimes),62,Jump λ=30 vs Jump λ=100,0.7995494836656418
HMM3 (three regimes),63,HMM-2 vs Jump λ=10,0.32312650175423707
HMM3 (three regimes),63,HMM-2 vs Jump λ=30,0.35741839215033866
HMM3 (three regimes),63,HMM-2 vs Jump λ=100,0.3005961888048395
HMM3 (three regimes),63,Jump λ=10 vs Jump λ=30,0.8960581916174455
HMM3 (three regimes),63,Jump λ=10 vs Jump λ=100,0.6297926089904046
HMM3 (three regimes),63,Jump λ=30 vs Jump λ=100,0.6889379196025325
HMM3 (three regimes),64,HMM-2 vs Jump λ=10,0.3425532209595994
HMM3 (three regimes),64,HMM-2 vs Jump λ=30,0.33806485584955315
HMM3 (three regimes),64,HMM-2 vs Jump λ=100,0.36365688192175094
HMM3 (three regimes),64,Jump λ=10 vs Jump λ=30,0.8329760166225303
HMM3 (three regimes),64,Jump λ=10 vs Jump λ=100,0.7096805666445167
HMM3 (three regimes),64,Jump λ=30 vs Jump λ=100,0.7971045695132338
HMM3 (three regimes),65,HMM-2 vs Jump λ=10,0.2823371546052844
HMM3 (three regimes),65,HMM-2 vs Jump λ=30,0.2886694880013567
HMM3 (three regimes),65,HMM-2 vs Jump λ=100,0.3627274457797478
HMM3 (three regimes),65,Jump λ=10 vs Jump λ=30,0.8847461586534472
HMM3 (three regimes),65,Jump λ=10 vs Jump λ=100,0.5920345801325708
HMM3 (three regimes),65,Jump λ=30 vs Jump λ=100,0.641059229345565
HMM3 (three regimes),66,HMM-2 vs Jump λ=10,0.45915804748605804
HMM3 (three regimes),66,HMM-2 vs Jump λ=30,0.4661045956511557
HMM3 (three regimes),66,HMM-2 vs Jump λ=100,0.43602727013414
HMM3 (three regimes),66,Jump λ=10 vs Jump λ=30,0.8932485347202975
HMM3 (three regimes),66,Jump λ=10 vs Jump λ=100,0.7118757539166021
HMM3 (three regimes),66,Jump λ=30 vs Jump λ=100,0.8011774492864914
HMM3 (three regimes),67,HMM-2 vs Jump λ=10,0.37450991072056894
HMM3 (three regimes),67,HMM-2 vs Jump λ=30,0.3752820602089606
HMM3 (three regimes),67,HMM-2 vs Jump λ=100,0.38124697595023194
HMM3 (three regimes),67,Jump λ=10 vs Jump λ=30,0.8867832799634964
HMM3 (three regimes),67,Jump λ=10 vs Jump λ=100,0.702833523530447
HMM3 (three regimes),67,Jump λ=30 vs Jump λ=100,0.7968087313604225
HMM3 (three regimes),68,HMM-2 vs Jump λ=10,0.42325841142324305
HMM3 (three regimes),68,HMM-2 vs Jump λ=30,0.42218907346933265
HMM3 (three regimes),68,HMM-2 vs Jump λ=100,0.3373564239127246
HMM3 (three regimes),68,Jump λ=10 vs Jump λ=30,0.8565899426713042
HMM3 (three regimes),68,Jump λ=10 vs Jump λ=100,0.6943384587568698
HMM3 (three regimes),68,Jump λ=30 vs Jump λ=100,0.7976569210194209
HMM3 (three regimes),69,HMM-2 vs Jump λ=10,0.29529947650545896
HMM3 (three regimes),69,HMM-2 vs Jump λ=30,0.340407875602994
HMM3 (three regimes),69,HMM-2 vs Jump λ=100,0.3666051988346062
HMM3 (three regimes),69,Jump λ=10 vs Jump λ=30,0.8576881288280185
HMM3 (three regimes),69,Jump λ=10 vs Jump λ=100,0.6726367219362868
HMM3 (three regimes),69,Jump λ=30 vs Jump λ=100,0.78998337381386
HMM3 (three regimes),70,HMM-2 vs Jump λ=10,0.3853506420548738
HMM3 (three regimes),70,HMM-2 vs Jump λ=30,0.3958412578954167
HMM3 (three regimes),70,HMM-2 vs Jump λ=100,0.2982872680529196
HMM3 (three regimes),70,Jump λ=10 vs Jump λ=30,0.8267984818835445
HMM3 (three regimes),70,Jump λ=10 vs Jump λ=100,0.3744838962455561
HMM3 (three regimes),70,Jump λ=30 vs Jump λ=100,0.4746607709900924
HMM3 (three regimes),71,HMM-2 vs Jump λ=10,0.25786096024077254
HMM3 (three regimes),71,HMM-2 vs Jump λ=30,0.324022642564636
HMM3 (three regimes),71,HMM-2 vs Jump λ=100,0.3325450525137472
HMM3 (three regimes),71,Jump λ=10 vs Jump λ=30,0.795815937627578
HMM3 (three regimes),71,Jump λ=10 vs Jump λ=100,0.6655582580917796
HMM3 (three regimes),71,Jump λ=30 vs Jump λ=100,0.8243601097598692
HMM3 (three regimes),72,HMM-2 vs Jump λ=10,0.42622070745383756
HMM3 (three regimes),72,HMM-2 vs Jump λ=30,0.443989370880144
HMM3 (three regimes),72,HMM-2 vs Jump λ=100,0.4094351198930922
HMM3 (three regimes),72,Jump λ=10 vs Jump λ=30,0.8633918483075211
HMM3 (three regimes),72,Jump λ=10 vs Jump λ=100,0.7127305383474591
HMM3 (three regimes),72,Jump λ=30 vs Jump λ=100,0.8278179439182192
HMM3 (three regimes),73,HMM-2 vs Jump λ=10,0.3048952286648442
HMM3 (three regimes),73,HMM-2 vs Jump λ=30,0.3448675554940368
HMM3 (three regimes),73,HMM-2 vs Jump λ=100,0.31399812580986686
HMM3 (three regimes),73,Jump λ=10 vs Jump λ=30,0.8757820502727102
HMM3 (three regimes),73,Jump λ=10 vs Jump λ=100,0.7110700723863771
HMM3 (three regimes),73,Jump λ=30 vs Jump λ=100,0.7907126355296953
HMM3 (three regimes),74,HMM-2 vs Jump λ=10,0.44605177878522917
HMM3 (three regimes),74,HMM-2 vs Jump λ=30,0.34589642823449873
HMM3 (three regimes),74,HMM-2 vs Jump λ=100,0.32384903297562584
HMM3 (three regimes),74,Jump λ=10 vs Jump λ=30,0.7316293973551644
HMM3 (three regimes),74,Jump λ=10 vs Jump λ=100,0.5978265384058111
HMM3 (three regimes),74,Jump λ=30 vs Jump λ=100,0.8116754254234286
HMM3 (three regimes),75,HMM-2 vs Jump λ=10,0.204906118461481
HMM3 (three regimes),75,HMM-2 vs Jump λ=30,0.20343303447149375
HMM3 (three regimes),75,HMM-2 vs Jump λ=100,0.25379589141187453
HMM3 (three regimes),75,Jump λ=10 vs Jump λ=30,0.8916715137251965
HMM3 (three regimes),75,Jump λ=10 vs Jump λ=100,0.612177239277919
HMM3 (three regimes),75,Jump λ=30 vs Jump λ=100,0.6808684081550131
HMM3 (three regimes),76,HMM-2 vs Jump λ=10,0.40333597223674456
HMM3 (three regimes),76,HMM-2 vs Jump λ=30,0.423171790169638
HMM3 (three regimes),76,HMM-2 vs Jump λ=100,0.43154780195914455
HMM3 (three regimes),76,Jump λ=10 vs Jump λ=30,0.881008277806562
HMM3 (three regimes),76,Jump λ=10 vs Jump λ=100,0.6651926846584013
HMM3 (three regimes),76,Jump λ=30 vs Jump λ=100,0.7641851910933782
HMM3 (three regimes),77,HMM-2 vs Jump λ=10,0.35657297719685155
HMM3 (three regimes),77,HMM-2 vs Jump λ=30,0.36197978518385865
HMM3 (three regimes),77,HMM-2 vs Jump λ=100,0.27123607744551204
HMM3 (three regimes),77,Jump λ=10 vs Jump λ=30,0.8973783998500077
HMM3 (three regimes),77,Jump λ=10 vs Jump λ=100,0.4592895081264976
HMM3 (three regimes),77,Jump λ=30 vs Jump λ=100,0.4799785838263919
HMM3 (three regimes),78,HMM-2 vs Jump λ=10,0.3600059118185517
HMM3 (three regimes),78,HMM-2 vs Jump λ=30,0.4011129632095001
HMM3 (three regimes),78,HMM-2 vs Jump λ=100,0.4078429902872265
HMM3 (three regimes),78,Jump λ=10 vs Jump λ=30,0.8392754225031118
HMM3 (three regimes),78,Jump λ=10 vs Jump λ=100,0.6778329091790258
HMM3 (three regimes),78,Jump λ=30 vs Jump λ=100,0.8089014040855407
HMM3 (three regimes),79,HMM-2 vs Jump λ=10,0.3436420399462792
HMM3 (three regimes),79,HMM-2 vs Jump λ=30,0.37269804166978504
HMM3 (three regimes),79,HMM-2 vs Jump λ=100,0.37216890128356395
HMM3 (three regimes),79,Jump λ=10 vs Jump λ=30,0.9081343843595289
HMM3 (three regimes),79,Jump λ=10 vs Jump λ=100,0.6958600481906804
HMM3 (three regimes),79,Jump λ=30 vs Jump λ=100,0.7625598426267702
HMM3 (three regimes),80,HMM-2 vs Jump λ=10,0.36250579508728076
HMM3 (three regimes),80,HMM-2 vs Jump λ=30,0.3520761626430441
HMM3 (three regimes),80,HMM-2 vs Jump λ=100,0.2940704456678449
HMM3 (three regimes),80,Jump λ=10 vs Jump λ=30,0.808225875467898
HMM3 (three regimes),80,Jump λ=10 vs Jump λ=100,0.5177726053445466
HMM3 (three regimes),80,Jump λ=30 vs Jump λ=100,0.6785618691563756
HMM3 (three regimes),81,HMM-2 vs Jump λ=10,0.393267489993513
HMM3 (three regimes),81,HMM-2 vs Jump λ=30,0.39729533097675873
HMM3 (three regimes),81,HMM-2 vs Jump λ=100,0.37715454380397173
HMM3 (three regimes),81,Jump λ=10 vs Jump λ=30,0.8834135327050772
HMM3 (three regimes),81,Jump λ=10 vs Jump λ=100,0.6708076327585561
HMM3 (three regimes),81,Jump λ=30 vs Jump λ=100,0.7676154994534269
HMM3 (three regimes),82,HMM-2 vs Jump λ=10,0.36542744198291577
HMM3 (three regimes),82,HMM-2 vs Jump λ=30,0.36943368594272574
HMM3 (three regimes),82,HMM-2 vs Jump λ=100,0.361490598673211
HMM3 (three regimes),82,Jump λ=10 vs Jump λ=30,0.889553984677926
HMM3 (three regimes),82,Jump λ=10 vs Jump λ=100,0.7141036408833782
HMM3 (three regimes),82,Jump λ=30 vs Jump λ=100,0.782021640442824
HMM3 (three regimes),83,HMM-2 vs Jump λ=10,0.37271400713072145
HMM3 (three regimes),83,HMM-2 vs Jump λ=30,0.3801683412572606
HMM3 (three regimes),83,HMM-2 vs Jump λ=100,0.3361737405003532
HMM3 (three regimes),83,Jump λ=10 vs Jump λ=30,0.9049979328740613
HMM3 (three regimes),83,Jump λ=10 vs Jump λ=100,0.7336781853491483
HMM3 (three regimes),83,Jump λ=30 vs Jump λ=100,0.7998304691149246
HMM3 (three regimes),84,HMM-2 vs Jump λ=10,0.3729732529988964
HMM3 (three regimes),84,HMM-2 vs Jump λ=30,0.40052591763685097
HMM3 (three regimes),84,HMM-2 vs Jump λ=100,0.41219459391986646
HMM3 (three regimes),84,Jump λ=10 vs Jump λ=30,0.8102068403975482
HMM3 (three regimes),84,Jump λ=10 vs Jump λ=100,0.6866173886040582
HMM3 (three regimes),84,Jump λ=30 vs Jump λ=100,0.8464566545907435
HMM3 (three regimes),85,HMM-2 vs Jump λ=10,0.16621888792822725
HMM3 (three regimes),85,HMM-2 vs Jump λ=30,0.22144748132285386
HMM3 (three regimes),85,HMM-2 vs Jump λ=100,0.2266184306559701
HMM3 (three regimes),85,Jump λ=10 vs Jump λ=30,0.8234490880334024
HMM3 (three regimes),85,Jump λ=10 vs Jump λ=100,0.7074309058440382
HMM3 (three regimes),85,Jump λ=30 vs Jump λ=100,0.8236438099107427
HMM3 (three regimes),86,HMM-2 vs Jump λ=10,0.338228290173049
HMM3 (three regimes),86,HMM-2 vs Jump λ=30,0.36888226620593423
HMM3 (three regimes),86,HMM-2 vs Jump λ=100,0.3354845687957151
HMM3 (three regimes),86,Jump λ=10 vs Jump λ=30,0.8663053228846843
HMM3 (three regimes),86,Jump λ=10 vs Jump λ=100,0.714542295584802
HMM3 (three regimes),86,Jump λ=30 vs Jump λ=100,0.8215484655500896
HMM3 (three regimes),87,HMM-2 vs Jump λ=10,0.4492971351862044
HMM3 (three regimes),87,HMM-2 vs Jump λ=30,0.4357295662152716
HMM3 (three regimes),87,HMM-2 vs Jump λ=100,0.2453669320505828
HMM3 (three regimes),87,Jump λ=10 vs Jump λ=30,0.8718130779093134
HMM3 (three regimes),87,Jump λ=10 vs Jump λ=100,0.3975366761844128
HMM3 (three regimes),87,Jump λ=30 vs Jump λ=100,0.4594397025212461
HMM3 (three regimes),88,HMM-2 vs Jump λ=10,0.26204912481676057
HMM3 (three regimes),88,HMM-2 vs Jump λ=30,0.33422816812729794
HMM3 (three regimes),88,HMM-2 vs Jump λ=100,0.35503530393536364
HMM3 (three regimes),88,Jump λ=10 vs Jump λ=30,0.787879252952926
HMM3 (three regimes),88,Jump λ=10 vs Jump λ=100,0.5362753039063102
HMM3 (three regimes),88,Jump λ=30 vs Jump λ=100,0.7124914161085837
HMM3 (three regimes),89,HMM-2 vs Jump λ=10,0.40631833099646586
HMM3 (three regimes),89,HMM-2 vs Jump λ=30,0.4025396349627912
HMM3 (three regimes),89,HMM-2 vs Jump λ=100,0.3839370049031555
HMM3 (three regimes),89,Jump λ=10 vs Jump λ=30,0.8990137714558587
HMM3 (three regimes),89,Jump λ=10 vs Jump λ=100,0.7030405158097731
HMM3 (three regimes),89,Jump λ=30 vs Jump λ=100,0.7754758872819782
HMM3 (three regimes),90,HMM-2 vs Jump λ=10,0.37330981098955296
HMM3 (three regimes),90,HMM-2 vs Jump λ=30,0.37555422151436
HMM3 (three regimes),90,HMM-2 vs Jump λ=100,0.3320769258770646
HMM3 (three regimes),90,Jump λ=10 vs Jump λ=30,0.9162489859496499
HMM3 (three regimes),90,Jump λ=10 vs Jump λ=100,0.66063480255016
HMM3 (three regimes),90,Jump λ=30 vs Jump λ=100,0.70802156168417
HMM3 (three regimes),91,HMM-2 vs Jump λ=10,0.3990530744527001
HMM3 (three regimes),91,HMM-2 vs Jump λ=30,0.4010912498628618
HMM3 (three regimes),91,HMM-2 vs Jump λ=100,0.36711324896124153
HMM3 (three regimes),91,Jump λ=10 vs Jump λ=30,0.8923119119071095
HMM3 (three regimes),91,Jump λ=10 vs Jump λ=100,0.5926987705702117
HMM3 (three regimes),91,Jump λ=30 vs Jump λ=100,0.6699671410376453
HMM3 (three regimes),92,HMM-2 vs Jump λ=10,0.3941713153423274
HMM3 (three regimes),92,HMM-2 vs Jump λ=30,0.41123251716610953
HMM3 (three regimes),92,HMM-2 vs Jump λ=100,0.30356303640491133
HMM3 (three regimes),92,Jump λ=10 vs Jump λ=30,0.8518800410696092
HMM3 (three regimes),92,Jump λ=10 vs Jump λ=100,0.45156321067223026
HMM3 (three regimes),92,Jump λ=30 vs Jump λ=100,0.5221428924298175
HMM3 (three regimes),93,HMM-2 vs Jump λ=10,0.3363395111487232
HMM3 (three regimes),93,HMM-2 vs Jump λ=30,0.3687865750993645
HMM3 (three regimes),93,HMM-2 vs Jump λ=100,0.39608944444188
HMM3 (three regimes),93,Jump λ=10 vs Jump λ=30,0.8836348204404858
HMM3 (three regimes),93,Jump λ=10 vs Jump λ=100,0.5845791265549931
HMM3 (three regimes),93,Jump λ=30 vs Jump λ=100,0.6537565537391263
HMM3 (three regimes),94,HMM-2 vs Jump λ=10,0.42858404835124664
HMM3 (three regimes),94,HMM-2 vs Jump λ=30,0.4121826001024491
HMM3 (three regimes),94,HMM-2 vs Jump λ=100,0.3553907954725941
HMM3 (three regimes),94,Jump λ=10 vs Jump λ=30,0.8754154648207909
HMM3 (three regimes),94,Jump λ=10 vs Jump λ=100,0.7167269386465316
HMM3 (three regimes),94,Jump λ=30 vs Jump λ=100,0.8322124554942921
HMM3 (three regimes),95,HMM-2 vs Jump λ=10,0.24377157234116498
HMM3 (three regimes),95,HMM-2 vs Jump λ=30,0.27233302049263763
HMM3 (three regimes),95,HMM-2 vs Jump λ=100,0.3403615871884845
HMM3 (three regimes),95,Jump λ=10 vs Jump λ=30,0.8722877987132532
HMM3 (three regimes),95,Jump λ=10 vs Jump λ=100,0.40143074070874074
HMM3 (three regimes),95,Jump λ=30 vs Jump λ=100,0.47130523118227907
HMM3 (three regimes),96,HMM-2 vs Jump λ=10,0.41642565412046784
HMM3 (three regimes),96,HMM-2 vs Jump λ=30,0.401256238439599
HMM3 (three regimes),96,HMM-2 vs Jump λ=100,0.271770669901105
HMM3 (three regimes),96,Jump λ=10 vs Jump λ=30,0.8738597871370283
HMM3 (three regimes),96,Jump λ=10 vs Jump λ=100,0.48756302262048845
HMM3 (three regimes),96,Jump λ=30 vs Jump λ=100,0.5545807789817951
HMM3 (three regimes),97,HMM-2 vs Jump λ=10,0.4635095589821757
HMM3 (three regimes),97,HMM-2 vs Jump λ=30,0.43214339769808074
HMM3 (three regimes),97,HMM-2 vs Jump λ=100,0.28575692361339233
HMM3 (three regimes),97,Jump λ=10 vs Jump λ=30,0.8276346606208351
HMM3 (three regimes),97,Jump λ=10 vs Jump λ=100,0.45973122746831196
HMM3 (three regimes),97,Jump λ=30 vs Jump λ=100,0.5740855755636285
HMM3 (three regimes),98,HMM-2 vs Jump λ=10,0.40434038048310306
HMM3 (three regimes),98,HMM-2 vs Jump λ=30,0.40624759512486597
HMM3 (three regimes),98,HMM-2 vs Jump λ=100,0.32917067518172893
HMM3 (three regimes),98,Jump λ=10 vs Jump λ=30,0.8086756742721998
HMM3 (three regimes),98,Jump λ=10 vs Jump λ=100,0.4416281186257025
HMM3 (three regimes),98,Jump λ=30 vs Jump λ=100,0.5861444342062021
HMM3 (three regimes),99,HMM-2 vs Jump λ=10,0.40401553799467027
HMM3 (three regimes),99,HMM-2 vs Jump λ=30,0.43244188270726236
HMM3 (three regimes),99,HMM-2 vs Jump λ=100,0.3979717079932158
HMM3 (three regimes),99,Jump λ=10 vs Jump λ=30,0.8808183318670225
HMM3 (three regimes),99,Jump λ=10 vs Jump λ=100,0.6838757413925857
HMM3 (three regimes),99,Jump λ=30 vs Jump λ=100,0.7854611175359869
"GARCH(1,1)-t (no regimes)",0,HMM-2 vs Jump λ=10,0.2718033751437512
"GARCH(1,1)-t (no regimes)",0,HMM-2 vs Jump λ=30,0.34380320634185546
"GARCH(1,1)-t (no regimes)",0,HMM-2 vs Jump λ=100,0.4657325716530536
"GARCH(1,1)-t (no regimes)",0,HMM-2 vs Change-point (PELT),0.6241619129483473
"GARCH(1,1)-t (no regimes)",0,Jump λ=10 vs Jump λ=30,0.8533615008521542
"GARCH(1,1)-t (no regimes)",0,Jump λ=10 vs Jump λ=100,0.4677160347881525
"GARCH(1,1)-t (no regimes)",0,Jump λ=10 vs Change-point (PELT),0.2109228368997288
"GARCH(1,1)-t (no regimes)",0,Jump λ=30 vs Jump λ=100,0.531969183985527
"GARCH(1,1)-t (no regimes)",0,Jump λ=30 vs Change-point (PELT),0.2855874553389739
"GARCH(1,1)-t (no regimes)",0,Jump λ=100 vs Change-point (PELT),0.4536855405328316
"GARCH(1,1)-t (no regimes)",1,HMM-2 vs Jump λ=10,0.5298319427973044
"GARCH(1,1)-t (no regimes)",1,HMM-2 vs Jump λ=30,0.529242719103072
"GARCH(1,1)-t (no regimes)",1,HMM-2 vs Jump λ=100,0.48931640334544135
"GARCH(1,1)-t (no regimes)",1,HMM-2 vs Change-point (PELT),0.6810240189429455
"GARCH(1,1)-t (no regimes)",1,Jump λ=10 vs Jump λ=30,0.8866484370774247
"GARCH(1,1)-t (no regimes)",1,Jump λ=10 vs Jump λ=100,0.7538310712819919
"GARCH(1,1)-t (no regimes)",1,Jump λ=10 vs Change-point (PELT),0.49596644817511415
"GARCH(1,1)-t (no regimes)",1,Jump λ=30 vs Jump λ=100,0.8631109220101731
"GARCH(1,1)-t (no regimes)",1,Jump λ=30 vs Change-point (PELT),0.48428319735295955
"GARCH(1,1)-t (no regimes)",1,Jump λ=100 vs Change-point (PELT),0.4364875666197413
"GARCH(1,1)-t (no regimes)",2,HMM-2 vs Jump λ=10,0.2407198852217146
"GARCH(1,1)-t (no regimes)",2,HMM-2 vs Jump λ=30,0.33389971537282925
"GARCH(1,1)-t (no regimes)",2,HMM-2 vs Jump λ=100,0.36157092626137843
"GARCH(1,1)-t (no regimes)",2,HMM-2 vs Change-point (PELT),0.6492295726348638
"GARCH(1,1)-t (no regimes)",2,Jump λ=10 vs Jump λ=30,0.8264597734277307
"GARCH(1,1)-t (no regimes)",2,Jump λ=10 vs Jump λ=100,0.6705788980917031
"GARCH(1,1)-t (no regimes)",2,Jump λ=10 vs Change-point (PELT),0.2758640414110787
"GARCH(1,1)-t (no regimes)",2,Jump λ=30 vs Jump λ=100,0.7787141681719738
"GARCH(1,1)-t (no regimes)",2,Jump λ=30 vs Change-point (PELT),0.3671607951230821
"GARCH(1,1)-t (no regimes)",2,Jump λ=100 vs Change-point (PELT),0.4198612804941524
"GARCH(1,1)-t (no regimes)",3,HMM-2 vs Jump λ=10,0.5558415143572977
"GARCH(1,1)-t (no regimes)",3,HMM-2 vs Jump λ=30,0.6853577201948067
"GARCH(1,1)-t (no regimes)",3,HMM-2 vs Jump λ=100,0.6951710044509299
"GARCH(1,1)-t (no regimes)",3,HMM-2 vs Change-point (PELT),0.807976155232436
"GARCH(1,1)-t (no regimes)",3,Jump λ=10 vs Jump λ=30,0.7943499294449361
"GARCH(1,1)-t (no regimes)",3,Jump λ=10 vs Jump λ=100,0.6924137121999907
"GARCH(1,1)-t (no regimes)",3,Jump λ=10 vs Change-point (PELT),0.572211725692565
"GARCH(1,1)-t (no regimes)",3,Jump λ=30 vs Jump λ=100,0.8867632531129005
"GARCH(1,1)-t (no regimes)",3,Jump λ=30 vs Change-point (PELT),0.7421518400261206
"GARCH(1,1)-t (no regimes)",3,Jump λ=100 vs Change-point (PELT),0.7859565635767827
"GARCH(1,1)-t (no regimes)",4,HMM-2 vs Jump λ=10,0.2371327422241275
"GARCH(1,1)-t (no regimes)",4,HMM-2 vs Jump λ=30,0.302876240475378
"GARCH(1,1)-t (no regimes)",4,HMM-2 vs Jump λ=100,0.44229743753022555
"GARCH(1,1)-t (no regimes)",4,HMM-2 vs Change-point (PELT),0.6520245828204203
"GARCH(1,1)-t (no regimes)",4,Jump λ=10 vs Jump λ=30,0.8596699353714239
"GARCH(1,1)-t (no regimes)",4,Jump λ=10 vs Jump λ=100,0.6111402394916514
"GARCH(1,1)-t (no regimes)",4,Jump λ=10 vs Change-point (PELT),0.22000846575452637
"GARCH(1,1)-t (no regimes)",4,Jump λ=30 vs Jump λ=100,0.7054031991872829
"GARCH(1,1)-t (no regimes)",4,Jump λ=30 vs Change-point (PELT),0.2812081112023914
"GARCH(1,1)-t (no regimes)",4,Jump λ=100 vs Change-point (PELT),0.4862957721014217
"GARCH(1,1)-t (no regimes)",5,HMM-2 vs Jump λ=10,0.5226536671934595
"GARCH(1,1)-t (no regimes)",5,HMM-2 vs Jump λ=30,0.6040146270783315
"GARCH(1,1)-t (no regimes)",5,HMM-2 vs Jump λ=100,0.6699547548359303
"GARCH(1,1)-t (no regimes)",5,HMM-2 vs Change-point (PELT),0.6675099145955218
"GARCH(1,1)-t (no regimes)",5,Jump λ=10 vs Jump λ=30,0.8559665419801966
"GARCH(1,1)-t (no regimes)",5,Jump λ=10 vs Jump λ=100,0.7017685904567794
"GARCH(1,1)-t (no regimes)",5,Jump λ=10 vs Change-point (PELT),0.5956689236343339
"GARCH(1,1)-t (no regimes)",5,Jump λ=30 vs Jump λ=100,0.8112075486385274
"GARCH(1,1)-t (no regimes)",5,Jump λ=30 vs Change-point (PELT),0.661843932880608
"GARCH(1,1)-t (no regimes)",5,Jump λ=100 vs Change-point (PELT),0.719900539935808
"GARCH(1,1)-t (no regimes)",6,HMM-2 vs Jump λ=10,0.2656988339292451
"GARCH(1,1)-t (no regimes)",6,HMM-2 vs Jump λ=30,0.29638951358409815
"GARCH(1,1)-t (no regimes)",6,HMM-2 vs Jump λ=100,0.3843773481169247
"GARCH(1,1)-t (no regimes)",6,HMM-2 vs Change-point (PELT),0.6979768426294821
"GARCH(1,1)-t (no regimes)",6,Jump λ=10 vs Jump λ=30,0.8903032085987562
"GARCH(1,1)-t (no regimes)",6,Jump λ=10 vs Jump λ=100,0.6374720942984964
"GARCH(1,1)-t (no regimes)",6,Jump λ=10 vs Change-point (PELT),0.2681806310106143
"GARCH(1,1)-t (no regimes)",6,Jump λ=30 vs Jump λ=100,0.7138223327539533
"GARCH(1,1)-t (no regimes)",6,Jump λ=30 vs Change-point (PELT),0.297965352586251
"GARCH(1,1)-t (no regimes)",6,Jump λ=100 vs Change-point (PELT),0.431634974295811
"GARCH(1,1)-t (no regimes)",7,HMM-2 vs Jump λ=10,0.485415551869386
"GARCH(1,1)-t (no regimes)",7,HMM-2 vs Jump λ=30,0.6033556381126404
"GARCH(1,1)-t (no regimes)",7,HMM-2 vs Jump λ=100,0.6175361194754306
"GARCH(1,1)-t (no regimes)",7,HMM-2 vs Change-point (PELT),0.6776410336383284
"GARCH(1,1)-t (no regimes)",7,Jump λ=10 vs Jump λ=30,0.735628292301475
"GARCH(1,1)-t (no regimes)",7,Jump λ=10 vs Jump λ=100,0.6282705505204379
"GARCH(1,1)-t (no regimes)",7,Jump λ=10 vs Change-point (PELT),0.5504878608705928
"GARCH(1,1)-t (no regimes)",7,Jump λ=30 vs Jump λ=100,0.8615411943418759
"GARCH(1,1)-t (no regimes)",7,Jump λ=30 vs Change-point (PELT),0.7350030617460556
"GARCH(1,1)-t (no regimes)",7,Jump λ=100 vs Change-point (PELT),0.8078053794920226
"GARCH(1,1)-t (no regimes)",8,HMM-2 vs Jump λ=10,0.15524910112666546
"GARCH(1,1)-t (no regimes)",8,HMM-2 vs Jump λ=30,0.17099597421311163
"GARCH(1,1)-t (no regimes)",8,HMM-2 vs Jump λ=100,0.5840353133277434
"GARCH(1,1)-t (no regimes)",8,HMM-2 vs Change-point (PELT),0.4650514514546794
"GARCH(1,1)-t (no regimes)",8,Jump λ=10 vs Jump λ=30,0.8478999238994887
"GARCH(1,1)-t (no regimes)",8,Jump λ=10 vs Jump λ=100,0.29242944302262486
"GARCH(1,1)-t (no regimes)",8,Jump λ=10 vs Change-point (PELT),0.35218363489753246
"GARCH(1,1)-t (no regimes)",8,Jump λ=30 vs Jump λ=100,0.3028547940473916
"GARCH(1,1)-t (no regimes)",8,Jump λ=30 vs Change-point (PELT),0.417239680354653
"GARCH(1,1)-t (no regimes)",8,Jump λ=100 vs Change-point (PELT),0.6318593984471408
"GARCH(1,1)-t (no regimes)",9,HMM-2 vs Jump λ=10,0.3845910628524595
"GARCH(1,1)-t (no regimes)",9,HMM-2 vs Jump λ=30,0.4607449695219813
"GARCH(1,1)-t (no regimes)",9,HMM-2 vs Jump λ=100,0.5559013323612877
"GARCH(1,1)-t (no regimes)",9,HMM-2 vs Change-point (PELT),0.6129602711398836
"GARCH(1,1)-t (no regimes)",9,Jump λ=10 vs Jump λ=30,0.8266001029987166
"GARCH(1,1)-t (no regimes)",9,Jump λ=10 vs Jump λ=100,0.5506643313584592
"GARCH(1,1)-t (no regimes)",9,Jump λ=10 vs Change-point (PELT),0.4045295743738546
"GARCH(1,1)-t (no regimes)",9,Jump λ=30 vs Jump λ=100,0.6661362085982558
"GARCH(1,1)-t (no regimes)",9,Jump λ=30 vs Change-point (PELT),0.5008587485155575
"GARCH(1,1)-t (no regimes)",9,Jump λ=100 vs Change-point (PELT),0.5781737761064758
"GARCH(1,1)-t (no regimes)",10,HMM-2 vs Jump λ=10,0.29260345624194706
"GARCH(1,1)-t (no regimes)",10,HMM-2 vs Jump λ=30,0.4232698204195311
"GARCH(1,1)-t (no regimes)",10,HMM-2 vs Jump λ=100,0.4807187074946696
"GARCH(1,1)-t (no regimes)",10,HMM-2 vs Change-point (PELT),0.5526697881430906
"GARCH(1,1)-t (no regimes)",10,Jump λ=10 vs Jump λ=30,0.7674137330892301
"GARCH(1,1)-t (no regimes)",10,Jump λ=10 vs Jump λ=100,0.5450388056089017
"GARCH(1,1)-t (no regimes)",10,Jump λ=10 vs Change-point (PELT),0.28940751891952565
"GARCH(1,1)-t (no regimes)",10,Jump λ=30 vs Jump λ=100,0.7470556963260137
"GARCH(1,1)-t (no regimes)",10,Jump λ=30 vs Change-point (PELT),0.41135447688467586
"GARCH(1,1)-t (no regimes)",10,Jump λ=100 vs Change-point (PELT),0.5103358652364974
"GARCH(1,1)-t (no regimes)",11,HMM-2 vs Jump λ=10,0.6082410714717816
"GARCH(1,1)-t (no regimes)",11,HMM-2 vs Jump λ=30,0.6487733240971063
"GARCH(1,1)-t (no regimes)",11,HMM-2 vs Jump λ=100,0.5908240928519117
"GARCH(1,1)-t (no regimes)",11,HMM-2 vs Change-point (PELT),0.6899732244308387
"GARCH(1,1)-t (no regimes)",11,Jump λ=10 vs Jump λ=30,0.8688592735465528
"GARCH(1,1)-t (no regimes)",11,Jump λ=10 vs Jump λ=100,0.7732816603790545
"GARCH(1,1)-t (no regimes)",11,Jump λ=10 vs Change-point (PELT),0.6287600287884693
"GARCH(1,1)-t (no regimes)",11,Jump λ=30 vs Jump λ=100,0.8736722452063002
"GARCH(1,1)-t (no regimes)",11,Jump λ=30 vs Change-point (PELT),0.7258105329938564
"GARCH(1,1)-t (no regimes)",11,Jump λ=100 vs Change-point (PELT),0.7746602909494035
"GARCH(1,1)-t (no regimes)",12,HMM-2 vs Jump λ=10,0.17475190147381658
"GARCH(1,1)-t (no regimes)",12,HMM-2 vs Jump λ=30,0.29354303262816817
"GARCH(1,1)-t (no regimes)",12,HMM-2 vs Jump λ=100,0.40463143133119506
"GARCH(1,1)-t (no regimes)",12,HMM-2 vs Change-point (PELT),0.640239149088144
"GARCH(1,1)-t (no regimes)",12,Jump λ=10 vs Jump λ=30,0.7521050260643258
"GARCH(1,1)-t (no regimes)",12,Jump λ=10 vs Jump λ=100,0.4112924729800015
"GARCH(1,1)-t (no regimes)",12,Jump λ=10 vs Change-point (PELT),0.19377267196060954
"GARCH(1,1)-t (no regimes)",12,Jump λ=30 vs Jump λ=100,0.5980711442035475
"GARCH(1,1)-t (no regimes)",12,Jump λ=30 vs Change-point (PELT),0.3232122655725158
"GARCH(1,1)-t (no regimes)",12,Jump λ=100 vs Change-point (PELT),0.43273769436485643
"GARCH(1,1)-t (no regimes)",13,HMM-2 vs Jump λ=10,0.42520667930057254
"GARCH(1,1)-t (no regimes)",13,HMM-2 vs Jump λ=30,0.506852024328762
"GARCH(1,1)-t (no regimes)",13,HMM-2 vs Jump λ=100,0.6289191115013386
"GARCH(1,1)-t (no regimes)",13,HMM-2 vs Change-point (PELT),0.5806868800042323
"GARCH(1,1)-t (no regimes)",13,Jump λ=10 vs Jump λ=30,0.8600960740440095
"GARCH(1,1)-t (no regimes)",13,Jump λ=10 vs Jump λ=100,0.46369266672650566
"GARCH(1,1)-t (no regimes)",13,Jump λ=10 vs Change-point (PELT),0.5803681017028213
"GARCH(1,1)-t (no regimes)",13,Jump λ=30 vs Jump λ=100,0.5460131414205815
"GARCH(1,1)-t (no regimes)",13,Jump λ=30 vs Change-point (PELT),0.6790326783827726
"GARCH(1,1)-t (no regimes)",13,Jump λ=100 vs Change-point (PELT),0.5174625036592537
"GARCH(1,1)-t (no regimes)",14,HMM-2 vs Jump λ=10,0.20941363428421633
"GARCH(1,1)-t (no regimes)",14,HMM-2 vs Jump λ=30,0.3186298981444945
"GARCH(1,1)-t (no regimes)",14,HMM-2 vs Jump λ=100,0.564067947269435
"GARCH(1,1)-t (no regimes)",14,HMM-2 vs Change-point (PELT),0.6128216302247149
"GARCH(1,1)-t (no regimes)",14,Jump λ=10 vs Jump λ=30,0.7297430048129148
"GARCH(1,1)-t (no regimes)",14,Jump λ=10 vs Jump λ=100,0.34269987012923064
"GARCH(1,1)-t (no regimes)",14,Jump λ=10 vs Change-point (PELT),0.20365487526177062
"GARCH(1,1)-t (no regimes)",14,Jump λ=30 vs Jump λ=100,0.48895759719452725
"GARCH(1,1)-t (no regimes)",14,Jump λ=30 vs Change-point (PELT),0.32971792294934665
"GARCH(1,1)-t (no regimes)",14,Jump λ=100 vs Change-point (PELT),0.6735645091722977
"GARCH(1,1)-t (no regimes)",15,HMM-2 vs Jump λ=10,0.10143970863737961
"GARCH(1,1)-t (no regimes)",15,HMM-2 vs Jump λ=30,0.20273884628306693
"GARCH(1,1)-t (no regimes)",15,HMM-2 vs Jump λ=100,0.5110732292016308
"GARCH(1,1)-t (no regimes)",15,HMM-2 vs Change-point (PELT),0.6070702990155096
"GARCH(1,1)-t (no regimes)",15,Jump λ=10 vs Jump λ=30,0.7867448663809362
"GARCH(1,1)-t (no regimes)",15,Jump λ=10 vs Jump λ=100,0.33601871730518396
"GARCH(1,1)-t (no regimes)",15,Jump λ=10 vs Change-point (PELT),0.14968403621219062
"GARCH(1,1)-t (no regimes)",15,Jump λ=30 vs Jump λ=100,0.47680018302866845
"GARCH(1,1)-t (no regimes)",15,Jump λ=30 vs Change-point (PELT),0.24744118123762382
"GARCH(1,1)-t (no regimes)",15,Jump λ=100 vs Change-point (PELT),0.5586936590789815
"GARCH(1,1)-t (no regimes)",16,HMM-2 vs Jump λ=10,0.21214713547946384
"GARCH(1,1)-t (no regimes)",16,HMM-2 vs Jump λ=30,0.24216043530123055
"GARCH(1,1)-t (no regimes)",16,HMM-2 vs Jump λ=100,0.44311558242725446
"GARCH(1,1)-t (no regimes)",16,HMM-2 vs Change-point (PELT),0.6156892190773355
"GARCH(1,1)-t (no regimes)",16,Jump λ=10 vs Jump λ=30,0.8684910348768391
"GARCH(1,1)-t (no regimes)",16,Jump λ=10 vs Jump λ=100,0.47328424441567307
"GARCH(1,1)-t (no regimes)",16,Jump λ=10 vs Change-point (PELT),0.22139030182943087
"GARCH(1,1)-t (no regimes)",16,Jump λ=30 vs Jump λ=100,0.540980919117882
"GARCH(1,1)-t (no regimes)",16,Jump λ=30 vs Change-point (PELT),0.2618434326770134
"GARCH(1,1)-t (no regimes)",16,Jump λ=100 vs Change-point (PELT),0.45920990239613546
"GARCH(1,1)-t (no regimes)",17,HMM-2 vs Jump λ=10,0.3653325604681972
"GARCH(1,1)-t (no regimes)",17,HMM-2 vs Jump λ=30,0.4497408774352305
"GARCH(1,1)-t (no regimes)",17,HMM-2 vs Jump λ=100,0.4850290606727845
"GARCH(1,1)-t (no regimes)",17,HMM-2 vs Change-point (PELT),0.639434842146112
"GARCH(1,1)-t (no regimes)",17,Jump λ=10 vs Jump λ=30,0.82910321644687
"GARCH(1,1)-t (no regimes)",17,Jump λ=10 vs Jump λ=100,0.6209626511072119
"GARCH(1,1)-t (no regimes)",17,Jump λ=10 vs Change-point (PELT),0.400201168025059
"GARCH(1,1)-t (no regimes)",17,Jump λ=30 vs Jump λ=100,0.7672453735461789
"GARCH(1,1)-t (no regimes)",17,Jump λ=30 vs Change-point (PELT),0.5128965695044727
"GARCH(1,1)-t (no regimes)",17,Jump λ=100 vs Change-point (PELT),0.6077532127536169
"GARCH(1,1)-t (no regimes)",18,HMM-2 vs Jump λ=10,0.4917821407025492
"GARCH(1,1)-t (no regimes)",18,HMM-2 vs Jump λ=30,0.5457570337697406
"GARCH(1,1)-t (no regimes)",18,HMM-2 vs Jump λ=100,0.5472587489554535
"GARCH(1,1)-t (no regimes)",18,HMM-2 vs Change-point (PELT),0.563809616605415
"GARCH(1,1)-t (no regimes)",18,Jump λ=10 vs Jump λ=30,0.8646009324372508
"GARCH(1,1)-t (no regimes)",18,Jump λ=10 vs Jump λ=100,0.6854363166940358
"GARCH(1,1)-t (no regimes)",18,Jump λ=10 vs Change-point (PELT),0.5533812276773971
"GARCH(1,1)-t (no regimes)",18,Jump λ=30 vs Jump λ=100,0.7904035304874177
"GARCH(1,1)-t (no regimes)",18,Jump λ=30 vs Change-point (PELT),0.6405285799932805
"GARCH(1,1)-t (no regimes)",18,Jump λ=100 vs Change-point (PELT),0.6206184298120896
"GARCH(1,1)-t (no regimes)",19,HMM-2 vs Jump λ=10,0.22323321787139638
"GARCH(1,1)-t (no regimes)",19,HMM-2 vs Jump λ=30,0.27703977535046576
"GARCH(1,1)-t (no regimes)",19,HMM-2 vs Jump λ=100,0.4000216474741667
"GARCH(1,1)-t (no regimes)",19,HMM-2 vs Change-point (PELT),0.6494510198796565
"GARCH(1,1)-t (no regimes)",19,Jump λ=10 vs Jump λ=30,0.8384903574004196
"GARCH(1,1)-t (no regimes)",19,Jump λ=10 vs Jump λ=100,0.4450607188259713
"GARCH(1,1)-t (no regimes)",19,Jump λ=10 vs Change-point (PELT),0.2949176574483001
"GARCH(1,1)-t (no regimes)",19,Jump λ=30 vs Jump λ=100,0.5276903741942951
"GARCH(1,1)-t (no regimes)",19,Jump λ=30 vs Change-point (PELT),0.3551229509112448
"GARCH(1,1)-t (no regimes)",19,Jump λ=100 vs Change-point (PELT),0.4331511887874696
"GARCH(1,1)-t (no regimes)",20,HMM-2 vs Jump λ=10,0.16801577995722417
"GARCH(1,1)-t (no regimes)",20,HMM-2 vs Jump λ=30,0.26500657177364495
"GARCH(1,1)-t (no regimes)",20,HMM-2 vs Jump λ=100,0.28086542030704653
"GARCH(1,1)-t (no regimes)",20,HMM-2 vs Change-point (PELT),0.6352562875195693
"GARCH(1,1)-t (no regimes)",20,Jump λ=10 vs Jump λ=30,0.801827072507668
"GARCH(1,1)-t (no regimes)",20,Jump λ=10 vs Jump λ=100,0.6043327457849726
"GARCH(1,1)-t (no regimes)",20,Jump λ=10 vs Change-point (PELT),0.12967257370761676
"GARCH(1,1)-t (no regimes)",20,Jump λ=30 vs Jump λ=100,0.7061367809501395
"GARCH(1,1)-t (no regimes)",20,Jump λ=30 vs Change-point (PELT),0.2162236150955018
"GARCH(1,1)-t (no regimes)",20,Jump λ=100 vs Change-point (PELT),0.2788945317612095
"GARCH(1,1)-t (no regimes)",21,HMM-2 vs Jump λ=10,0.3199165226704642
"GARCH(1,1)-t (no regimes)",21,HMM-2 vs Jump λ=30,0.4658691513036619
"GARCH(1,1)-t (no regimes)",21,HMM-2 vs Jump λ=100,0.5482229052035494
"GARCH(1,1)-t (no regimes)",21,HMM-2 vs Change-point (PELT),0.5922288703720583
"GARCH(1,1)-t (no regimes)",21,Jump λ=10 vs Jump λ=30,0.7255958028563788
"GARCH(1,1)-t (no regimes)",21,Jump λ=10 vs Jump λ=100,0.5046957486031078
"GARCH(1,1)-t (no regimes)",21,Jump λ=10 vs Change-point (PELT),0.31218562193298405
"GARCH(1,1)-t (no regimes)",21,Jump λ=30 vs Jump λ=100,0.7276315060865087
"GARCH(1,1)-t (no regimes)",21,Jump λ=30 vs Change-point (PELT),0.47451946586032046
"GARCH(1,1)-t (no regimes)",21,Jump λ=100 vs Change-point (PELT),0.6722299548735671
"GARCH(1,1)-t (no regimes)",22,HMM-2 vs Jump λ=10,0.49772611557699253
"GARCH(1,1)-t (no regimes)",22,HMM-2 vs Jump λ=30,0.6382164345347345
"GARCH(1,1)-t (no regimes)",22,HMM-2 vs Jump λ=100,0.6421364617117573
"GARCH(1,1)-t (no regimes)",22,HMM-2 vs Change-point (PELT),0.7022164482347878
"GARCH(1,1)-t (no regimes)",22,Jump λ=10 vs Jump λ=30,0.7165150751549734
"GARCH(1,1)-t (no regimes)",22,Jump λ=10 vs Jump λ=100,0.5622289139280343
"GARCH(1,1)-t (no regimes)",22,Jump λ=10 vs Change-point (PELT),0.46180101240769245
"GARCH(1,1)-t (no regimes)",22,Jump λ=30 vs Jump λ=100,0.791176027214769
"GARCH(1,1)-t (no regimes)",22,Jump λ=30 vs Change-point (PELT),0.6473949205697935
"GARCH(1,1)-t (no regimes)",22,Jump λ=100 vs Change-point (PELT),0.7283529759231271
"GARCH(1,1)-t (no regimes)",23,HMM-2 vs Jump λ=10,0.23220797641162694
"GARCH(1,1)-t (no regimes)",23,HMM-2 vs Jump λ=30,0.2688156596088822
"GARCH(1,1)-t (no regimes)",23,HMM-2 vs Jump λ=100,0.6431303136551936
"GARCH(1,1)-t (no regimes)",23,HMM-2 vs Change-point (PELT),0.7505850925316937
"GARCH(1,1)-t (no regimes)",23,Jump λ=10 vs Jump λ=30,0.8280247948361704
"GARCH(1,1)-t (no regimes)",23,Jump λ=10 vs Jump λ=100,0.3498640683999481
"GARCH(1,1)-t (no regimes)",23,Jump λ=10 vs Change-point (PELT),0.21479689395657797
"GARCH(1,1)-t (no regimes)",23,Jump λ=30 vs Jump λ=100,0.3952370190155856
"GARCH(1,1)-t (no regimes)",23,Jump λ=30 vs Change-point (PELT),0.2660909844166476
"GARCH(1,1)-t (no regimes)",23,Jump λ=100 vs Change-point (PELT),0.7263526814961468
"GARCH(1,1)-t (no regimes)",24,HMM-2 vs Jump λ=10,0.420774635214209
"GARCH(1,1)-t (no regimes)",24,HMM-2 vs Jump λ=30,0.5017579632766294
"GARCH(1,1)-t (no regimes)",24,HMM-2 vs Jump λ=100,0.5367443435079242
"GARCH(1,1)-t (no regimes)",24,HMM-2 vs Change-point (PELT),0.6407323224561308
"GARCH(1,1)-t (no regimes)",24,Jump λ=10 vs Jump λ=30,0.8059781153631898
"GARCH(1,1)-t (no regimes)",24,Jump λ=10 vs Jump λ=100,0.6383394835988987
"GARCH(1,1)-t (no regimes)",24,Jump λ=10 vs Change-point (PELT),0.4487489404635857
"GARCH(1,1)-t (no regimes)",24,Jump λ=30 vs Jump λ=100,0.7955634228177839
"GARCH(1,1)-t (no regimes)",24,Jump λ=30 vs Change-point (PELT),0.5204000715997636
"GARCH(1,1)-t (no regimes)",24,Jump λ=100 vs Change-point (PELT),0.595588775056282
"GARCH(1,1)-t (no regimes)",25,HMM-2 vs Jump λ=10,0.23044463833232465
"GARCH(1,1)-t (no regimes)",25,HMM-2 vs Jump λ=30,0.4075042196694244
"GARCH(1,1)-t (no regimes)",25,HMM-2 vs Jump λ=100,0.5688982578984663
"GARCH(1,1)-t (no regimes)",25,Jump λ=10 vs Jump λ=30,0.6845531697944622
"GARCH(1,1)-t (no regimes)",25,Jump λ=10 vs Jump λ=100,0.4423653531522075
"GARCH(1,1)-t (no regimes)",25,Jump λ=30 vs Jump λ=100,0.6977844155916298
"GARCH(1,1)-t (no regimes)",26,HMM-2 vs Jump λ=10,0.40565669345691724
"GARCH(1,1)-t (no regimes)",26,HMM-2 vs Jump λ=30,0.5331016021683581
"GARCH(1,1)-t (no regimes)",26,HMM-2 vs Jump λ=100,0.5422597912600613
"GARCH(1,1)-t (no regimes)",26,Jump λ=10 vs Jump λ=30,0.7802633160805237
"GARCH(1,1)-t (no regimes)",26,Jump λ=10 vs Jump λ=100,0.6009604157064199
"GARCH(1,1)-t (no regimes)",26,Jump λ=30 vs Jump λ=100,0.7912340138128358
"GARCH(1,1)-t (no regimes)",27,HMM-2 vs Jump λ=10,0.38268573961720176
"GARCH(1,1)-t (no regimes)",27,HMM-2 vs Jump λ=30,0.5508255370659725
"GARCH(1,1)-t (no regimes)",27,HMM-2 vs Jump λ=100,0.5892766721379155
"GARCH(1,1)-t (no regimes)",27,Jump λ=10 vs Jump λ=30,0.7364292434768112
"GARCH(1,1)-t (no regimes)",27,Jump λ=10 vs Jump λ=100,0.6028950900638579
"GARCH(1,1)-t (no regimes)",27,Jump λ=30 vs Jump λ=100,0.8256876296511396
"GARCH(1,1)-t (no regimes)",28,HMM-2 vs Jump λ=10,0.38316240964134485
"GARCH(1,1)-t (no regimes)",28,HMM-2 vs Jump λ=30,0.5129196262609244
"GARCH(1,1)-t (no regimes)",28,HMM-2 vs Jump λ=100,0.5332341032820446
"GARCH(1,1)-t (no regimes)",28,Jump λ=10 vs Jump λ=30,0.7623816162844033
"GARCH(1,1)-t (no regimes)",28,Jump λ=10 vs Jump λ=100,0.6151544089697323
"GARCH(1,1)-t (no regimes)",28,Jump λ=30 vs Jump λ=100,0.8390630952492307
"GARCH(1,1)-t (no regimes)",29,HMM-2 vs Jump λ=10,0.135339980536478
"GARCH(1,1)-t (no regimes)",29,HMM-2 vs Jump λ=30,0.303694662276755
"GARCH(1,1)-t (no regimes)",29,HMM-2 vs Jump λ=100,0.5987630602717553
"GARCH(1,1)-t (no regimes)",29,Jump λ=10 vs Jump λ=30,0.6121143322964067
"GARCH(1,1)-t (no regimes)",29,Jump λ=10 vs Jump λ=100,0.30665798754175555
"GARCH(1,1)-t (no regimes)",29,Jump λ=30 vs Jump λ=100,0.5491978818240573
"GARCH(1,1)-t (no regimes)",30,HMM-2 vs Jump λ=10,0.7116266265459619
"GARCH(1,1)-t (no regimes)",30,HMM-2 vs Jump λ=30,0.7592913449175553
"GARCH(1,1)-t (no regimes)",30,HMM-2 vs Jump λ=100,0.7595947504460899
"GARCH(1,1)-t (no regimes)",30,Jump λ=10 vs Jump λ=30,0.8793588519145081
"GARCH(1,1)-t (no regimes)",30,Jump λ=10 vs Jump λ=100,0.798702330672661
"GARCH(1,1)-t (no regimes)",30,Jump λ=30 vs Jump λ=100,0.8536937168002496
"GARCH(1,1)-t (no regimes)",31,HMM-2 vs Jump λ=10,0.24675786107656783
"GARCH(1,1)-t (no regimes)",31,HMM-2 vs Jump λ=30,0.34672762271414814
"GARCH(1,1)-t (no regimes)",31,HMM-2 vs Jump λ=100,0.4977140525249172
"GARCH(1,1)-t (no regimes)",31,Jump λ=10 vs Jump λ=30,0.7650850752302021
"GARCH(1,1)-t (no regimes)",31,Jump λ=10 vs Jump λ=100,0.5105409920315889
"GARCH(1,1)-t (no regimes)",31,Jump λ=30 vs Jump λ=100,0.6882866100515941
"GARCH(1,1)-t (no regimes)",32,HMM-2 vs Jump λ=10,0.21570769301214932
"GARCH(1,1)-t (no regimes)",32,HMM-2 vs Jump λ=30,0.3060888809792687
"GARCH(1,1)-t (no regimes)",32,HMM-2 vs Jump λ=100,0.4161348667926421
"GARCH(1,1)-t (no regimes)",32,Jump λ=10 vs Jump λ=30,0.7752438547261785
"GARCH(1,1)-t (no regimes)",32,Jump λ=10 vs Jump λ=100,0.4952974436770372
"GARCH(1,1)-t (no regimes)",32,Jump λ=30 vs Jump λ=100,0.6693708484390372
"GARCH(1,1)-t (no regimes)",33,HMM-2 vs Jump λ=10,0.255305981678013
"GARCH(1,1)-t (no regimes)",33,HMM-2 vs Jump λ=30,0.29749249223355634
"GARCH(1,1)-t (no regimes)",33,HMM-2 vs Jump λ=100,0.5337978649829898
"GARCH(1,1)-t (no regimes)",33,Jump λ=10 vs Jump λ=30,0.8816651318355195
"GARCH(1,1)-t (no regimes)",33,Jump λ=10 vs Jump λ=100,0.5815213594558883
"GARCH(1,1)-t (no regimes)",33,Jump λ=30 vs Jump λ=100,0.6515724210678914
"GARCH(1,1)-t (no regimes)",34,HMM-2 vs Jump λ=10,0.42017489918528317
"GARCH(1,1)-t (no regimes)",34,HMM-2 vs Jump λ=30,0.5488025358955271
"GARCH(1,1)-t (no regimes)",34,HMM-2 vs Jump λ=100,0.5713664611668747
"GARCH(1,1)-t (no regimes)",34,Jump λ=10 vs Jump λ=30,0.7499205304840268
"GARCH(1,1)-t (no regimes)",34,Jump λ=10 vs Jump λ=100,0.5887567629708168
"GARCH(1,1)-t (no regimes)",34,Jump λ=30 vs Jump λ=100,0.8006769909486058
"GARCH(1,1)-t (no regimes)",35,HMM-2 vs Jump λ=10,0.17551258220451782
"GARCH(1,1)-t (no regimes)",35,HMM-2 vs Jump λ=30,0.3695197117141813
"GARCH(1,1)-t (no regimes)",35,HMM-2 vs Jump λ=100,0.4585206505305872
"GARCH(1,1)-t (no regimes)",35,Jump λ=10 vs Jump λ=30,0.585883206479308
"GARCH(1,1)-t (no regimes)",35,Jump λ=10 vs Jump λ=100,0.3883854320969121
"GARCH(1,1)-t (no regimes)",35,Jump λ=30 vs Jump λ=100,0.7298601789881892
"GARCH(1,1)-t (no regimes)",36,HMM-2 vs Jump λ=10,0.19292049275547785
"GARCH(1,1)-t (no regimes)",36,HMM-2 vs Jump λ=30,0.38953359238991325
"GARCH(1,1)-t (no regimes)",36,HMM-2 vs Jump λ=100,0.5545241328604192
"GARCH(1,1)-t (no regimes)",36,Jump λ=10 vs Jump λ=30,0.680187568079774
"GARCH(1,1)-t (no regimes)",36,Jump λ=10 vs Jump λ=100,0.40411013073545454
"GARCH(1,1)-t (no regimes)",36,Jump λ=30 vs Jump λ=100,0.6686893022206742
"GARCH(1,1)-t (no regimes)",37,HMM-2 vs Jump λ=10,0.31105155207699864
"GARCH(1,1)-t (no regimes)",37,HMM-2 vs Jump λ=30,0.46670512398874975
"GARCH(1,1)-t (no regimes)",37,HMM-2 vs Jump λ=100,0.48352919583864173
"GARCH(1,1)-t (no regimes)",37,Jump λ=10 vs Jump λ=30,0.7371559662603386
"GARCH(1,1)-t (no regimes)",37,Jump λ=10 vs Jump λ=100,0.6665886730409036
"GARCH(1,1)-t (no regimes)",37,Jump λ=30 vs Jump λ=100,0.914368774388765
"GARCH(1,1)-t (no regimes)",38,HMM-2 vs Jump λ=10,0.6143257861236462
"GARCH(1,1)-t (no regimes)",38,HMM-2 vs Jump λ=30,0.6359602618951031
"GARCH(1,1)-t (no regimes)",38,HMM-2 vs Jump λ=100,0.6028087257807964
"GARCH(1,1)-t (no regimes)",38,Jump λ=10 vs Jump λ=30,0.9202411855815138
"GARCH(1,1)-t (no regimes)",38,Jump λ=10 vs Jump λ=100,0.7481399779108546
"GARCH(1,1)-t (no regimes)",38,Jump λ=30 vs Jump λ=100,0.80912725114974
"GARCH(1,1)-t (no regimes)",39,HMM-2 vs Jump λ=10,0.3606060224234344
"GARCH(1,1)-t (no regimes)",39,HMM-2 vs Jump λ=30,0.46062164408466
"GARCH(1,1)-t (no regimes)",39,HMM-2 vs Jump λ=100,0.5337646099790767
"GARCH(1,1)-t (no regimes)",39,Jump λ=10 vs Jump λ=30,0.8145742379333584
"GARCH(1,1)-t (no regimes)",39,Jump λ=10 vs Jump λ=100,0.6034737461890685
"GARCH(1,1)-t (no regimes)",39,Jump λ=30 vs Jump λ=100,0.7560984377686917
"GARCH(1,1)-t (no regimes)",40,HMM-2 vs Jump λ=10,0.4668395456416371
"GARCH(1,1)-t (no regimes)",40,HMM-2 vs Jump λ=30,0.4975606387641581
"GARCH(1,1)-t (no regimes)",40,HMM-2 vs Jump λ=100,0.5677042301075614
"GARCH(1,1)-t (no regimes)",40,Jump λ=10 vs Jump λ=30,0.9031030738078433
"GARCH(1,1)-t (no regimes)",40,Jump λ=10 vs Jump λ=100,0.6462096583500077
"GARCH(1,1)-t (no regimes)",40,Jump λ=30 vs Jump λ=100,0.7073263498549709
"GARCH(1,1)-t (no regimes)",41,HMM-2 vs Jump λ=10,0.5682979178484466
"GARCH(1,1)-t (no regimes)",41,HMM-2 vs Jump λ=30,0.6477508805454624
"GARCH(1,1)-t (no regimes)",41,HMM-2 vs Jump λ=100,0.64676227706399
"GARCH(1,1)-t (no regimes)",41,Jump λ=10 vs Jump λ=30,0.8588113489989818
"GARCH(1,1)-t (no regimes)",41,Jump λ=10 vs Jump λ=100,0.5314643885588137
"GARCH(1,1)-t (no regimes)",41,Jump λ=30 vs Jump λ=100,0.6523037488583531
"GARCH(1,1)-t (no regimes)",42,HMM-2 vs Jump λ=10,0.2259549974505729
"GARCH(1,1)-t (no regimes)",42,HMM-2 vs Jump λ=30,0.4344116413942528
"GARCH(1,1)-t (no regimes)",42,HMM-2 vs Jump λ=100,0.5798725862951974
"GARCH(1,1)-t (no regimes)",42,Jump λ=10 vs Jump λ=30,0.6371544485184182
"GARCH(1,1)-t (no regimes)",42,Jump λ=10 vs Jump λ=100,0.406869886368195
"GARCH(1,1)-t (no regimes)",42,Jump λ=30 vs Jump λ=100,0.7041215096769966
"GARCH(1,1)-t (no regimes)",43,HMM-2 vs Jump λ=10,0.12533344387194445
"GARCH(1,1)-t (no regimes)",43,HMM-2 vs Jump λ=30,0.3162310497250994
"GARCH(1,1)-t (no regimes)",43,HMM-2 vs Jump λ=100,0.5642273175257224
"GARCH(1,1)-t (no regimes)",43,Jump λ=10 vs Jump λ=30,0.6209529905961921
"GARCH(1,1)-t (no regimes)",43,Jump λ=10 vs Jump λ=100,0.31497908168485333
"GARCH(1,1)-t (no regimes)",43,Jump λ=30 vs Jump λ=100,0.5709048360207782
"GARCH(1,1)-t (no regimes)",44,HMM-2 vs Jump λ=10,0.3221832982935009
"GARCH(1,1)-t (no regimes)",44,HMM-2 vs Jump λ=30,0.3479738330736938
"GARCH(1,1)-t (no regimes)",44,HMM-2 vs Jump λ=100,0.47276126917723627
"GARCH(1,1)-t (no regimes)",44,Jump λ=10 vs Jump λ=30,0.8938766773535999
"GARCH(1,1)-t (no regimes)",44,Jump λ=10 vs Jump λ=100,0.6808725060056753
"GARCH(1,1)-t (no regimes)",44,Jump λ=30 vs Jump λ=100,0.7607566193277824
"GARCH(1,1)-t (no regimes)",45,HMM-2 vs Jump λ=10,0.6956248441611752
"GARCH(1,1)-t (no regimes)",45,HMM-2 vs Jump λ=30,0.7427136425799612
"GARCH(1,1)-t (no regimes)",45,HMM-2 vs Jump λ=100,0.7279961404253528
"GARCH(1,1)-t (no regimes)",45,Jump λ=10 vs Jump λ=30,0.8668269433090593
"GARCH(1,1)-t (no regimes)",45,Jump λ=10 vs Jump λ=100,0.740924226108186
"GARCH(1,1)-t (no regimes)",45,Jump λ=30 vs Jump λ=100,0.8566981951220665
"GARCH(1,1)-t (no regimes)",46,HMM-2 vs Jump λ=10,0.14129289259686595
"GARCH(1,1)-t (no regimes)",46,HMM-2 vs Jump λ=30,0.21447880474220582
"GARCH(1,1)-t (no regimes)",46,HMM-2 vs Jump λ=100,0.4774270946289638
"GARCH(1,1)-t (no regimes)",46,Jump λ=10 vs Jump λ=30,0.8217968864272499
"GARCH(1,1)-t (no regimes)",46,Jump λ=10 vs Jump λ=100,0.3282347482883413
"GARCH(1,1)-t (no regimes)",46,Jump λ=30 vs Jump λ=100,0.4057817483916192
"GARCH(1,1)-t (no regimes)",47,HMM-2 vs Jump λ=10,0.1714726000548783
"GARCH(1,1)-t (no regimes)",47,HMM-2 vs Jump λ=30,0.267655919497955
"GARCH(1,1)-t (no regimes)",47,HMM-2 vs Jump λ=100,0.434835631605888
"GARCH(1,1)-t (no regimes)",47,Jump λ=10 vs Jump λ=30,0.7607362049146826
"GARCH(1,1)-t (no regimes)",47,Jump λ=10 vs Jump λ=100,0.44623794344193557
"GARCH(1,1)-t (no regimes)",47,Jump λ=30 vs Jump λ=100,0.6334050160791391
"GARCH(1,1)-t (no regimes)",48,HMM-2 vs Jump λ=10,0.45418212088630716
"GARCH(1,1)-t (no regimes)",48,HMM-2 vs Jump λ=30,0.5302047227184907
"GARCH(1,1)-t (no regimes)",48,HMM-2 vs Jump λ=100,0.5423442695441709
"GARCH(1,1)-t (no regimes)",48,Jump λ=10 vs Jump λ=30,0.7496293412391508
"GARCH(1,1)-t (no regimes)",48,Jump λ=10 vs Jump λ=100,0.5194224791113615
"GARCH(1,1)-t (no regimes)",48,Jump λ=30 vs Jump λ=100,0.7337308327985161
"GARCH(1,1)-t (no regimes)",49,HMM-2 vs Jump λ=10,0.21511958492432104
"GARCH(1,1)-t (no regimes)",49,HMM-2 vs Jump λ=30,0.25628072734365237
"GARCH(1,1)-t (no regimes)",49,HMM-2 vs Jump λ=100,0.5861127304647432
"GARCH(1,1)-t (no regimes)",49,Jump λ=10 vs Jump λ=30,0.8774549816768681
"GARCH(1,1)-t (no regimes)",49,Jump λ=10 vs Jump λ=100,0.3878488626654767
"GARCH(1,1)-t (no regimes)",49,Jump λ=30 vs Jump λ=100,0.42246591041735204
"GARCH(1,1)-t (no regimes)",50,HMM-2 vs Jump λ=10,0.17537229489516426
"GARCH(1,1)-t (no regimes)",50,HMM-2 vs Jump λ=30,0.2795168962609986
"GARCH(1,1)-t (no regimes)",50,HMM-2 vs Jump λ=100,0.5797717069713468
"GARCH(1,1)-t (no regimes)",50,Jump λ=10 vs Jump λ=30,0.7361113116048474
"GARCH(1,1)-t (no regimes)",50,Jump λ=10 vs Jump λ=100,0.269338322080951
"GARCH(1,1)-t (no regimes)",50,Jump λ=30 vs Jump λ=100,0.4176485524920316
"GARCH(1,1)-t (no regimes)",51,HMM-2 vs Jump λ=10,0.23321806467604156
"GARCH(1,1)-t (no regimes)",51,HMM-2 vs Jump λ=30,0.370987871523176
"GARCH(1,1)-t (no regimes)",51,HMM-2 vs Jump λ=100,0.5699533141221707
"GARCH(1,1)-t (no regimes)",51,Jump λ=10 vs Jump λ=30,0.7313816196584771
"GARCH(1,1)-t (no regimes)",51,Jump λ=10 vs Jump λ=100,0.3711343733841418
"GARCH(1,1)-t (no regimes)",51,Jump λ=30 vs Jump λ=100,0.5766649123631657
"GARCH(1,1)-t (no regimes)",52,HMM-2 vs Jump λ=10,0.2487191146562331
"GARCH(1,1)-t (no regimes)",52,HMM-2 vs Jump λ=30,0.3625551757259442
"GARCH(1,1)-t (no regimes)",52,HMM-2 vs Jump λ=100,0.4101394043629175
"GARCH(1,1)-t (no regimes)",52,Jump λ=10 vs Jump λ=30,0.772926276524821
"GARCH(1,1)-t (no regimes)",52,Jump λ=10 vs Jump λ=100,0.5909886018209469
"GARCH(1,1)-t (no regimes)",52,Jump λ=30 vs Jump λ=100,0.7972454203125219
"GARCH(1,1)-t (no regimes)",53,HMM-2 vs Jump λ=10,0.2240517439384795
"GARCH(1,1)-t (no regimes)",53,HMM-2 vs Jump λ=30,0.32800118885090535
"GARCH(1,1)-t (no regimes)",53,HMM-2 vs Jump λ=100,0.5706442485638852
"GARCH(1,1)-t (no regimes)",53,Jump λ=10 vs Jump λ=30,0.8071301946595146
"GARCH(1,1)-t (no regimes)",53,Jump λ=10 vs Jump λ=100,0.41984304298617925
"GARCH(1,1)-t (no regimes)",53,Jump λ=30 vs Jump λ=100,0.5407524891898524
"GARCH(1,1)-t (no regimes)",54,HMM-2 vs Jump λ=10,0.23012473162203428
"GARCH(1,1)-t (no regimes)",54,HMM-2 vs Jump λ=30,0.30893361192257285
"GARCH(1,1)-t (no regimes)",54,HMM-2 vs Jump λ=100,0.4661954653178152
"GARCH(1,1)-t (no regimes)",54,Jump λ=10 vs Jump λ=30,0.8079760668838065
"GARCH(1,1)-t (no regimes)",54,Jump λ=10 vs Jump λ=100,0.5559075194914928
"GARCH(1,1)-t (no regimes)",54,Jump λ=30 vs Jump λ=100,0.7134669392248322
"GARCH(1,1)-t (no regimes)",55,HMM-2 vs Jump λ=10,0.31277537964785074
"GARCH(1,1)-t (no regimes)",55,HMM-2 vs Jump λ=30,0.45263734789348065
"GARCH(1,1)-t (no regimes)",55,HMM-2 vs Jump λ=100,0.5327901009326548
"GARCH(1,1)-t (no regimes)",55,Jump λ=10 vs Jump λ=30,0.7332557677003657
"GARCH(1,1)-t (no regimes)",55,Jump λ=10 vs Jump λ=100,0.5405229964664178
"GARCH(1,1)-t (no regimes)",55,Jump λ=30 vs Jump λ=100,0.7459152164791389
"GARCH(1,1)-t (no regimes)",56,HMM-2 vs Jump λ=10,0.42697202659088485
"GARCH(1,1)-t (no regimes)",56,HMM-2 vs Jump λ=30,0.5463764935167545
"GARCH(1,1)-t (no regimes)",56,HMM-2 vs Jump λ=100,0.6156548254668424
"GARCH(1,1)-t (no regimes)",56,Jump λ=10 vs Jump λ=30,0.8260783113945406
"GARCH(1,1)-t (no regimes)",56,Jump λ=10 vs Jump λ=100,0.49395164836308336
"GARCH(1,1)-t (no regimes)",56,Jump λ=30 vs Jump λ=100,0.6370422717575579
"GARCH(1,1)-t (no regimes)",57,HMM-2 vs Jump λ=10,0.237674110894871
"GARCH(1,1)-t (no regimes)",57,HMM-2 vs Jump λ=30,0.3916640667683633
"GARCH(1,1)-t (no regimes)",57,HMM-2 vs Jump λ=100,0.5836872543857878
"GARCH(1,1)-t (no regimes)",57,Jump λ=10 vs Jump λ=30,0.7347702738992211
"GARCH(1,1)-t (no regimes)",57,Jump λ=10 vs Jump λ=100,0.42060783088145426
"GARCH(1,1)-t (no regimes)",57,Jump λ=30 vs Jump λ=100,0.6244297545895012
"GARCH(1,1)-t (no regimes)",58,HMM-2 vs Jump λ=10,0.258532667964546
"GARCH(1,1)-t (no regimes)",58,HMM-2 vs Jump λ=30,0.35206641523934834
"GARCH(1,1)-t (no regimes)",58,HMM-2 vs Jump λ=100,0.5222382236497527
"GARCH(1,1)-t (no regimes)",58,Jump λ=10 vs Jump λ=30,0.8082048113446042
"GARCH(1,1)-t (no regimes)",58,Jump λ=10 vs Jump λ=100,0.5115923118325186
"GARCH(1,1)-t (no regimes)",58,Jump λ=30 vs Jump λ=100,0.6411715911887286
"GARCH(1,1)-t (no regimes)",59,HMM-2 vs Jump λ=10,0.4446458563004506
"GARCH(1,1)-t (no regimes)",59,HMM-2 vs Jump λ=30,0.46523618850667237
"GARCH(1,1)-t (no regimes)",59,HMM-2 vs Jump λ=100,0.5597965047315285
"GARCH(1,1)-t (no regimes)",59,Jump λ=10 vs Jump λ=30,0.835987791568883
"GARCH(1,1)-t (no regimes)",59,Jump λ=10 vs Jump λ=100,0.641337560166582
"GARCH(1,1)-t (no regimes)",59,Jump λ=30 vs Jump λ=100,0.6741494747484819
"GARCH(1,1)-t (no regimes)",60,HMM-2 vs Jump λ=10,0.39360230210767444
"GARCH(1,1)-t (no regimes)",60,HMM-2 vs Jump λ=30,0.44171960174798397
"GARCH(1,1)-t (no regimes)",60,HMM-2 vs Jump λ=100,0.5758220501541794
"GARCH(1,1)-t (no regimes)",60,Jump λ=10 vs Jump λ=30,0.8735207922905539
"GARCH(1,1)-t (no regimes)",60,Jump λ=10 vs Jump λ=100,0.550212511662002
"GARCH(1,1)-t (no regimes)",60,Jump λ=30 vs Jump λ=100,0.6430568926000095
"GARCH(1,1)-t (no regimes)",61,HMM-2 vs Jump λ=10,0.5259263580008345
"GARCH(1,1)-t (no regimes)",61,HMM-2 vs Jump λ=30,0.596516992592366
"GARCH(1,1)-t (no regimes)",61,HMM-2 vs Jump λ=100,0.575830402028663
"GARCH(1,1)-t (no regimes)",61,Jump λ=10 vs Jump λ=30,0.8244942487745279
"GARCH(1,1)-t (no regimes)",61,Jump λ=10 vs Jump λ=100,0.7376975522624425
"GARCH(1,1)-t (no regimes)",61,Jump λ=30 vs Jump λ=100,0.7968271394686302
"GARCH(1,1)-t (no regimes)",62,HMM-2 vs Jump λ=10,0.16199629906399193
"GARCH(1,1)-t (no regimes)",62,HMM-2 vs Jump λ=30,0.20524205233417392
"GARCH(1,1)-t (no regimes)",62,HMM-2 vs Jump λ=100,0.36142134559966455
"GARCH(1,1)-t (no regimes)",62,Jump λ=10 vs Jump λ=30,0.8591497650983424
"GARCH(1,1)-t (no regimes)",62,Jump λ=10 vs Jump λ=100,0.5569500578574278
"GARCH(1,1)-t (no regimes)",62,Jump λ=30 vs Jump λ=100,0.6643557541820053
"GARCH(1,1)-t (no regimes)",63,HMM-2 vs Jump λ=10,0.5009045957204371
"GARCH(1,1)-t (no regimes)",63,HMM-2 vs Jump λ=30,0.6019130706962763
"GARCH(1,1)-t (no regimes)",63,HMM-2 vs Jump λ=100,0.6590928763896682
"GARCH(1,1)-t (no regimes)",63,Jump λ=10 vs Jump λ=30,0.7918021886259491
"GARCH(1,1)-t (no regimes)",63,Jump λ=10 vs Jump λ=100,0.5308954717244623
"GARCH(1,1)-t (no regimes)",63,Jump λ=30 vs Jump λ=100,0.6835880138505074
"GARCH(1,1)-t (no regimes)",64,HMM-2 vs Jump λ=10,0.3162524955153966
"GARCH(1,1)-t (no regimes)",64,HMM-2 vs Jump λ=30,0.41529788255949296
"GARCH(1,1)-t (no regimes)",64,HMM-2 vs Jump λ=100,0.4568135624791059
"GARCH(1,1)-t (no regimes)",64,Jump λ=10 vs Jump λ=30,0.7982712290498227
"GARCH(1,1)-t (no regimes)",64,Jump λ=10 vs Jump λ=100,0.5898500699782305
"GARCH(1,1)-t (no regimes)",64,Jump λ=30 vs Jump λ=100,0.7631715705825318
"GARCH(1,1)-t (no regimes)",65,HMM-2 vs Jump λ=10,0.2803436926448696
"GARCH(1,1)-t (no regimes)",65,HMM-2 vs Jump λ=30,0.4301042923915984
"GARCH(1,1)-t (no regimes)",65,HMM-2 vs Jump λ=100,0.5173433179377801
"GARCH(1,1)-t (no regimes)",65,Jump λ=10 vs Jump λ=30,0.7449801835922116
"GARCH(1,1)-t (no regimes)",65,Jump λ=10 vs Jump λ=100,0.5562689277395964
"GARCH(1,1)-t (no regimes)",65,Jump λ=30 vs Jump λ=100,0.7782894170452284
"GARCH(1,1)-t (no regimes)",66,HMM-2 vs Jump λ=10,0.29634276736024756
"GARCH(1,1)-t (no regimes)",66,HMM-2 vs Jump λ=30,0.4024842067596177
"GARCH(1,1)-t (no regimes)",66,HMM-2 vs Jump λ=100,0.5683915730307711
"GARCH(1,1)-t (no regimes)",66,Jump λ=10 vs Jump λ=30,0.7874774529866231
"GARCH(1,1)-t (no regimes)",66,Jump λ=10 vs Jump λ=100,0.5677349850667573
"GARCH(1,1)-t (no regimes)",66,Jump λ=30 vs Jump λ=100,0.7252701562577204
"GARCH(1,1)-t (no regimes)",67,HMM-2 vs Jump λ=10,0.3811099527388806
"GARCH(1,1)-t (no regimes)",67,HMM-2 vs Jump λ=30,0.45661896735901086
"GARCH(1,1)-t (no regimes)",67,HMM-2 vs Jump λ=100,0.5520873191396118
"GARCH(1,1)-t (no regimes)",67,Jump λ=10 vs Jump λ=30,0.810871669753408
"GARCH(1,1)-t (no regimes)",67,Jump λ=10 vs Jump λ=100,0.4641251917540279
"GARCH(1,1)-t (no regimes)",67,Jump λ=30 vs Jump λ=100,0.5962313241807742
"GARCH(1,1)-t (no regimes)",68,HMM-2 vs Jump λ=10,0.49990028801970776
"GARCH(1,1)-t (no regimes)",68,HMM-2 vs Jump λ=30,0.6240622506107233
"GARCH(1,1)-t (no regimes)",68,HMM-2 vs Jump λ=100,0.648979904089122
"GARCH(1,1)-t (no regimes)",68,Jump λ=10 vs Jump λ=30,0.8064791333374887
"GARCH(1,1)-t (no regimes)",68,Jump λ=10 vs Jump λ=100,0.6131933362552741
"GARCH(1,1)-t (no regimes)",68,Jump λ=30 vs Jump λ=100,0.7469654563686186
"GARCH(1,1)-t (no regimes)",69,HMM-2 vs Jump λ=10,0.33381857251340974
"GARCH(1,1)-t (no regimes)",69,HMM-2 vs Jump λ=30,0.45535596043363114
"GARCH(1,1)-t (no regimes)",69,HMM-2 vs Jump λ=100,0.6183455193970374
"GARCH(1,1)-t (no regimes)",69,Jump λ=10 vs Jump λ=30,0.8053451439265309
"GARCH(1,1)-t (no regimes)",69,Jump λ=10 vs Jump λ=100,0.545359224241066
"GARCH(1,1)-t (no regimes)",69,Jump λ=30 vs Jump λ=100,0.7051713828465895
"GARCH(1,1)-t (no regimes)",70,HMM-2 vs Jump λ=10,0.4653396818552332
"GARCH(1,1)-t (no regimes)",70,HMM-2 vs Jump λ=30,0.5316052686578701
"GARCH(1,1)-t (no regimes)",70,HMM-2 vs Jump λ=100,0.6402017864031211
"GARCH(1,1)-t (no regimes)",70,Jump λ=10 vs Jump λ=30,0.8916916221021358
"GARCH(1,1)-t (no regimes)",70,Jump λ=10 vs Jump λ=100,0.6095044668336409
"GARCH(1,1)-t (no regimes)",70,Jump λ=30 vs Jump λ=100,0.6975126670392475
"GARCH(1,1)-t (no regimes)",71,HMM-2 vs Jump λ=10,0.21799575760984558
"GARCH(1,1)-t (no regimes)",71,HMM-2 vs Jump λ=30,0.3155056952204953
"GARCH(1,1)-t (no regimes)",71,HMM-2 vs Jump λ=100,0.5267524136094434
"GARCH(1,1)-t (no regimes)",71,Jump λ=10 vs Jump λ=30,0.8273961047933804
"GARCH(1,1)-t (no regimes)",71,Jump λ=10 vs Jump λ=100,0.4763161633133065
"GARCH(1,1)-t (no regimes)",71,Jump λ=30 vs Jump λ=100,0.582011726942314
"GARCH(1,1)-t (no regimes)",72,HMM-2 vs Jump λ=10,0.3234690855482588
"GARCH(1,1)-t (no regimes)",72,HMM-2 vs Jump λ=30,0.3791995572029345
"GARCH(1,1)-t (no regimes)",72,HMM-2 vs Jump λ=100,0.5710167650557767
"GARCH(1,1)-t (no regimes)",72,Jump λ=10 vs Jump λ=30,0.8758886744242922
"GARCH(1,1)-t (no regimes)",72,Jump λ=10 vs Jump λ=100,0.4857337078618681
"GARCH(1,1)-t (no regimes)",72,Jump λ=30 vs Jump λ=100,0.559425423276215
"GARCH(1,1)-t (no regimes)",73,HMM-2 vs Jump λ=10,0.19616090874269865
"GARCH(1,1)-t (no regimes)",73,HMM-2 vs Jump λ=30,0.23473829887700937
"GARCH(1,1)-t (no regimes)",73,HMM-2 vs Jump λ=100,0.5103108946714555
"GARCH(1,1)-t (no regimes)",73,Jump λ=10 vs Jump λ=30,0.8499654414584
"GARCH(1,1)-t (no regimes)",73,Jump λ=10 vs Jump λ=100,0.4169350070423058
"GARCH(1,1)-t (no regimes)",73,Jump λ=30 vs Jump λ=100,0.46726929941043516
"GARCH(1,1)-t (no regimes)",74,HMM-2 vs Jump λ=10,0.2878036216409503
"GARCH(1,1)-t (no regimes)",74,HMM-2 vs Jump λ=30,0.3399900195739378
"GARCH(1,1)-t (no regimes)",74,HMM-2 vs Jump λ=100,0.5056211488503657
"GARCH(1,1)-t (no regimes)",74,Jump λ=10 vs Jump λ=30,0.8429499584449363
"GARCH(1,1)-t (no regimes)",74,Jump λ=10 vs Jump λ=100,0.6269326114291447
"GARCH(1,1)-t (no regimes)",74,Jump λ=30 vs Jump λ=100,0.728428077177598
"GARCH(1,1)-t (no regimes)",75,HMM-2 vs Jump λ=10,0.1338351642861051
"GARCH(1,1)-t (no regimes)",75,HMM-2 vs Jump λ=30,0.25190226648137093
"GARCH(1,1)-t (no regimes)",75,HMM-2 vs Jump λ=100,0.34178896365544253
"GARCH(1,1)-t (no regimes)",75,Jump λ=10 vs Jump λ=30,0.7222630869138966
"GARCH(1,1)-t (no regimes)",75,Jump λ=10 vs Jump λ=100,0.5053001809206961
"GARCH(1,1)-t (no regimes)",75,Jump λ=30 vs Jump λ=100,0.7310651596162536
"GARCH(1,1)-t (no regimes)",76,HMM-2 vs Jump λ=10,0.23131051280330517
"GARCH(1,1)-t (no regimes)",76,HMM-2 vs Jump λ=30,0.4721619045777157
"GARCH(1,1)-t (no regimes)",76,HMM-2 vs Jump λ=100,0.5863000919363336
"GARCH(1,1)-t (no regimes)",76,Jump λ=10 vs Jump λ=30,0.6410705661966508
"GARCH(1,1)-t (no regimes)",76,Jump λ=10 vs Jump λ=100,0.42197360463953204
"GARCH(1,1)-t (no regimes)",76,Jump λ=30 vs Jump λ=100,0.7428577925689499
"GARCH(1,1)-t (no regimes)",77,HMM-2 vs Jump λ=10,0.14710532087369033
"GARCH(1,1)-t (no regimes)",77,HMM-2 vs Jump λ=30,0.28161031229552513
"GARCH(1,1)-t (no regimes)",77,HMM-2 vs Jump λ=100,0.43735100925979453
"GARCH(1,1)-t (no regimes)",77,Jump λ=10 vs Jump λ=30,0.7421380669296576
"GARCH(1,1)-t (no regimes)",77,Jump λ=10 vs Jump λ=100,0.4847389907108889
"GARCH(1,1)-t (no regimes)",77,Jump λ=30 vs Jump λ=100,0.6688435125777623
"GARCH(1,1)-t (no regimes)",78,HMM-2 vs Jump λ=10,0.30738754949238434
"GARCH(1,1)-t (no regimes)",78,HMM-2 vs Jump λ=30,0.3763442836384874
"GARCH(1,1)-t (no regimes)",78,HMM-2 vs Jump λ=100,0.5758056482560809
"GARCH(1,1)-t (no regimes)",78,Jump λ=10 vs Jump λ=30,0.8295746453946408
"GARCH(1,1)-t (no regimes)",78,Jump λ=10 vs Jump λ=100,0.44510119959995376
"GARCH(1,1)-t (no regimes)",78,Jump λ=30 vs Jump λ=100,0.5577420081608131
"GARCH(1,1)-t (no regimes)",79,HMM-2 vs Jump λ=10,0.6330171291568119
"GARCH(1,1)-t (no regimes)",79,HMM-2 vs Jump λ=30,0.6539100901371152
"GARCH(1,1)-t (no regimes)",79,HMM-2 vs Jump λ=100,0.6465375023810376
"GARCH(1,1)-t (no regimes)",79,Jump λ=10 vs Jump λ=30,0.9166172255787031
"GARCH(1,1)-t (no regimes)",79,Jump λ=10 vs Jump λ=100,0.7930416518935381
"GARCH(1,1)-t (no regimes)",79,Jump λ=30 vs Jump λ=100,0.8664326862978993
"GARCH(1,1)-t (no regimes)",80,HMM-2 vs Jump λ=10,0.2580731867844692
"GARCH(1,1)-t (no regimes)",80,HMM-2 vs Jump λ=30,0.3869505545076437
"GARCH(1,1)-t (no regimes)",80,HMM-2 vs Jump λ=100,0.430373052497378
"GARCH(1,1)-t (no regimes)",80,Jump λ=10 vs Jump λ=30,0.7817429106395933
"GARCH(1,1)-t (no regimes)",80,Jump λ=10 vs Jump λ=100,0.5244761504252039
"GARCH(1,1)-t (no regimes)",80,Jump λ=30 vs Jump λ=100,0.6657617618833842
"GARCH(1,1)-t (no regimes)",81,HMM-2 vs Jump λ=10,0.5424799870044639
"GARCH(1,1)-t (no regimes)",81,HMM-2 vs Jump λ=30,0.5787011048891688
"GARCH(1,1)-t (no regimes)",81,HMM-2 vs Jump λ=100,0.532977206592371
"GARCH(1,1)-t (no regimes)",81,Jump λ=10 vs Jump λ=30,0.8065369117858685
"GARCH(1,1)-t (no regimes)",81,Jump λ=10 vs Jump λ=100,0.5672176198765655
"GARCH(1,1)-t (no regimes)",81,Jump λ=30 vs Jump λ=100,0.7327096601298
"GARCH(1,1)-t (no regimes)",82,HMM-2 vs Jump λ=10,0.26285267749714314
"GARCH(1,1)-t (no regimes)",82,HMM-2 vs Jump λ=30,0.33210550328507804
"GARCH(1,1)-t (no regimes)",82,HMM-2 vs Jump λ=100,0.5681815933491869
"GARCH(1,1)-t (no regimes)",82,Jump λ=10 vs Jump λ=30,0.8332757726154485
"GARCH(1,1)-t (no regimes)",82,Jump λ=10 vs Jump λ=100,0.48107697806903826
"GARCH(1,1)-t (no regimes)",82,Jump λ=30 vs Jump λ=100,0.6047452131975872
"GARCH(1,1)-t (no regimes)",83,HMM-2 vs Jump λ=10,0.17277707312949586
"GARCH(1,1)-t (no regimes)",83,HMM-2 vs Jump λ=30,0.2873923139702943
"GARCH(1,1)-t (no regimes)",83,HMM-2 vs Jump λ=100,0.4029056687775925
"GARCH(1,1)-t (no regimes)",83,Jump λ=10 vs Jump λ=30,0.7746697994394025
"GARCH(1,1)-t (no regimes)",83,Jump λ=10 vs Jump λ=100,0.5164325228686216
"GARCH(1,1)-t (no regimes)",83,Jump λ=30 vs Jump λ=100,0.7103197105630586
"GARCH(1,1)-t (no regimes)",84,HMM-2 vs Jump λ=10,0.15110717187028877
"GARCH(1,1)-t (no regimes)",84,HMM-2 vs Jump λ=30,0.3602543501003014
"GARCH(1,1)-t (no regimes)",84,HMM-2 vs Jump λ=100,0.4679968295642849
"GARCH(1,1)-t (no regimes)",84,Jump λ=10 vs Jump λ=30,0.5936708069297325
"GARCH(1,1)-t (no regimes)",84,Jump λ=10 vs Jump λ=100,0.2830087010522129
"GARCH(1,1)-t (no regimes)",84,Jump λ=30 vs Jump λ=100,0.5569632334240444
"GARCH(1,1)-t (no regimes)",85,HMM-2 vs Jump λ=10,0.4689137478787059
"GARCH(1,1)-t (no regimes)",85,HMM-2 vs Jump λ=30,0.5903058934518506
"GARCH(1,1)-t (no regimes)",85,HMM-2 vs Jump λ=100,0.6243191593730032
"GARCH(1,1)-t (no regimes)",85,Jump λ=10 vs Jump λ=30,0.7210566710044106
"GARCH(1,1)-t (no regimes)",85,Jump λ=10 vs Jump λ=100,0.4203349869334094
"GARCH(1,1)-t (no regimes)",85,Jump λ=30 vs Jump λ=100,0.6403044238781515
"GARCH(1,1)-t (no regimes)",86,HMM-2 vs Jump λ=10,0.09629113954379809
"GARCH(1,1)-t (no regimes)",86,HMM-2 vs Jump λ=30,0.12326173037636778
"GARCH(1,1)-t (no regimes)",86,HMM-2 vs Jump λ=100,0.47443870671928745
"GARCH(1,1)-t (no regimes)",86,Jump λ=10 vs Jump λ=30,0.8522716243981512
"GARCH(1,1)-t (no regimes)",86,Jump λ=10 vs Jump λ=100,0.33589843635207195
"GARCH(1,1)-t (no regimes)",86,Jump λ=30 vs Jump λ=100,0.3989635702764185
"GARCH(1,1)-t (no regimes)",87,HMM-2 vs Jump λ=10,0.5142483372451567
"GARCH(1,1)-t (no regimes)",87,HMM-2 vs Jump λ=30,0.685708643884076
"GARCH(1,1)-t (no regimes)",87,HMM-2 vs Jump λ=100,0.6582356000910463
"GARCH(1,1)-t (no regimes)",87,Jump λ=10 vs Jump λ=30,0.6919195880253635
"GARCH(1,1)-t (no regimes)",87,Jump λ=10 vs Jump λ=100,0.5740672943861413
"GARCH(1,1)-t (no regimes)",87,Jump λ=30 vs Jump λ=100,0.8448956358660378
"GARCH(1,1)-t (no regimes)",88,HMM-2 vs Jump λ=10,0.5224180589650922
"GARCH(1,1)-t (no regimes)",88,HMM-2 vs Jump λ=30,0.5779260869336107
"GARCH(1,1)-t (no regimes)",88,HMM-2 vs Jump λ=100,0.6009400449986015
"GARCH(1,1)-t (no regimes)",88,Jump λ=10 vs Jump λ=30,0.7915075931667368
"GARCH(1,1)-t (no regimes)",88,Jump λ=10 vs Jump λ=100,0.664819545778507
"GARCH(1,1)-t (no regimes)",88,Jump λ=30 vs Jump λ=100,0.8065515897169013
"GARCH(1,1)-t (no regimes)",89,HMM-2 vs Jump λ=10,0.3166733017263218
"GARCH(1,1)-t (no regimes)",89,HMM-2 vs Jump λ=30,0.4650063710107456
"GARCH(1,1)-t (no regimes)",89,HMM-2 vs Jump λ=100,0.5522925340867069
"GARCH(1,1)-t (no regimes)",89,Jump λ=10 vs Jump λ=30,0.7622112095233906
"GARCH(1,1)-t (no regimes)",89,Jump λ=10 vs Jump λ=100,0.5790784070519381
"GARCH(1,1)-t (no regimes)",89,Jump λ=30 vs Jump λ=100,0.7656639955739704
"GARCH(1,1)-t (no regimes)",90,HMM-2 vs Jump λ=10,0.288497403882356
"GARCH(1,1)-t (no regimes)",90,HMM-2 vs Jump λ=30,0.3406774634132036
"GARCH(1,1)-t (no regimes)",90,HMM-2 vs Jump λ=100,0.5378768585498992
"GARCH(1,1)-t (no regimes)",90,Jump λ=10 vs Jump λ=30,0.8429040461218125
"GARCH(1,1)-t (no regimes)",90,Jump λ=10 vs Jump λ=100,0.4951616340840468
"GARCH(1,1)-t (no regimes)",90,Jump λ=30 vs Jump λ=100,0.5987517474174885
"GARCH(1,1)-t (no regimes)",91,HMM-2 vs Jump λ=10,0.60287178091845
"GARCH(1,1)-t (no regimes)",91,HMM-2 vs Jump λ=30,0.6634960186055511
"GARCH(1,1)-t (no regimes)",91,HMM-2 vs Jump λ=100,0.6814343692682561
"GARCH(1,1)-t (no regimes)",91,Jump λ=10 vs Jump λ=30,0.8765065734971818
"GARCH(1,1)-t (no regimes)",91,Jump λ=10 vs Jump λ=100,0.7726411262830298
"GARCH(1,1)-t (no regimes)",91,Jump λ=30 vs Jump λ=100,0.895016252714015
"GARCH(1,1)-t (no regimes)",92,HMM-2 vs Jump λ=10,0.1960942856359299
"GARCH(1,1)-t (no regimes)",92,HMM-2 vs Jump λ=30,0.39332399286604225
"GARCH(1,1)-t (no regimes)",92,HMM-2 vs Jump λ=100,0.5765517526921482
"GARCH(1,1)-t (no regimes)",92,Jump λ=10 vs Jump λ=30,0.6615268220951747
"GARCH(1,1)-t (no regimes)",92,Jump λ=10 vs Jump λ=100,0.3764419040284692
"GARCH(1,1)-t (no regimes)",92,Jump λ=30 vs Jump λ=100,0.6437708719195692
"GARCH(1,1)-t (no regimes)",93,HMM-2 vs Jump λ=10,0.5940838533809625
"GARCH(1,1)-t (no regimes)",93,HMM-2 vs Jump λ=30,0.6869008466536325
"GARCH(1,1)-t (no regimes)",93,HMM-2 vs Jump λ=100,0.6589845295590325
"GARCH(1,1)-t (no regimes)",93,Jump λ=10 vs Jump λ=30,0.7361733395681107
"GARCH(1,1)-t (no regimes)",93,Jump λ=10 vs Jump λ=100,0.5286700639599644
"GARCH(1,1)-t (no regimes)",93,Jump λ=30 vs Jump λ=100,0.7317073515129124
"GARCH(1,1)-t (no regimes)",94,HMM-2 vs Jump λ=10,0.3035563168215031
"GARCH(1,1)-t (no regimes)",94,HMM-2 vs Jump λ=30,0.3564140125493117
"GARCH(1,1)-t (no regimes)",94,HMM-2 vs Jump λ=100,0.43853926737255444
"GARCH(1,1)-t (no regimes)",94,Jump λ=10 vs Jump λ=30,0.8845039100656278
"GARCH(1,1)-t (no regimes)",94,Jump λ=10 vs Jump λ=100,0.6905342499819029
"GARCH(1,1)-t (no regimes)",94,Jump λ=30 vs Jump λ=100,0.7902897805848598
"GARCH(1,1)-t (no regimes)",95,HMM-2 vs Jump λ=10,0.15506998743185552
"GARCH(1,1)-t (no regimes)",95,HMM-2 vs Jump λ=30,0.2454766428155809
"GARCH(1,1)-t (no regimes)",95,HMM-2 vs Jump λ=100,0.4072952289398982
"GARCH(1,1)-t (no regimes)",95,Jump λ=10 vs Jump λ=30,0.7951176030178989
"GARCH(1,1)-t (no regimes)",95,Jump λ=10 vs Jump λ=100,0.48612376517103595
"GARCH(1,1)-t (no regimes)",95,Jump λ=30 vs Jump λ=100,0.6336109794433162
"GARCH(1,1)-t (no regimes)",96,HMM-2 vs Jump λ=10,0.3513899080651187
"GARCH(1,1)-t (no regimes)",96,HMM-2 vs Jump λ=30,0.41281780326332085
"GARCH(1,1)-t (no regimes)",96,HMM-2 vs Jump λ=100,0.5814720239893603
"GARCH(1,1)-t (no regimes)",96,Jump λ=10 vs Jump λ=30,0.8561354957855021
"GARCH(1,1)-t (no regimes)",96,Jump λ=10 vs Jump λ=100,0.5753038536941072
"GARCH(1,1)-t (no regimes)",96,Jump λ=30 vs Jump λ=100,0.6823800611112529
"GARCH(1,1)-t (no regimes)",97,HMM-2 vs Jump λ=10,0.2562800125044591
"GARCH(1,1)-t (no regimes)",97,HMM-2 vs Jump λ=30,0.3072215775713445
"GARCH(1,1)-t (no regimes)",97,HMM-2 vs Jump λ=100,0.457228966596237
"GARCH(1,1)-t (no regimes)",97,Jump λ=10 vs Jump λ=30,0.830521419824106
"GARCH(1,1)-t (no regimes)",97,Jump λ=10 vs Jump λ=100,0.5847688119674934
"GARCH(1,1)-t (no regimes)",97,Jump λ=30 vs Jump λ=100,0.6401646185224849
"GARCH(1,1)-t (no regimes)",98,HMM-2 vs Jump λ=10,0.4257724014948112
"GARCH(1,1)-t (no regimes)",98,HMM-2 vs Jump λ=30,0.4654653775511213
"GARCH(1,1)-t (no regimes)",98,HMM-2 vs Jump λ=100,0.5171004770658338
"GARCH(1,1)-t (no regimes)",98,Jump λ=10 vs Jump λ=30,0.8842498112945276
"GARCH(1,1)-t (no regimes)",98,Jump λ=10 vs Jump λ=100,0.7037394508826462
"GARCH(1,1)-t (no regimes)",98,Jump λ=30 vs Jump λ=100,0.8079711528507331
"GARCH(1,1)-t (no regimes)",99,HMM-2 vs Jump λ=10,0.542093949401233
"GARCH(1,1)-t (no regimes)",99,HMM-2 vs Jump λ=30,0.5321283791826366
"GARCH(1,1)-t (no regimes)",99,HMM-2 vs Jump λ=100,0.6033726648675165
"GARCH(1,1)-t (no regimes)",99,Jump λ=10 vs Jump λ=30,0.9037068746767598
"GARCH(1,1)-t (no regimes)",99,Jump λ=10 vs Jump λ=100,0.5389960235965114
"GARCH(1,1)-t (no regimes)",99,Jump λ=30 vs Jump λ=100,0.5204253022200822
